tournament,source,team,team_slug,player_id,squad_number,position,first_name,last_name,full_name,shirt_name,birth_date,club,height_cm,head_coach,is_final_26,is_official_fifa,observation_only,betting_recommendation,affects_v4
FIFA World Cup 2026,FIFA official final 26 squad docx,Algeria,algeria,wc2026_algeria_01_mastil_melvin,1,GK,Melvin Feycal,MASTIL,MASTIL Melvin,MASTIL,2000-02-19,FC Stade Nyonnais (SUI),194,PETKOVIC Vladimir,True,True,True,False,False
FIFA World Cup 2026,FIFA official final 26 squad docx,Algeria,algeria,wc2026_algeria_02_mandi_aissa,2,DF,Aissa,MANDI,MANDI Aissa,MANDI,1991-10-22,Lille OSC (FRA),184,PETKOVIC Vladimir,True,True,True,False,False
FIFA World Cup 2026,FIFA official final 26 squad docx,Algeria,algeria,wc2026_algeria_03_abada_achraf,3,DF,Achraf,ABADA,ABADA Achraf,ABADA,1999-06-15,USM Alger (ALG),185,PETKOVIC Vladimir,True,True,True,False,False
FIFA World Cup 2026,FIFA official final 26 squad docx,Algeria,algeria,wc2026_algeria_04_tougai_mohamed_amine,4,DF,Mohamed Amine,TOUGAI,TOUGAI Mohamed Amine,TOUGAI,2000-01-22,Espérance De Tunisie (TUN),186,PETKOVIC Vladimir,True,True,True,False,False
FIFA World Cup 2026,FIFA official final 26 squad docx,Algeria,algeria,wc2026_algeria_05_belaid_zineddine,5,DF,Zineddine,BELAÏD,BELAID Zineddine,BELAID,1999-03-20,JS Kabylie (ALG),186,PETKOVIC Vladimir,True,True,True,False,False
FIFA World Cup 2026,FIFA official final 26 squad docx,Algeria,algeria,wc2026_algeria_06_zerrouki_ramiz,6,MF,Ramiz Larbi,ZERROUKI,ZERROUKI Ramiz,ZERROUKI,1998-05-26,FC Twente (NED),183,PETKOVIC Vladimir,True,True,True,False,False
FIFA World Cup 2026,FIFA official final 26 squad docx,Algeria,algeria,wc2026_algeria_07_mahrez_riyad,7,FW,Riyad Karim,MAHREZ,MAHREZ Riyad,MAHREZ,1991-02-21,Al Ahli FC (KSA),179,PETKOVIC Vladimir,True,True,True,False,False
FIFA World Cup 2026,FIFA official final 26 squad docx,Algeria,algeria,wc2026_algeria_08_aouar_houssem,8,MF,Houssem-Eddine Chaabane,AOUAR,AOUAR Houssem,AOUAR,1998-06-30,Al Ittihad (KSA),175,PETKOVIC Vladimir,True,True,True,False,False
FIFA World Cup 2026,FIFA official final 26 squad docx,Algeria,algeria,wc2026_algeria_09_gouiri_amine,9,FW,Amine Ferid,GHOUIRI,GOUIRI Amine,GOUIRI,2000-02-16,Olympique Marseille (FRA),180,PETKOVIC Vladimir,True,True,True,False,False
FIFA World Cup 2026,FIFA official final 26 squad docx,Algeria,algeria,wc2026_algeria_10_chaibi_fares,10,MF,Fares,CHAIBI,CHAIBI Fares,CHAIBI,2002-11-28,Eintracht Frankfurt (GER),183,PETKOVIC Vladimir,True,True,True,False,False
FIFA World Cup 2026,FIFA official final 26 squad docx,Algeria,algeria,wc2026_algeria_11_hadj_moussa_anis,11,FW,Anis,HADJ MOUSSA,HADJ MOUSSA Anis,HADJ MOUSSA,2002-02-11,Feyenoord Rotterdam (NED),176,PETKOVIC Vladimir,True,True,True,False,False
FIFA World Cup 2026,FIFA official final 26 squad docx,Algeria,algeria,wc2026_algeria_12_benbouali_nadhir,12,FW,Ahmed Nadhir,BENBOUALI,BENBOUALI Nadhir,BENBOUALI,2000-04-17,Györi ETO FC (HUN),190,PETKOVIC Vladimir,True,True,True,False,False
FIFA World Cup 2026,FIFA official final 26 squad docx,Algeria,algeria,wc2026_algeria_13_hadjam_jaouen,13,DF,Jaouen Djimmy,HADJAM,HADJAM Jaouen,HADJAM,2003-03-26,BSC Young Boys (SUI),185,PETKOVIC Vladimir,True,True,True,False,False
FIFA World Cup 2026,FIFA official final 26 squad docx,Algeria,algeria,wc2026_algeria_14_boudaoui_hicham,14,MF,Hicham,BOUDAOUI,BOUDAOUI Hicham,BOUDAOUI,1999-09-23,OGC Nice (FRA),175,PETKOVIC Vladimir,True,True,True,False,False
FIFA World Cup 2026,FIFA official final 26 squad docx,Algeria,algeria,wc2026_algeria_15_ait_nouri_rayan,15,DF,Rayan,AÏT-NOURI,AIT-NOURI Rayan,AÏT NOURI,2001-06-06,Manchester City FC (ENG),180,PETKOVIC Vladimir,True,True,True,False,False
FIFA World Cup 2026,FIFA official final 26 squad docx,Algeria,algeria,wc2026_algeria_16_benbot_oussama,16,GK,Oussama,BENBOT,BENBOT Oussama,BENBOT,1994-10-11,USM Alger (ALG),188,PETKOVIC Vladimir,True,True,True,False,False
FIFA World Cup 2026,FIFA official final 26 squad docx,Algeria,algeria,wc2026_algeria_17_belghali_ra_k,17,DF,Ra k,BELGHALI,BELGHALI Ra k,BELGHALI,2002-06-07,Hellas Verona FC (ITA),180,PETKOVIC Vladimir,True,True,True,False,False
FIFA World Cup 2026,FIFA official final 26 squad docx,Algeria,algeria,wc2026_algeria_18_amoura_mohamed,18,FW,Mohammed Elamine,AMOURA,AMOURA Mohamed,AMOURA,2000-05-09,VfL Wolfsburg (GER),170,PETKOVIC Vladimir,True,True,True,False,False
FIFA World Cup 2026,FIFA official final 26 squad docx,Algeria,algeria,wc2026_algeria_19_bentaleb_nabil,19,MF,Nabil,BENTALEB,BENTALEB Nabil,BENTALEB,1994-11-24,Lille OSC (FRA),189,PETKOVIC Vladimir,True,True,True,False,False
FIFA World Cup 2026,FIFA official final 26 squad docx,Algeria,algeria,wc2026_algeria_20_boulbina_adil,20,FW,Adil,BOULBINA,BOULBINA Adil,BOULBINA,2003-05-02,Al Duhail SC (QAT),183,PETKOVIC Vladimir,True,True,True,False,False
FIFA World Cup 2026,FIFA official final 26 squad docx,Algeria,algeria,wc2026_algeria_21_bensebaini_ramy,21,DF,Amir Selmane Rami,BENSEBAINI,BENSEBAINI Ramy,BENSEBAINI,1995-04-16,Borussia Dortmund (GER),187,PETKOVIC Vladimir,True,True,True,False,False
FIFA World Cup 2026,FIFA official final 26 squad docx,Algeria,algeria,wc2026_algeria_22_maza_ibrahim,22,MF,Ibrahim,MAZA,MAZA Ibrahim,MAZA,2005-11-24,Bayer Leverkusen (GER),180,PETKOVIC Vladimir,True,True,True,False,False
FIFA World Cup 2026,FIFA official final 26 squad docx,Algeria,algeria,wc2026_algeria_23_zidane_luca,23,GK,Luca Zinedine,ZIDANE,ZIDANE Luca,ZIDANE,1998-05-13,Granada CF (ESP),183,PETKOVIC Vladimir,True,True,True,False,False
FIFA World Cup 2026,FIFA official final 26 squad docx,Algeria,algeria,wc2026_algeria_24_titraoui_yassine,24,MF,Yassine M E G,TITRAOUI,TITRAOUI Yassine,TITRAOUI,2003-08-26,Sporting Charleroi (BEL),180,PETKOVIC Vladimir,True,True,True,False,False
FIFA World Cup 2026,FIFA official final 26 squad docx,Algeria,algeria,wc2026_algeria_25_ghedjemis_fares,25,FW,Fares,GHEDJEMIS,GHEDJEMIS Fares,GHEDJEMIS,2002-09-06,Frosinone (ITA),183,PETKOVIC Vladimir,True,True,True,False,False
FIFA World Cup 2026,FIFA official final 26 squad docx,Algeria,algeria,wc2026_algeria_26_chergui_samir,26,DF,Samir Sophian,CHERGUI,CHERGUI Samir,CHRGUI,1999-02-06,Paris FC (FRA),185,PETKOVIC Vladimir,True,True,True,False,False
FIFA World Cup 2026,FIFA official final 26 squad docx,Argentina,argentina,wc2026_argentina_01_musso_juan,1,GK,Juan Agustín,MUSSO,MUSSO Juan,MUSSO,1994-05-06,Atlético De Madrid (ESP),193,SCALONI Lionel,True,True,True,False,False
FIFA World Cup 2026,FIFA official final 26 squad docx,Argentina,argentina,wc2026_argentina_02_balerdi_leonardo,2,DF,Leonardo Julián,BALERDI ROSA,BALERDI Leonardo,BALERDI,1999-01-26,Olympique Marseille (FRA),188,SCALONI Lionel,True,True,True,False,False
FIFA World Cup 2026,FIFA official final 26 squad docx,Argentina,argentina,wc2026_argentina_03_tagliafico_nicolas,3,DF,Nicolás Alejandro,TAGLIAFICO,TAGLIAFICO Nicolas,TAGLIAFICO,1992-08-31,Olympique Lyonnais (FRA),172,SCALONI Lionel,True,True,True,False,False
FIFA World Cup 2026,FIFA official final 26 squad docx,Argentina,argentina,wc2026_argentina_04_montiel_gonzalo,4,DF,Gonzalo Ariel,MONTIEL,MONTIEL Gonzalo,MONTIEL,1997-01-01,CA River Plate (ARG),175,SCALONI Lionel,True,True,True,False,False
FIFA World Cup 2026,FIFA official final 26 squad docx,Argentina,argentina,wc2026_argentina_05_paredes_leandro,5,MF,Leandro Daniel,PAREDES,PAREDES Leandro,PAREDES,1994-06-29,CA Boca Juniors (ARG),182,SCALONI Lionel,True,True,True,False,False
FIFA World Cup 2026,FIFA official final 26 squad docx,Argentina,argentina,wc2026_argentina_06_martinez_lisandro,6,DF,Lisandro,MARTÍNEZ,MARTINEZ Lisandro,MARTÍNEZ,1998-01-18,Manchester United FC (ENG),175,SCALONI Lionel,True,True,True,False,False
FIFA World Cup 2026,FIFA official final 26 squad docx,Argentina,argentina,wc2026_argentina_07_de_paul_rodrigo,7,MF,Rodrigo Javier,DE PAUL,DE PAUL Rodrigo,DE PAUL,1994-05-24,Inter Miami CF (USA),178,SCALONI Lionel,True,True,True,False,False
FIFA World Cup 2026,FIFA official final 26 squad docx,Argentina,argentina,wc2026_argentina_08_barco_valentin,8,MF,Valentin,BARCO,BARCO Valentin,BARCO,2004-07-23,RC Strasbourg (FRA),172,SCALONI Lionel,True,True,True,False,False
FIFA World Cup 2026,FIFA official final 26 squad docx,Argentina,argentina,wc2026_argentina_09_alvarez_julian,9,FW,Julián,ÁLVAREZ,ALVAREZ Julian,J. ALVAREZ,2000-01-31,Atlético De Madrid (ESP),170,SCALONI Lionel,True,True,True,False,False
FIFA World Cup 2026,FIFA official final 26 squad docx,Argentina,argentina,wc2026_argentina_10_messi_lionel,10,FW,Lionel Andrés,MESSI,MESSI Lionel,MESSI,1987-06-24,Inter Miami CF (USA),170,SCALONI Lionel,True,True,True,False,False
FIFA World Cup 2026,FIFA official final 26 squad docx,Argentina,argentina,wc2026_argentina_11_lo_celso_giovani,11,MF,Giovani,LO CELSO,LO CELSO Giovani,LO CELSO,1996-04-09,Real Betis (ESP),177,SCALONI Lionel,True,True,True,False,False
FIFA World Cup 2026,FIFA official final 26 squad docx,Argentina,argentina,wc2026_argentina_12_rulli_geronimo,12,GK,Geronimo,RULLI,RULLI Geronimo,RULLI,1992-05-20,Olympique Marseille (FRA),189,SCALONI Lionel,True,True,True,False,False
FIFA World Cup 2026,FIFA official final 26 squad docx,Argentina,argentina,wc2026_argentina_13_romero_cristian,13,DF,Cristian Gabriel,ROMERO,ROMERO Cristian,ROMERO,1998-04-27,Tottenham Hotspur FC (ENG),185,SCALONI Lionel,True,True,True,False,False
FIFA World Cup 2026,FIFA official final 26 squad docx,Argentina,argentina,wc2026_argentina_14_palacios_exequiel,14,MF,Exequiel Alejandro,PALACIOS,PALACIOS Exequiel,PALACIOS,1998-10-05,Bayer Leverkusen (GER),177,SCALONI Lionel,True,True,True,False,False
FIFA World Cup 2026,FIFA official final 26 squad docx,Argentina,argentina,wc2026_argentina_15_gonzalez_nico,15,MF,Nicolas Ivan,GONZALEZ,GONZALEZ Nico,N. GONZALEZ,1998-04-06,Atlético De Madrid (ESP),180,SCALONI Lionel,True,True,True,False,False
FIFA World Cup 2026,FIFA official final 26 squad docx,Argentina,argentina,wc2026_argentina_16_almada_thiago,16,FW,Thiago Ezequiel,ALMADA,ALMADA Thiago,ALMADA,2001-04-26,Atlético De Madrid (ESP),171,SCALONI Lionel,True,True,True,False,False
FIFA World Cup 2026,FIFA official final 26 squad docx,Argentina,argentina,wc2026_argentina_17_simeone_giuliano,17,FW,Giuliano,SIMEONE,SIMEONE Giuliano,SIMEONE,2002-12-18,Atlético De Madrid (ESP),174,SCALONI Lionel,True,True,True,False,False
FIFA World Cup 2026,FIFA official final 26 squad docx,Argentina,argentina,wc2026_argentina_18_paz_nico,18,FW,Nicolas,PAZ MARTÍNEZ,PAZ Nico,NICO PAZ,2004-09-08,Como (ITA),185,SCALONI Lionel,True,True,True,False,False
FIFA World Cup 2026,FIFA official final 26 squad docx,Argentina,argentina,wc2026_argentina_19_otamendi_nicolas,19,DF,Nicolas Hernan Gonzalo,OTAMENDI,OTAMENDI Nicolas,OTAMENDI,1988-02-12,SL Ben ca (POR),182,SCALONI Lionel,True,True,True,False,False
FIFA World Cup 2026,FIFA official final 26 squad docx,Argentina,argentina,wc2026_argentina_20_mac_allister_alexis,20,MF,Alexis,MAC ALLISTER,MAC ALLISTER Alexis,MAC ALLISTER,1998-12-24,Liverpool FC (ENG),176,SCALONI Lionel,True,True,True,False,False
FIFA World Cup 2026,FIFA official final 26 squad docx,Argentina,argentina,wc2026_argentina_21_lopez_jose_manuel,21,FW,Jose Manuel Alberto,LOPEZ,LOPEZ Jose Manuel,LOPEZ,2000-12-06,SE Palmeiras (BRA),190,SCALONI Lionel,True,True,True,False,False
FIFA World Cup 2026,FIFA official final 26 squad docx,Argentina,argentina,wc2026_argentina_22_martinez_lautaro,22,FW,Lautaro Javier,MARTÍNEZ,MARTINEZ Lautaro,L. MARTINEZ,1997-08-22,FC Internazionale Milano (ITA),175,SCALONI Lionel,True,True,True,False,False
FIFA World Cup 2026,FIFA official final 26 squad docx,Argentina,argentina,wc2026_argentina_23_martinez_emiliano,23,GK,Damián Emiliano,MARTÍNEZ,MARTINEZ Emiliano,E. MARTINEZ,1992-09-02,Aston Villa FC (ENG),195,SCALONI Lionel,True,True,True,False,False
FIFA World Cup 2026,FIFA official final 26 squad docx,Argentina,argentina,wc2026_argentina_24_fernandez_enzo,24,MF,Enzo Jeremías,FERNÁNDEZ,FERNANDEZ Enzo,E. FERNANDEZ,2001-01-17,Chelsea FC (ENG),178,SCALONI Lionel,True,True,True,False,False
FIFA World Cup 2026,FIFA official final 26 squad docx,Argentina,argentina,wc2026_argentina_25_medina_facundo,25,DF,Facundo Axel,MEDINA,MEDINA Facundo,MEDINA,1999-05-28,Olympique Marseille (FRA),184,SCALONI Lionel,True,True,True,False,False
FIFA World Cup 2026,FIFA official final 26 squad docx,Argentina,argentina,wc2026_argentina_26_molina_nahuel,26,DF,Nahuel,MOLINA LUCERO,MOLINA Nahuel,MOLINA,1998-04-06,Atlético De Madrid (ESP),179,SCALONI Lionel,True,True,True,False,False
FIFA World Cup 2026,FIFA official final 26 squad docx,Australia,australia,wc2026_australia_01_ryan_mathew,1,GK,Mathew David,RYAN,RYAN Mathew,RYAN,1992-04-08,Levante UD (ESP),184,POPOVIC Tony,True,True,True,False,False
FIFA World Cup 2026,FIFA official final 26 squad docx,Australia,australia,wc2026_australia_02_degenek_milos,2,DF,Milos,DEGENEK,DEGENEK Milos,DEGENEK,1994-04-28,APOEL FC (CYP),187,POPOVIC Tony,True,True,True,False,False
FIFA World Cup 2026,FIFA official final 26 squad docx,Australia,australia,wc2026_australia_03_circati_alessandro,3,DF,Alessandro,CIRCATI,CIRCATI Alessandro,CIRCATI,2003-10-10,Parma (ITA),191,POPOVIC Tony,True,True,True,False,False
FIFA World Cup 2026,FIFA official final 26 squad docx,Australia,australia,wc2026_australia_04_italiano_jacob,4,DF,Jacob Michael,ITALIANO,ITALIANO Jacob,ITALIANO,2001-07-30,Grazer AK (AUT),177,POPOVIC Tony,True,True,True,False,False
FIFA World Cup 2026,FIFA official final 26 squad docx,Australia,australia,wc2026_australia_05_bos_jordan,5,DF,Jordan Jacob,BOS,BOS Jordan,BOS,2002-10-29,Feyenoord Rotterdam (NED),180,POPOVIC Tony,True,True,True,False,False
FIFA World Cup 2026,FIFA official final 26 squad docx,Australia,australia,wc2026_australia_06_geria_jason,6,DF,Jason Kato,GERIA,GERIA Jason,GERIA,1993-05-10,Albirex Niigata (JPN),181,POPOVIC Tony,True,True,True,False,False
FIFA World Cup 2026,FIFA official final 26 squad docx,Australia,australia,wc2026_australia_07_leckie_mathew,7,FW,Mathew Allan,LECKIE,LECKIE Mathew,LECKIE,1991-02-04,Melbourne City FC (AUS),181,POPOVIC Tony,True,True,True,False,False
FIFA World Cup 2026,FIFA official final 26 squad docx,Australia,australia,wc2026_australia_08_metcalfe_connor,8,MF,Connor Isaac,METCALFE,METCALFE Connor,METCALFE,1999-11-05,FC St. Pauli (GER),183,POPOVIC Tony,True,True,True,False,False
FIFA World Cup 2026,FIFA official final 26 squad docx,Australia,australia,wc2026_australia_09_toure_mohamed,9,FW,Mohamed A,TOURE,TOURE Mohamed,TOURE,2004-03-26,Norwich City FC (ENG),186,POPOVIC Tony,True,True,True,False,False
FIFA World Cup 2026,FIFA official final 26 squad docx,Australia,australia,wc2026_australia_10_hrustic_ajdin,10,FW,Ajdin,HRUSTIC,HRUSTIC Ajdin,HRUSTIC,1996-07-05,SC Heracles Almelo (NED),180,POPOVIC Tony,True,True,True,False,False
FIFA World Cup 2026,FIFA official final 26 squad docx,Australia,australia,wc2026_australia_11_mabil_awer,11,FW,Awer Bul,MABIL,MABIL Awer,MABIL,1995-09-15,CD Castellón (ESP),178,POPOVIC Tony,True,True,True,False,False
FIFA World Cup 2026,FIFA official final 26 squad docx,Australia,australia,wc2026_australia_12_izzo_paul,12,GK,Paul David,IZZO,IZZO Paul,IZZO,1995-01-06,Randers FC (DEN),184,POPOVIC Tony,True,True,True,False,False
FIFA World Cup 2026,FIFA official final 26 squad docx,Australia,australia,wc2026_australia_13_oneill_aiden,13,MF,Aiden Connor,O'NEILL,ONEILL Aiden,O'NEILL,1998-07-04,New York City FC (USA),180,POPOVIC Tony,True,True,True,False,False
FIFA World Cup 2026,FIFA official final 26 squad docx,Australia,australia,wc2026_australia_14_devlin_cameron,14,MF,Cameron Peter,DEVLIN,DEVLIN Cameron,DEVLIN,1998-06-07,Heart Of Midlothian FC (SCO),170,POPOVIC Tony,True,True,True,False,False
FIFA World Cup 2026,FIFA official final 26 squad docx,Australia,australia,wc2026_australia_15_trewin_kai,15,DF,Kai Clifton,TREWIN,TREWIN Kai,TREWIN,2001-05-18,New York City FC (USA),183,POPOVIC Tony,True,True,True,False,False
FIFA World Cup 2026,FIFA official final 26 squad docx,Australia,australia,wc2026_australia_16_behich_aziz,16,DF,Aziz,BEHICH,BEHICH Aziz,BEHICH,1990-12-16,Melbourne City FC (AUS),170,POPOVIC Tony,True,True,True,False,False
FIFA World Cup 2026,FIFA official final 26 squad docx,Australia,australia,wc2026_australia_17_irankunda_nestory,17,FW,Nestory,IRANKUNDA,IRANKUNDA Nestory,IRANKUNDA,2006-02-09,Watford FC (ENG),165,POPOVIC Tony,True,True,True,False,False
FIFA World Cup 2026,FIFA official final 26 squad docx,Australia,australia,wc2026_australia_18_beach_patrick,18,GK,Patrick Thomas,BEACH,BEACH Patrick,BEACH,2003-08-06,Melbourne City FC (AUS),189,POPOVIC Tony,True,True,True,False,False
FIFA World Cup 2026,FIFA official final 26 squad docx,Australia,australia,wc2026_australia_19_souttar_harry,19,DF,Harry James,SOUTTAR,SOUTTAR Harry,SOUTTAR,1998-10-22,Leicester City FC (ENG),198,POPOVIC Tony,True,True,True,False,False
FIFA World Cup 2026,FIFA official final 26 squad docx,Australia,australia,wc2026_australia_20_volpato_cristian,20,FW,Cristian,VOLPATO,VOLPATO Cristian,VOLPATO,2003-11-15,US Sassuolo (ITA),187,POPOVIC Tony,True,True,True,False,False
FIFA World Cup 2026,FIFA official final 26 squad docx,Australia,australia,wc2026_australia_21_burgess_cameron,21,DF,Cameron Robert,BURGESS,BURGESS Cameron,BURGESS,1995-10-21,Swansea City AFC (WAL),194,POPOVIC Tony,True,True,True,False,False
FIFA World Cup 2026,FIFA official final 26 squad docx,Australia,australia,wc2026_australia_22_irvine_jackson,22,MF,Jackson Alexander,IRVINE,IRVINE Jackson,IRVINE,1993-03-07,FC St. Pauli (GER),189,POPOVIC Tony,True,True,True,False,False
FIFA World Cup 2026,FIFA official final 26 squad docx,Australia,australia,wc2026_australia_23_velupillay_nishan,23,FW,Nishan Matthew,VELUPILLAY,VELUPILLAY Nishan,VELUPILLAY,2001-05-07,Melbourne Victory FC (AUS),181,POPOVIC Tony,True,True,True,False,False
FIFA World Cup 2026,FIFA official final 26 squad docx,Australia,australia,wc2026_australia_24_okon_engstler_paul,24,MF,Paul Michael Junior,OKON-ENGSTLER,OKON-ENGSTLER Paul,OKON-ENGSTLER,2005-01-24,Sydney FC (AUS),185,POPOVIC Tony,True,True,True,False,False
FIFA World Cup 2026,FIFA official final 26 squad docx,Australia,australia,wc2026_australia_25_herrington_lucas,25,DF,Lucas,HERRINGTON,HERRINGTON Lucas,HERRINGTON,2007-09-05,Colorado Rapids (USA),193,POPOVIC Tony,True,True,True,False,False
FIFA World Cup 2026,FIFA official final 26 squad docx,Australia,australia,wc2026_australia_26_yengi_tete,26,FW,Tete Owen,YENGI,YENGI Tete,YENGI,2000-11-28,FC Machida Zelvia (JPN),197,POPOVIC Tony,True,True,True,False,False
FIFA World Cup 2026,FIFA official final 26 squad docx,Austria,austria,wc2026_austria_01_schlager_alexander,1,GK,Alexander,SCHLAGER,SCHLAGER Alexander,SCHLAGER,1996-02-01,FC Red Bull Salzburg (AUT),188,RANGNICK Ralf,True,True,True,False,False
FIFA World Cup 2026,FIFA official final 26 squad docx,Austria,austria,wc2026_austria_02_affengruber_david,2,DF,David Leopold,AFFENGRUBER,AFFENGRUBER David,AFFENGRUBER,2001-03-19,Elche CF (ESP),185,RANGNICK Ralf,True,True,True,False,False
FIFA World Cup 2026,FIFA official final 26 squad docx,Austria,austria,wc2026_austria_03_danso_kevin,3,DF,Kevin,DANSO,DANSO Kevin,DANSO,1998-09-19,Tottenham Hotspur FC (ENG),190,RANGNICK Ralf,True,True,True,False,False
FIFA World Cup 2026,FIFA official final 26 squad docx,Austria,austria,wc2026_austria_04_schlager_xaver,4,MF,Xaver,SCHLAGER,SCHLAGER Xaver,XAVER,1997-09-28,RB Leipzig (GER),174,RANGNICK Ralf,True,True,True,False,False
FIFA World Cup 2026,FIFA official final 26 squad docx,Austria,austria,wc2026_austria_05_posch_stefan,5,DF,Stefan,POSCH,POSCH Stefan,POSCH,1997-05-14,1. FSV Mainz 05 (GER),188,RANGNICK Ralf,True,True,True,False,False
FIFA World Cup 2026,FIFA official final 26 squad docx,Austria,austria,wc2026_austria_06_seiwald_nicolas,6,MF,Nicolas,SEIWALD,SEIWALD Nicolas,SEIWALD,2001-05-04,RB Leipzig (GER),179,RANGNICK Ralf,True,True,True,False,False
FIFA World Cup 2026,FIFA official final 26 squad docx,Austria,austria,wc2026_austria_07_arnautovic_marko,7,FW,Marko,ARNAUTOVIC,ARNAUTOVIC Marko,ARNAUTOVIC,1989-04-19,FK Crvena Zvezda (SRB),192,RANGNICK Ralf,True,True,True,False,False
FIFA World Cup 2026,FIFA official final 26 squad docx,Austria,austria,wc2026_austria_08_alaba_david,8,DF,David,ALABA,ALABA David,ALABA,1992-06-24,Real Madrid C. F. (ESP),180,RANGNICK Ralf,True,True,True,False,False
FIFA World Cup 2026,FIFA official final 26 squad docx,Austria,austria,wc2026_austria_09_sabitzer_marcel,9,MF,Marcel,SABITZER,SABITZER Marcel,SABITZER,1994-03-17,Borussia Dortmund (GER),178,RANGNICK Ralf,True,True,True,False,False
FIFA World Cup 2026,FIFA official final 26 squad docx,Austria,austria,wc2026_austria_10_grillitsch_florian,10,MF,Florian,GRILLITSCH,GRILLITSCH Florian,GRILLITSCH,1995-08-07,SC Braga (POR),186,RANGNICK Ralf,True,True,True,False,False
FIFA World Cup 2026,FIFA official final 26 squad docx,Austria,austria,wc2026_austria_11_gregoritsch_michael,11,FW,Michael,GREGORITSCH,GREGORITSCH Michael,GREGORITSCH,1994-04-18,FC Augsburg (GER),193,RANGNICK Ralf,True,True,True,False,False
FIFA World Cup 2026,FIFA official final 26 squad docx,Austria,austria,wc2026_austria_12_wiegele_florian,12,GK,Florian,WIEGELE,WIEGELE Florian,WIEGELE,2001-03-21,FC Viktoria Plzeň (CZE),205,RANGNICK Ralf,True,True,True,False,False
FIFA World Cup 2026,FIFA official final 26 squad docx,Austria,austria,wc2026_austria_13_pentz_patrick,13,GK,Patrick,PENTZ,PENTZ Patrick,PENTZ,1997-01-02,Brøndby IF (DEN),183,RANGNICK Ralf,True,True,True,False,False
FIFA World Cup 2026,FIFA official final 26 squad docx,Austria,austria,wc2026_austria_14_kalajdzic_sasa,14,FW,Saša,KALAJDŽIĆ,KALAJDZIC Sasa,KALAJDZIC,1997-07-07,LASK Linz (AUT),200,RANGNICK Ralf,True,True,True,False,False
FIFA World Cup 2026,FIFA official final 26 squad docx,Austria,austria,wc2026_austria_15_lienhart_philipp,15,DF,Philipp,LIENHART,LIENHART Philipp,LIENHART,1996-07-11,SC Freiburg (GER),189,RANGNICK Ralf,True,True,True,False,False
FIFA World Cup 2026,FIFA official final 26 squad docx,Austria,austria,wc2026_austria_16_mwene_phillip,16,DF,Phillip,MWENE,MWENE Phillip,MWENE,1994-01-29,1. FSV Mainz 05 (GER),170,RANGNICK Ralf,True,True,True,False,False
FIFA World Cup 2026,FIFA official final 26 squad docx,Austria,austria,wc2026_austria_17_chukwuemeka_carney,17,MF,Carney Chibueze,CHUKWUEMEKA,CHUKWUEMEKA Carney,CHUKWUEMEKA,2003-10-20,Borussia Dortmund (GER),187,RANGNICK Ralf,True,True,True,False,False
FIFA World Cup 2026,FIFA official final 26 squad docx,Austria,austria,wc2026_austria_18_schmid_romano,18,MF,Romano,SCHMID,SCHMID Romano,SCHMID,2000-01-27,SV Werder Bremen (GER),168,RANGNICK Ralf,True,True,True,False,False
FIFA World Cup 2026,FIFA official final 26 squad docx,Austria,austria,wc2026_austria_19_baumgartner_christoph,19,MF,Christoph,BAUMGARTNER,BAUMGARTNER Christoph,BAUMGARTNER,1999-08-01,RB Leipzig (GER),180,RANGNICK Ralf,True,True,True,False,False
FIFA World Cup 2026,FIFA official final 26 squad docx,Austria,austria,wc2026_austria_20_laimer_konrad,20,MF,Konrad,LAIMER,LAIMER Konrad,LAIMER,1997-05-27,FC Bayern München (GER),180,RANGNICK Ralf,True,True,True,False,False
FIFA World Cup 2026,FIFA official final 26 squad docx,Austria,austria,wc2026_austria_21_wimmer_patrick,21,FW,Patrick,WIMMER,WIMMER Patrick,WIMMER,2001-05-30,VfL Wolfsburg (GER),182,RANGNICK Ralf,True,True,True,False,False
FIFA World Cup 2026,FIFA official final 26 squad docx,Austria,austria,wc2026_austria_22_prass_alexander,22,MF,Alexander,PRASS,PRASS Alexander,PRASS,2001-05-26,TSG Hoffenheim (GER),180,RANGNICK Ralf,True,True,True,False,False
FIFA World Cup 2026,FIFA official final 26 squad docx,Austria,austria,wc2026_austria_23_friedl_marco,23,DF,Marco,FRIEDL,FRIEDL Marco,FRIEDL,1998-03-16,SV Werder Bremen (GER),187,RANGNICK Ralf,True,True,True,False,False
FIFA World Cup 2026,FIFA official final 26 squad docx,Austria,austria,wc2026_austria_24_wanner_paul,24,MF,Paul,WANNER,WANNER Paul,WANNER,2005-12-23,PSV Eindhoven (NED),185,RANGNICK Ralf,True,True,True,False,False
FIFA World Cup 2026,FIFA official final 26 squad docx,Austria,austria,wc2026_austria_25_svoboda_michael,25,DF,Michael,SVOBODA,SVOBODA Michael,SVOBODA,1998-10-15,Venezia FC (ITA),195,RANGNICK Ralf,True,True,True,False,False
FIFA World Cup 2026,FIFA official final 26 squad docx,Austria,austria,wc2026_austria_26_schoepf_alessandro,26,MF,Alessandro Andre,SCHÖPF,SCHOEPF Alessandro,SCHÖPF,1994-02-07,Wolfsberger AC (AUT),178,RANGNICK Ralf,True,True,True,False,False
FIFA World Cup 2026,FIFA official final 26 squad docx,Belgium,belgium,wc2026_belgium_01_courtois_thibaut,1,GK,Thibaut Nicolas M,COURTOIS,COURTOIS Thibaut,COURTOIS,1992-05-11,Real Madrid C. F. (ESP),199,GARCIA Rudi,True,True,True,False,False
FIFA World Cup 2026,FIFA official final 26 squad docx,Belgium,belgium,wc2026_belgium_02_debast_zeno,2,DF,Zeno Koen,DEBAST,DEBAST Zeno,DEBAST,2003-10-24,Sporting CP (POR),189,GARCIA Rudi,True,True,True,False,False
FIFA World Cup 2026,FIFA official final 26 squad docx,Belgium,belgium,wc2026_belgium_03_theate_arthur,3,DF,Arthur Nicolas R,THEATE,THEATE Arthur,THEATE,2000-05-25,Eintracht Frankfurt (GER),185,GARCIA Rudi,True,True,True,False,False
FIFA World Cup 2026,FIFA official final 26 squad docx,Belgium,belgium,wc2026_belgium_04_mechele_brandon,4,DF,Brandon Erik,MECHELE,MECHELE Brandon,MECHELE,1993-01-28,Club Brugge (BEL),190,GARCIA Rudi,True,True,True,False,False
FIFA World Cup 2026,FIFA official final 26 squad docx,Belgium,belgium,wc2026_belgium_05_de_cuyper_maxim,5,DF,Maxim Peter M,DE CUYPER,DE CUYPER Maxim,DE CUYPER,2000-12-22,Brighton & Hove Albion FC (ENG),182,GARCIA Rudi,True,True,True,False,False
FIFA World Cup 2026,FIFA official final 26 squad docx,Belgium,belgium,wc2026_belgium_06_witsel_axel,6,MF,Axel Laurent A,WITSEL,WITSEL Axel,WITSEL,1989-01-12,Girona FC (ESP),186,GARCIA Rudi,True,True,True,False,False
FIFA World Cup 2026,FIFA official final 26 squad docx,Belgium,belgium,wc2026_belgium_07_de_bruyne_kevin,7,MF,Kevin,DE BRUYNE,DE BRUYNE Kevin,DE BRUYNE,1991-06-28,SSC Napoli (ITA),181,GARCIA Rudi,True,True,True,False,False
FIFA World Cup 2026,FIFA official final 26 squad docx,Belgium,belgium,wc2026_belgium_08_tielemans_youri,8,MF,Youri Marion A,TIELEMANS,TIELEMANS Youri,TIELEMANS,1997-05-07,Aston Villa FC (ENG),176,GARCIA Rudi,True,True,True,False,False
FIFA World Cup 2026,FIFA official final 26 squad docx,Belgium,belgium,wc2026_belgium_09_lukaku_romelu,9,FW,Romelu,LUKAKU BOLINGOLI,LUKAKU Romelu,LUKAKU,1993-05-13,SSC Napoli (ITA),190,GARCIA Rudi,True,True,True,False,False
FIFA World Cup 2026,FIFA official final 26 squad docx,Belgium,belgium,wc2026_belgium_10_trossard_leandro,10,FW,Leandro,TROSSARD,TROSSARD Leandro,TROSSARD,1994-12-04,Arsenal FC (ENG),172,GARCIA Rudi,True,True,True,False,False
FIFA World Cup 2026,FIFA official final 26 squad docx,Belgium,belgium,wc2026_belgium_11_doku_jeremy,11,FW,Jeremy Baffour,DOKU,DOKU Jeremy,DOKU,2002-05-27,Manchester City FC (ENG),173,GARCIA Rudi,True,True,True,False,False
FIFA World Cup 2026,FIFA official final 26 squad docx,Belgium,belgium,wc2026_belgium_12_lammens_senne,12,GK,Senne,LAMMENS,LAMMENS Senne,LAMMENS,2002-07-07,Manchester United FC (ENG),193,GARCIA Rudi,True,True,True,False,False
FIFA World Cup 2026,FIFA official final 26 squad docx,Belgium,belgium,wc2026_belgium_13_penders_mike,13,GK,Mike Louis,PENDERS,PENDERS Mike,PENDERS,2005-07-31,RC Strasbourg (FRA),200,GARCIA Rudi,True,True,True,False,False
FIFA World Cup 2026,FIFA official final 26 squad docx,Belgium,belgium,wc2026_belgium_14_lukebakio_dodi,14,FW,Dodi,LUKEBAKIO NGANDOLI,LUKEBAKIO Dodi,LUKEBAKIO,1997-09-24,SL Ben ca (POR),184,GARCIA Rudi,True,True,True,False,False
FIFA World Cup 2026,FIFA official final 26 squad docx,Belgium,belgium,wc2026_belgium_15_meunier_thomas,15,DF,Thomas Andre A,MEUNIER,MEUNIER Thomas,MEUNIER,1991-09-12,Lille OSC (FRA),190,GARCIA Rudi,True,True,True,False,False
FIFA World Cup 2026,FIFA official final 26 squad docx,Belgium,belgium,wc2026_belgium_16_de_winter_koni,16,DF,Koni,DE WINTER,DE WINTER Koni,DE WINTER,2002-06-12,AC Milan (ITA),191,GARCIA Rudi,True,True,True,False,False
FIFA World Cup 2026,FIFA official final 26 squad docx,Belgium,belgium,wc2026_belgium_17_de_ketelaere_charles,17,FW,Charles Marc S,DE KETELAERE,DE KETELAERE Charles,DE KETELAERE,2001-03-10,Atalanta Bergamo (ITA),192,GARCIA Rudi,True,True,True,False,False
FIFA World Cup 2026,FIFA official final 26 squad docx,Belgium,belgium,wc2026_belgium_18_seys_joaquin,18,DF,Joaquin Ronny,SEYS,SEYS Joaquin,SEYS,2005-03-28,Club Brugge (BEL),178,GARCIA Rudi,True,True,True,False,False
FIFA World Cup 2026,FIFA official final 26 squad docx,Belgium,belgium,wc2026_belgium_19_moreira_diego,19,MF,Diego Manuel J,DA SILVA MOREIRA,MOREIRA Diego,MOREIRA,2004-08-06,RC Strasbourg (FRA),179,GARCIA Rudi,True,True,True,False,False
FIFA World Cup 2026,FIFA official final 26 squad docx,Belgium,belgium,wc2026_belgium_20_vanaken_hans,20,MF,Hans,VANAKEN,VANAKEN Hans,VANAKEN,1992-08-24,Club Brugge (BEL),195,GARCIA Rudi,True,True,True,False,False
FIFA World Cup 2026,FIFA official final 26 squad docx,Belgium,belgium,wc2026_belgium_21_castagne_timothy,21,DF,Timothy,CASTAGNE,CASTAGNE Timothy,CASTAGNE,1995-12-05,Fulham FC (ENG),185,GARCIA Rudi,True,True,True,False,False
FIFA World Cup 2026,FIFA official final 26 squad docx,Belgium,belgium,wc2026_belgium_22_saelemaekers_alexis,22,MF,Alexis Jesse M,SAELEMAEKERS,SAELEMAEKERS Alexis,SAELEMAEKERS,1999-06-27,AC Milan (ITA),180,GARCIA Rudi,True,True,True,False,False
FIFA World Cup 2026,FIFA official final 26 squad docx,Belgium,belgium,wc2026_belgium_23_raskin_nicolas,23,MF,Nicolas Thierry Y,RASKIN,RASKIN Nicolas,RASKIN,2001-02-23,Rangers FC (SCO),178,GARCIA Rudi,True,True,True,False,False
FIFA World Cup 2026,FIFA official final 26 squad docx,Belgium,belgium,wc2026_belgium_24_onana_amadou,24,MF,Amadou Ba Z,MVOM ONANA,ONANA Amadou,ONANA,2001-08-16,Aston Villa FC (ENG),192,GARCIA Rudi,True,True,True,False,False
FIFA World Cup 2026,FIFA official final 26 squad docx,Belgium,belgium,wc2026_belgium_25_ngoy_nathan,25,DF,Nathan,NGOY,NGOY Nathan,NGOY,2003-06-10,Lille OSC (FRA),183,GARCIA Rudi,True,True,True,False,False
FIFA World Cup 2026,FIFA official final 26 squad docx,Belgium,belgium,wc2026_belgium_26_fernandez_pardo_matias,26,FW,Matias,FERNANDEZ-PARDO,FERNANDEZ-PARDO Matias,FERNANDEZ-PARDO,2005-02-03,Lille OSC (FRA),188,GARCIA Rudi,True,True,True,False,False
FIFA World Cup 2026,FIFA official final 26 squad docx,Bosnia And Herzegovina,bosnia_and_herzegovina,wc2026_bosnia_and_herzegovina_01_vasilj_nikola,1,GK,Nikola,VASILJ,VASILJ Nikola,VASILJ,1995-12-02,FC St. Pauli (GER),193,BARBAREZ Sergej,True,True,True,False,False
FIFA World Cup 2026,FIFA official final 26 squad docx,Bosnia And Herzegovina,bosnia_and_herzegovina,wc2026_bosnia_and_herzegovina_02_mujakic_nihad,2,DF,Nihad,MUJAKIC,MUJAKIC Nihad,MUJAKIĆ,1998-04-15,Gaziantep FK (TUR),189,BARBAREZ Sergej,True,True,True,False,False
FIFA World Cup 2026,FIFA official final 26 squad docx,Bosnia And Herzegovina,bosnia_and_herzegovina,wc2026_bosnia_and_herzegovina_03_hadzikadunic_dennis,3,DF,Dennis,HADŽIKADUNIĆ,HADZIKADUNIC Dennis,HADŽIKADUNIĆ,1998-07-09,UC Sampdoria (ITA),191,BARBAREZ Sergej,True,True,True,False,False
FIFA World Cup 2026,FIFA official final 26 squad docx,Bosnia And Herzegovina,bosnia_and_herzegovina,wc2026_bosnia_and_herzegovina_04_muharemovic_tarik,4,DF,Tarik,MUHAREMOVIC,MUHAREMOVIC Tarik,MUHAREMOVIĆ,2003-02-28,US Sassuolo (ITA),192,BARBAREZ Sergej,True,True,True,False,False
FIFA World Cup 2026,FIFA official final 26 squad docx,Bosnia And Herzegovina,bosnia_and_herzegovina,wc2026_bosnia_and_herzegovina_05_kolasinac_sead,5,DF,Sead,KOLAŠINAC,KOLASINAC Sead,KOLAŠINAC,1993-06-20,Atalanta Bergamo (ITA),183,BARBAREZ Sergej,True,True,True,False,False
FIFA World Cup 2026,FIFA official final 26 squad docx,Bosnia And Herzegovina,bosnia_and_herzegovina,wc2026_bosnia_and_herzegovina_06_tahirovic_benjamin,6,MF,Benjamin,TAHIROVIC,TAHIROVIC Benjamin,TAHIROVIĆ,2003-03-03,Brøndby IF (DEN),191,BARBAREZ Sergej,True,True,True,False,False
FIFA World Cup 2026,FIFA official final 26 squad docx,Bosnia And Herzegovina,bosnia_and_herzegovina,wc2026_bosnia_and_herzegovina_07_dedic_amar,7,DF,Amar,DEDIC,DEDIC Amar,DEDIĆ,2002-08-18,SL Ben ca (POR),180,BARBAREZ Sergej,True,True,True,False,False
FIFA World Cup 2026,FIFA official final 26 squad docx,Bosnia And Herzegovina,bosnia_and_herzegovina,wc2026_bosnia_and_herzegovina_08_gigovic_armin,8,MF,Armin,GIGOVIC,GIGOVIC Armin,GIGOVIĆ,2002-04-06,BSC Young Boys (SUI),187,BARBAREZ Sergej,True,True,True,False,False
FIFA World Cup 2026,FIFA official final 26 squad docx,Bosnia And Herzegovina,bosnia_and_herzegovina,wc2026_bosnia_and_herzegovina_09_bazdar_samed,9,FW,Samed,BAŽDAR,BAZDAR Samed,BAŽDAR,2004-01-31,Jagiellonia Białystok (POL),189,BARBAREZ Sergej,True,True,True,False,False
FIFA World Cup 2026,FIFA official final 26 squad docx,Bosnia And Herzegovina,bosnia_and_herzegovina,wc2026_bosnia_and_herzegovina_10_demirovic_ermedin,10,FW,Ermedin,DEMIROVIĆ,DEMIROVIC Ermedin,DEMIROVIĆ,1998-03-25,VfB Stuttgart (GER),185,BARBAREZ Sergej,True,True,True,False,False
FIFA World Cup 2026,FIFA official final 26 squad docx,Bosnia And Herzegovina,bosnia_and_herzegovina,wc2026_bosnia_and_herzegovina_11_dzeko_edin,11,FW,Edin,DŽEKO,DZEKO Edin,DŽEKO,1986-03-17,FC Schalke 04 (GER),192,BARBAREZ Sergej,True,True,True,False,False
FIFA World Cup 2026,FIFA official final 26 squad docx,Bosnia And Herzegovina,bosnia_and_herzegovina,wc2026_bosnia_and_herzegovina_12_jurkas_mladen,12,GK,Mladen,JURKAS,JURKAS Mladen,JURKAS,2007-10-07,FK Borac Banja Luka (BIH),193,BARBAREZ Sergej,True,True,True,False,False
FIFA World Cup 2026,FIFA official final 26 squad docx,Bosnia And Herzegovina,bosnia_and_herzegovina,wc2026_bosnia_and_herzegovina_13_basic_ivan,13,MF,Ivan,BASIC,BASIC Ivan,BAŠIĆ,2002-04-30,FC Astana (KAZ),178,BARBAREZ Sergej,True,True,True,False,False
FIFA World Cup 2026,FIFA official final 26 squad docx,Bosnia And Herzegovina,bosnia_and_herzegovina,wc2026_bosnia_and_herzegovina_14_sunjic_ivan,14,MF,Ivan,ŠUNJIĆ,SUNJIC Ivan,ŠUNJIĆ,1996-10-09,Pafos FC (CYP),183,BARBAREZ Sergej,True,True,True,False,False
FIFA World Cup 2026,FIFA official final 26 squad docx,Bosnia And Herzegovina,bosnia_and_herzegovina,wc2026_bosnia_and_herzegovina_15_memic_amar,15,MF,Amar,MEMIĆ,MEMIC Amar,MEMIĆ,2001-01-20,FC Viktoria Plzeň (CZE),176,BARBAREZ Sergej,True,True,True,False,False
FIFA World Cup 2026,FIFA official final 26 squad docx,Bosnia And Herzegovina,bosnia_and_herzegovina,wc2026_bosnia_and_herzegovina_16_hadziahmetovic_amir,16,MF,Amir,HADŽIAHMETOVIĆ,HADZIAHMETOVIC Amir,HADŽIAHMETOVIĆ,1997-03-08,Hull City FC (ENG),179,BARBAREZ Sergej,True,True,True,False,False
FIFA World Cup 2026,FIFA official final 26 squad docx,Bosnia And Herzegovina,bosnia_and_herzegovina,wc2026_bosnia_and_herzegovina_17_burnic_dzenis,17,MF,Dženis,BURNIĆ,BURNIC Dzenis,BURNIĆ,1998-05-22,Karlsruher SC (GER),182,BARBAREZ Sergej,True,True,True,False,False
FIFA World Cup 2026,FIFA official final 26 squad docx,Bosnia And Herzegovina,bosnia_and_herzegovina,wc2026_bosnia_and_herzegovina_18_katic_nikola,18,DF,Nikola,KATIC,KATIC Nikola,KATIĆ,1996-10-10,FC Schalke 04 (GER),194,BARBAREZ Sergej,True,True,True,False,False
FIFA World Cup 2026,FIFA official final 26 squad docx,Bosnia And Herzegovina,bosnia_and_herzegovina,wc2026_bosnia_and_herzegovina_19_alajbegovic_kerim,19,FW,Kerim,ALAJBEGOVIC,ALAJBEGOVIC Kerim,ALAJBEGOVIĆ,2007-09-21,FC Red Bull Salzburg (AUT),186,BARBAREZ Sergej,True,True,True,False,False
FIFA World Cup 2026,FIFA official final 26 squad docx,Bosnia And Herzegovina,bosnia_and_herzegovina,wc2026_bosnia_and_herzegovina_20_bajraktarevic_esmir,20,FW,Esmir,BAJRAKTAREVIC,BAJRAKTAREVIC Esmir,BAJRAKTAREVIĆ,2005-03-10,PSV Eindhoven (NED),175,BARBAREZ Sergej,True,True,True,False,False
FIFA World Cup 2026,FIFA official final 26 squad docx,Bosnia And Herzegovina,bosnia_and_herzegovina,wc2026_bosnia_and_herzegovina_21_radeljic_stjepan,21,DF,Stjepan,RADELJIC,RADELJIC Stjepan,RADELJIĆ,1997-09-05,HNK Rijeka (CRO),201,BARBAREZ Sergej,True,True,True,False,False
FIFA World Cup 2026,FIFA official final 26 squad docx,Bosnia And Herzegovina,bosnia_and_herzegovina,wc2026_bosnia_and_herzegovina_22_zlomislic_martin,22,GK,Martin,ZLOMISLIC,ZLOMISLIC Martin,ZLOMISLIĆ,1998-08-16,HNK Rijeka (CRO),189,BARBAREZ Sergej,True,True,True,False,False
FIFA World Cup 2026,FIFA official final 26 squad docx,Bosnia And Herzegovina,bosnia_and_herzegovina,wc2026_bosnia_and_herzegovina_23_tabakovic_haris,23,FW,Haris,TABAKOVIC,TABAKOVIC Haris,TABAKOVIĆ,1994-06-20,Borussia Mönchengladbach (GER),196,BARBAREZ Sergej,True,True,True,False,False
FIFA World Cup 2026,FIFA official final 26 squad docx,Bosnia And Herzegovina,bosnia_and_herzegovina,wc2026_bosnia_and_herzegovina_24_celik_nidal,24,DF,Nidal,CELIK,CELIK Nidal,ČELIK,2006-07-17,RC Lens (FRA),192,BARBAREZ Sergej,True,True,True,False,False
FIFA World Cup 2026,FIFA official final 26 squad docx,Bosnia And Herzegovina,bosnia_and_herzegovina,wc2026_bosnia_and_herzegovina_25_lukic_jovo,25,FW,Jovo,LUKIC,LUKIC Jovo,LUKIĆ,1998-11-28,Universitatea Cluj (ROU),190,BARBAREZ Sergej,True,True,True,False,False
FIFA World Cup 2026,FIFA official final 26 squad docx,Bosnia And Herzegovina,bosnia_and_herzegovina,wc2026_bosnia_and_herzegovina_26_mahmic_ermin,26,MF,Ermin,MAHMIĆ,MAHMIC Ermin,MAHMIĆ,2005-03-14,FC Slovan Liberec (CZE),182,BARBAREZ Sergej,True,True,True,False,False
FIFA World Cup 2026,FIFA official final 26 squad docx,Brazil,brazil,wc2026_brazil_01_alisson,1,GK,Álisson Ramsés,BECKER,ALISSON,A. BECKER,1992-10-02,Liverpool FC (ENG),193,ANCELOTTI Carlo,True,True,True,False,False
FIFA World Cup 2026,FIFA official final 26 squad docx,Brazil,brazil,wc2026_brazil_02_wesley,2,DF,Wesley,VINÍCIUS FRANÇA LIMA,WESLEY,WESLEY,2003-09-06,AS Roma (ITA),175,ANCELOTTI Carlo,True,True,True,False,False
FIFA World Cup 2026,FIFA official final 26 squad docx,Brazil,brazil,wc2026_brazil_03_gabriel_magalhaes,3,DF,Gabriel,DOS SANTOS MAGALHÃES,GABRIEL MAGALHAES,GABRIEL,1997-12-19,Arsenal FC (ENG),190,ANCELOTTI Carlo,True,True,True,False,False
FIFA World Cup 2026,FIFA official final 26 squad docx,Brazil,brazil,wc2026_brazil_04_marquinhos,4,DF,Marcos,AOAS CORREA,MARQUINHOS,MARQUINHOS,1994-05-14,Paris Saint-Germain (FRA),183,ANCELOTTI Carlo,True,True,True,False,False
FIFA World Cup 2026,FIFA official final 26 squad docx,Brazil,brazil,wc2026_brazil_05_casemiro,5,MF,Carlos Henrique,CASIMIRO,CASEMIRO,CASEMIRO,1992-02-23,Manchester United FC (ENG),185,ANCELOTTI Carlo,True,True,True,False,False
FIFA World Cup 2026,FIFA official final 26 squad docx,Brazil,brazil,wc2026_brazil_06_alex_sandro,6,DF,Alex Sandro,LOBO SILVA,ALEX SANDRO,ALEX SANDRO,1991-01-26,CR Flamengo (BRA),180,ANCELOTTI Carlo,True,True,True,False,False
FIFA World Cup 2026,FIFA official final 26 squad docx,Brazil,brazil,wc2026_brazil_07_vinicius_junior,7,FW,Vinicius José,PAIXÃO DE OLIVEIRA JÚNIOR,VINICIUS JUNIOR,VINI JR.,2000-07-12,Real Madrid C. F. (ESP),176,ANCELOTTI Carlo,True,True,True,False,False
FIFA World Cup 2026,FIFA official final 26 squad docx,Brazil,brazil,wc2026_brazil_08_bruno_guimaraes,8,MF,Bruno,GUIMARÃES RODRIGUEZ MOURA,BRUNO GUIMARAES,BRUNO G.,1997-11-16,Newcastle United FC (ENG),182,ANCELOTTI Carlo,True,True,True,False,False
FIFA World Cup 2026,FIFA official final 26 squad docx,Brazil,brazil,wc2026_brazil_09_matheus_cunha,9,FW,Matheus,SANTOS CARNEIRO DA CUNHA,MATHEUS CUNHA,CUNHA,1999-05-27,Manchester United FC (ENG),183,ANCELOTTI Carlo,True,True,True,False,False
FIFA World Cup 2026,FIFA official final 26 squad docx,Brazil,brazil,wc2026_brazil_10_neymar_jr,10,FW,Neymar,DA SILVA SANTOS JÚNIOR,NEYMAR JR,NEYMAR JR,1992-02-05,Santos FC (BRA),175,ANCELOTTI Carlo,True,True,True,False,False
FIFA World Cup 2026,FIFA official final 26 squad docx,Brazil,brazil,wc2026_brazil_11_raphinha,11,FW,Raphael,DIAS BELLOLI,RAPHINHA,RAPHINHA,1996-12-14,FC Barcelona (ESP),176,ANCELOTTI Carlo,True,True,True,False,False
FIFA World Cup 2026,FIFA official final 26 squad docx,Brazil,brazil,wc2026_brazil_12_weverton,12,GK,Weverton,PEREIRA DA SILVA,WEVERTON,WEVERTON,1987-12-13,Grêmio FBPA (BRA),189,ANCELOTTI Carlo,True,True,True,False,False
FIFA World Cup 2026,FIFA official final 26 squad docx,Brazil,brazil,wc2026_brazil_13_danilo,13,DF,Danilo Luiz,DA SILVA,DANILO,DANILO,1991-07-15,CR Flamengo (BRA),184,ANCELOTTI Carlo,True,True,True,False,False
FIFA World Cup 2026,FIFA official final 26 squad docx,Brazil,brazil,wc2026_brazil_14_bremer,14,DF,Gleison Bremer,SILVA NASCIMENTO,BREMER,BREMER,1997-03-18,Juventus FC (ITA),188,ANCELOTTI Carlo,True,True,True,False,False
FIFA World Cup 2026,FIFA official final 26 squad docx,Brazil,brazil,wc2026_brazil_15_leo_pereira,15,DF,Leonardo,PEREIRA,LEO PEREIRA,LEO PEREIRA,1996-01-31,CR Flamengo (BRA),189,ANCELOTTI Carlo,True,True,True,False,False
FIFA World Cup 2026,FIFA official final 26 squad docx,Brazil,brazil,wc2026_brazil_16_douglas_santos,16,DF,Douglas,DOS SANTOS JUSTINO DE MELO,DOUGLAS SANTOS,DOUGLAS SANTOS,1994-03-22,FC Zenit St. Petersburg (RUS),173,ANCELOTTI Carlo,True,True,True,False,False
FIFA World Cup 2026,FIFA official final 26 squad docx,Brazil,brazil,wc2026_brazil_17_fabinho,17,MF,Fabio Henrique,TAVARES,FABINHO,FABINHO,1993-10-23,Al Ittihad (KSA),188,ANCELOTTI Carlo,True,True,True,False,False
FIFA World Cup 2026,FIFA official final 26 squad docx,Brazil,brazil,wc2026_brazil_18_danilo_santos,18,MF,Danilo,DOS SANTOS DE OLIVEIRA,DANILO SANTOS,DANILO S.,2001-04-29,Botafogo (BRA),177,ANCELOTTI Carlo,True,True,True,False,False
FIFA World Cup 2026,FIFA official final 26 squad docx,Brazil,brazil,wc2026_brazil_19_endrick,19,FW,Endrick Felipe,MOREIRA DE SOUSA PESSOA,ENDRICK,ENDRICK,2006-07-21,Olympique Lyonnais (FRA),172,ANCELOTTI Carlo,True,True,True,False,False
FIFA World Cup 2026,FIFA official final 26 squad docx,Brazil,brazil,wc2026_brazil_20_lucas_paqueta,20,MF,Lucas,TOLENTINO COELHO DE LIMA,LUCAS PAQUETA,L. PAQUETA,1997-08-27,CR Flamengo (BRA),183,ANCELOTTI Carlo,True,True,True,False,False
FIFA World Cup 2026,FIFA official final 26 squad docx,Brazil,brazil,wc2026_brazil_21_luiz_henrique,21,FW,Luiz Henrique André,ROSA DA SILVA,LUIZ HENRIQUE,L. HENRIQUE,2001-01-02,FC Zenit St. Petersburg (RUS),182,ANCELOTTI Carlo,True,True,True,False,False
FIFA World Cup 2026,FIFA official final 26 squad docx,Brazil,brazil,wc2026_brazil_22_gabriel_martinelli,22,FW,Gabriel,TEODORO MARTINELLI SILVA,GABRIEL MARTINELLI,MARTINELLI,2001-06-18,Arsenal FC (ENG),178,ANCELOTTI Carlo,True,True,True,False,False
FIFA World Cup 2026,FIFA official final 26 squad docx,Brazil,brazil,wc2026_brazil_23_ederson,23,GK,Ederson,SANTANA DE MORAES,EDERSON,EDERSON,1993-08-17,Fenerbahçe SK (TUR),188,ANCELOTTI Carlo,True,True,True,False,False
FIFA World Cup 2026,FIFA official final 26 squad docx,Brazil,brazil,wc2026_brazil_24_roger_ibanez,24,DF,Roger,IBAÑEZ DA SILVA,ROGER IBANEZ,IBAÑEZ,1998-11-23,Al Ahli FC (KSA),186,ANCELOTTI Carlo,True,True,True,False,False
FIFA World Cup 2026,FIFA official final 26 squad docx,Brazil,brazil,wc2026_brazil_25_igor_thiago,25,FW,Igor Thiago,NASCIMENTO RODRIGUES,IGOR THIAGO,THIAGO,2001-06-26,Brentford FC (ENG),190,ANCELOTTI Carlo,True,True,True,False,False
FIFA World Cup 2026,FIFA official final 26 squad docx,Brazil,brazil,wc2026_brazil_26_rayan,26,FW,Rayan Vitor,SIMPLICIO ROCHA,RAYAN,RAYAN,2006-08-03,AFC Bournemouth (ENG),187,ANCELOTTI Carlo,True,True,True,False,False
FIFA World Cup 2026,FIFA official final 26 squad docx,Cabo Verde,cabo_verde,wc2026_cabo_verde_01_vozinha,1,GK,Josimar José,ÉVORA DIAS,VOZINHA,VOZINHA,1986-06-03,GD Chaves (POR),189,BUBISTA,True,True,True,False,False
FIFA World Cup 2026,FIFA official final 26 squad docx,Cabo Verde,cabo_verde,wc2026_cabo_verde_02_stopira,2,DF,Ianique,DOS SANTOS TAVARES,STOPIRA,STOPIRA,1988-05-20,SCU Torreense (POR),178,BUBISTA,True,True,True,False,False
FIFA World Cup 2026,FIFA official final 26 squad docx,Cabo Verde,cabo_verde,wc2026_cabo_verde_03_diney_borges,3,DF,Edilson Alberto,MONTEIRO SANCHES BORGES,DINEY BORGES,BORGES,1995-01-17,Al Bataeh Club (UAE),185,BUBISTA,True,True,True,False,False
FIFA World Cup 2026,FIFA official final 26 squad docx,Cabo Verde,cabo_verde,wc2026_cabo_verde_04_pico_lopes,4,DF,Roberto Carlos,LOPES,PICO LOPES,LOPES,1992-06-17,Shamrock Rovers FC (IRL),186,BUBISTA,True,True,True,False,False
FIFA World Cup 2026,FIFA official final 26 squad docx,Cabo Verde,cabo_verde,wc2026_cabo_verde_05_logan_costa,5,DF,Logan Evans,COSTA,LOGAN COSTA,LOGAN,2001-04-01,Villarreal CF (ESP),190,BUBISTA,True,True,True,False,False
FIFA World Cup 2026,FIFA official final 26 squad docx,Cabo Verde,cabo_verde,wc2026_cabo_verde_06_kevin_pina,6,MF,Kevin Lenini,GONÇALVES PEREIRA DE PINA,KEVIN PINA,KEVIN L.,1997-01-27,FC Krasnodar (RUS),177,BUBISTA,True,True,True,False,False
FIFA World Cup 2026,FIFA official final 26 squad docx,Cabo Verde,cabo_verde,wc2026_cabo_verde_07_jovane_cabral,7,MF,Jovane Eduardo,BORGES CABRAL,JOVANE CABRAL,JOVANE,1998-06-14,CF Estrela Da Amadora (POR),174,BUBISTA,True,True,True,False,False
FIFA World Cup 2026,FIFA official final 26 squad docx,Cabo Verde,cabo_verde,wc2026_cabo_verde_08_joao_paulo,8,MF,João Paulo,MOREIRA FERNANDES,JOAO PAULO,JOÃO PAULO,1998-05-26,FC FCSB (ROU),180,BUBISTA,True,True,True,False,False
FIFA World Cup 2026,FIFA official final 26 squad docx,Cabo Verde,cabo_verde,wc2026_cabo_verde_09_gilson_benchimol,9,FW,Gilson,BENCHIMOL TAVARES,GILSON BENCHIMOL,BENCHIMOL,2001-12-29,FC Akron Tolyatti (RUS),187,BUBISTA,True,True,True,False,False
FIFA World Cup 2026,FIFA official final 26 squad docx,Cabo Verde,cabo_verde,wc2026_cabo_verde_10_jamiro_monteiro,10,MF,Jamiro Gregory,MONTEIRO ALVARENGA,JAMIRO MONTEIRO,MONTEIRO,1993-11-23,PEC Zwolle (NED),175,BUBISTA,True,True,True,False,False
FIFA World Cup 2026,FIFA official final 26 squad docx,Cabo Verde,cabo_verde,wc2026_cabo_verde_11_garry_rodrigues,11,MF,Garry,MENDES RODRIGUES,GARRY RODRIGUES,RODRIGUES,1990-11-27,Apollon Limassol (CYP),173,BUBISTA,True,True,True,False,False
FIFA World Cup 2026,FIFA official final 26 squad docx,Cabo Verde,cabo_verde,wc2026_cabo_verde_12_marcio_rosa,12,GK,Márcio Salomão,BRAZÃO DA ROSA,MARCIO ROSA,MARCIO,1997-02-23,PFC Montana (BUL),186,BUBISTA,True,True,True,False,False
FIFA World Cup 2026,FIFA official final 26 squad docx,Cabo Verde,cabo_verde,wc2026_cabo_verde_13_sidny_lopes_cabral,13,DF,Sidny,LOPES CABRAL,SIDNY LOPES CABRAL,LOPES CABRAL,2002-09-18,SL Ben ca (POR),176,BUBISTA,True,True,True,False,False
FIFA World Cup 2026,FIFA official final 26 squad docx,Cabo Verde,cabo_verde,wc2026_cabo_verde_14_deroy_duarte,14,MF,Deroy,D'ENCARNAÇÃO DUARTE,DEROY DUARTE,D. DUARTE,1999-07-04,PFC Ludogorets Razgrad (BUL),177,BUBISTA,True,True,True,False,False
FIFA World Cup 2026,FIFA official final 26 squad docx,Cabo Verde,cabo_verde,wc2026_cabo_verde_15_laros_duarte,15,MF,Laros Michael,D'ENCARNAÇÃO DUARTE,LAROS DUARTE,DUARTE,1997-02-28,Puskás Akadémia FC (HUN),180,BUBISTA,True,True,True,False,False
FIFA World Cup 2026,FIFA official final 26 squad docx,Cabo Verde,cabo_verde,wc2026_cabo_verde_16_yannick_semedo,16,MF,Jair,SEMEDO MONTEIRO,YANNICK SEMEDO,Y. SEMEDO,1995-12-29,SC Farense (POR),176,BUBISTA,True,True,True,False,False
FIFA World Cup 2026,FIFA official final 26 squad docx,Cabo Verde,cabo_verde,wc2026_cabo_verde_17_willy_semedo,17,MF,Willy Johnson,SEMEDO AFONSO,WILLY SEMEDO,SEMEDO,1994-04-27,AC Omonia (CYP),185,BUBISTA,True,True,True,False,False
FIFA World Cup 2026,FIFA official final 26 squad docx,Cabo Verde,cabo_verde,wc2026_cabo_verde_18_telmo_arcanjo,18,MF,Telmo Emanuel,GOMES ARCANJO,TELMO ARCANJO,ARCANJO,2001-06-21,Vitória SC (POR),180,BUBISTA,True,True,True,False,False
FIFA World Cup 2026,FIFA official final 26 squad docx,Cabo Verde,cabo_verde,wc2026_cabo_verde_19_dailon_livramento,19,FW,Dailon,ROCHA LIVRAMENTO,DAILON LIVRAMENTO,LIVRAMENTO,2001-05-04,Casa Pia AC (POR),185,BUBISTA,True,True,True,False,False
FIFA World Cup 2026,FIFA official final 26 squad docx,Cabo Verde,cabo_verde,wc2026_cabo_verde_20_ryan_mendes,20,FW,Ryan Isaac,DA GRACA MENDES,RYAN MENDES,RYAN,1990-01-08,Iğdır FK (TUR),178,BUBISTA,True,True,True,False,False
FIFA World Cup 2026,FIFA official final 26 squad docx,Cabo Verde,cabo_verde,wc2026_cabo_verde_21_nuno_da_costa,21,MF,Nuno Miguel,DA COSTA JOIA,NUNO DA COSTA,DA COSTA,1991-02-10,Başakşehir FK (TUR),182,BUBISTA,True,True,True,False,False
FIFA World Cup 2026,FIFA official final 26 squad docx,Cabo Verde,cabo_verde,wc2026_cabo_verde_22_steven_moreira,22,DF,Steven,MOREIRA,STEVEN MOREIRA,MOREIRA,1994-08-13,Columbus Crew (USA),178,BUBISTA,True,True,True,False,False
FIFA World Cup 2026,FIFA official final 26 squad docx,Cabo Verde,cabo_verde,wc2026_cabo_verde_23_cj_dos_santos,23,GK,Carlos Joaquim,ANTUNES DOS SANTOS,CJ DOS SANTOS,DOS SANTOS,2000-08-24,San Diego FC (USA),189,BUBISTA,True,True,True,False,False
FIFA World Cup 2026,FIFA official final 26 squad docx,Cabo Verde,cabo_verde,wc2026_cabo_verde_24_wagner_pina,24,DF,Wagner Fabricio,CARDOSO DE PINA,WAGNER PINA,WAGNER P.,2002-11-03,Trabzonspor (TUR),180,BUBISTA,True,True,True,False,False
FIFA World Cup 2026,FIFA official final 26 squad docx,Cabo Verde,cabo_verde,wc2026_cabo_verde_25_kelvin_pires,25,DF,Kelvin,SPENCER PIRES,KELVIN PIRES,KELVIN,2000-06-05,SJK (FIN),193,BUBISTA,True,True,True,False,False
FIFA World Cup 2026,FIFA official final 26 squad docx,Cabo Verde,cabo_verde,wc2026_cabo_verde_26_helio_varela,26,MF,Hélio Sandro,OLIVEIRA ALVES VARELA,HELIO VARELA,HÉLIO,2002-05-03,Maccabi Tel-Aviv FC (ISR),176,BUBISTA,True,True,True,False,False
FIFA World Cup 2026,FIFA official final 26 squad docx,Canada,canada,wc2026_canada_01_st_clair_dayne,1,GK,Dayne Tristan,ST. CLAIR,ST. CLAIR Dayne,ST. CLAIR,1997-05-09,Inter Miami CF (USA),191,MARSCH Jesse,True,True,True,False,False
FIFA World Cup 2026,FIFA official final 26 squad docx,Canada,canada,wc2026_canada_02_johnston_alistair,2,DF,Alistair William,JOHNSTON,JOHNSTON Alistair,JOHNSTON,1998-10-08,Celtic FC (SCO),180,MARSCH Jesse,True,True,True,False,False
FIFA World Cup 2026,FIFA official final 26 squad docx,Canada,canada,wc2026_canada_03_jones_al_e,3,DF,Al e Charles,JONES,JONES Al e,JONES,1997-10-07,Middlesbrough FC (ENG),191,MARSCH Jesse,True,True,True,False,False
FIFA World Cup 2026,FIFA official final 26 squad docx,Canada,canada,wc2026_canada_04_de_fougerolles_luc,4,DF,Luc,ROLLET DE FOUGEROLLES,DE FOUGEROLLES Luc,DE FOUGEROLLES,2005-10-12,FCV Dender EH (BEL),183,MARSCH Jesse,True,True,True,False,False
FIFA World Cup 2026,FIFA official final 26 squad docx,Canada,canada,wc2026_canada_05_waterman_joel,5,DF,Joel Robert,WATERMAN,WATERMAN Joel,WATERMAN,1996-01-24,Chicago Fire FC (USA),185,MARSCH Jesse,True,True,True,False,False
FIFA World Cup 2026,FIFA official final 26 squad docx,Canada,canada,wc2026_canada_06_choiniere_mathieu,6,MF,Mathieu,CHOINIÈRE,CHOINIERE Mathieu,CHOINIÈRE,1999-02-07,LAFC (USA),173,MARSCH Jesse,True,True,True,False,False
FIFA World Cup 2026,FIFA official final 26 squad docx,Canada,canada,wc2026_canada_07_eustaquio_stephen,7,MF,Stephen,ANTUNES EUSTÁQUIO,EUSTAQUIO Stephen,EUSTÀQUIO,1996-12-21,LAFC (USA),175,MARSCH Jesse,True,True,True,False,False
FIFA World Cup 2026,FIFA official final 26 squad docx,Canada,canada,wc2026_canada_08_kone_ismael,8,MF,Ismael Kenneth Jordan,KONÉ,KONE Ismael,KONÉ,2002-06-16,US Sassuolo (ITA),188,MARSCH Jesse,True,True,True,False,False
FIFA World Cup 2026,FIFA official final 26 squad docx,Canada,canada,wc2026_canada_09_larin_cyle,9,FW,Cyle Christopher,LARIN,LARIN Cyle,LARIN,1995-04-17,Southampton FC (ENG),188,MARSCH Jesse,True,True,True,False,False
FIFA World Cup 2026,FIFA official final 26 squad docx,Canada,canada,wc2026_canada_10_david_jonathan,10,FW,Jonathan Christian,DAVID,DAVID Jonathan,J. DAVID,2000-01-14,Juventus FC (ITA),175,MARSCH Jesse,True,True,True,False,False
FIFA World Cup 2026,FIFA official final 26 squad docx,Canada,canada,wc2026_canada_11_millar_liam,11,MF,Liam Alan,MILLAR,MILLAR Liam,MILLAR,1999-09-27,Hull City FC (ENG),176,MARSCH Jesse,True,True,True,False,False
FIFA World Cup 2026,FIFA official final 26 squad docx,Canada,canada,wc2026_canada_12_oluwaseyi_tani,12,FW,Tanitoluwa Oluwatimilehin,OLUWASEYI,OLUWASEYI Tani,OLUWASEYI,2000-05-15,Villarreal CF (ESP),187,MARSCH Jesse,True,True,True,False,False
FIFA World Cup 2026,FIFA official final 26 squad docx,Canada,canada,wc2026_canada_13_cornelius_derek,13,DF,Derek Austin,CORNELIUS,CORNELIUS Derek,CORNELIUS,1997-11-25,Rangers FC (SCO),186,MARSCH Jesse,True,True,True,False,False
FIFA World Cup 2026,FIFA official final 26 squad docx,Canada,canada,wc2026_canada_14_shaffelburg_jacob,14,MF,Jacob Everett,SHAFFELBURG,SHAFFELBURG Jacob,SHAFFELBURG,1999-11-26,LAFC (USA),181,MARSCH Jesse,True,True,True,False,False
FIFA World Cup 2026,FIFA official final 26 squad docx,Canada,canada,wc2026_canada_15_bombito_moise,15,DF,Moïse Bombito,LUMPUNGU,BOMBITO Moise,BOMBITO,2000-03-30,OGC Nice (FRA),190,MARSCH Jesse,True,True,True,False,False
FIFA World Cup 2026,FIFA official final 26 squad docx,Canada,canada,wc2026_canada_16_crepeau_maxime,16,GK,Maxime,CRÉPEAU,CREPEAU Maxime,CRÉPEAU,1994-05-11,Orlando City SC (USA),185,MARSCH Jesse,True,True,True,False,False
FIFA World Cup 2026,FIFA official final 26 squad docx,Canada,canada,wc2026_canada_17_buchanan_tajon,17,FW,Tajon Trevor,BUCHANAN,BUCHANAN Tajon,BUCHANAN,1999-02-08,Villarreal CF (ESP),183,MARSCH Jesse,True,True,True,False,False
FIFA World Cup 2026,FIFA official final 26 squad docx,Canada,canada,wc2026_canada_18_goodman_owen,18,GK,Owen Olamidayo,GOODMAN,GOODMAN Owen,GOODMAN,2003-11-27,Barnsley (ENG),193,MARSCH Jesse,True,True,True,False,False
FIFA World Cup 2026,FIFA official final 26 squad docx,Canada,canada,wc2026_canada_19_davies_alphonso,19,DF,Alphonso Boyle,DAVIES,DAVIES Alphonso,DAVIES,2000-11-02,FC Bayern München (GER),183,MARSCH Jesse,True,True,True,False,False
FIFA World Cup 2026,FIFA official final 26 squad docx,Canada,canada,wc2026_canada_20_ahmed_ali,20,FW,Ali,AHMED,AHMED Ali,AHMED,2000-10-10,Norwich City FC (ENG),180,MARSCH Jesse,True,True,True,False,False
FIFA World Cup 2026,FIFA official final 26 squad docx,Canada,canada,wc2026_canada_21_osorio_jonathan,21,MF,Jonathan,OSORIO,OSORIO Jonathan,OSORIO,1992-06-12,Toronto FC (CAN),175,MARSCH Jesse,True,True,True,False,False
FIFA World Cup 2026,FIFA official final 26 squad docx,Canada,canada,wc2026_canada_22_laryea_richie,22,DF,Richmond Mamah,LARYEA,LARYEA Richie,LARYEA,1995-01-07,Toronto FC (CAN),175,MARSCH Jesse,True,True,True,False,False
FIFA World Cup 2026,FIFA official final 26 squad docx,Canada,canada,wc2026_canada_23_sigur_niko,23,DF,Niko Kristian,SIGUR,SIGUR Niko,SIGUR,2003-09-09,HNK Hajduk Split (CRO),178,MARSCH Jesse,True,True,True,False,False
FIFA World Cup 2026,FIFA official final 26 squad docx,Canada,canada,wc2026_canada_24_david_promise,24,FW,Promise Oluwatobi Emmanuel,DAVID,DAVID Promise,PROMISE,2001-07-03,Royale Union Saint-Gilloise (BEL),195,MARSCH Jesse,True,True,True,False,False
FIFA World Cup 2026,FIFA official final 26 squad docx,Canada,canada,wc2026_canada_25_saliba_nathan,25,MF,Nathan-Dylan,SALIBA,SALIBA Nathan,SALIBA,2004-02-07,RSC Anderlecht (BEL),174,MARSCH Jesse,True,True,True,False,False
FIFA World Cup 2026,FIFA official final 26 squad docx,Canada,canada,wc2026_canada_26_flores_marcelo,26,MF,Marcelo,FLORES,FLORES Marcelo,MARCELO,2003-10-01,Tigres UANL (MEX),164,MARSCH Jesse,True,True,True,False,False
FIFA World Cup 2026,FIFA official final 26 squad docx,Colombia,colombia,wc2026_colombia_01_ospina_david,1,GK,David,OSPINA RAMIREZ,OSPINA David,OSPINA,1988-08-31,Atlético Nacional (COL),183,LORENZO Nestor,True,True,True,False,False
FIFA World Cup 2026,FIFA official final 26 squad docx,Colombia,colombia,wc2026_colombia_02_munoz_daniel,2,DF,Daniel,MUÑOZ MEJIA,MUNOZ Daniel,D. MUÑOZ,1996-05-26,Crystal Palace FC (ENG),180,LORENZO Nestor,True,True,True,False,False
FIFA World Cup 2026,FIFA official final 26 squad docx,Colombia,colombia,wc2026_colombia_03_lucumi_jhon,3,DF,Jhon Janer,LUCUMI BONILLA,LUCUMI Jhon,J. LUCUMI,1998-06-26,Bologna FC (ITA),187,LORENZO Nestor,True,True,True,False,False
FIFA World Cup 2026,FIFA official final 26 squad docx,Colombia,colombia,wc2026_colombia_04_arias_santiago,4,DF,Santiago,ARIAS NARANJO,ARIAS Santiago,ARIAS,1992-01-13,CA Independiente (ARG),177,LORENZO Nestor,True,True,True,False,False
FIFA World Cup 2026,FIFA official final 26 squad docx,Colombia,colombia,wc2026_colombia_05_castano_kevin,5,MF,Kevin Duvan,CASTAÑO GIL,CASTANO Kevin,K. CASTAÑO,2000-09-29,CA River Plate (ARG),179,LORENZO Nestor,True,True,True,False,False
FIFA World Cup 2026,FIFA official final 26 squad docx,Colombia,colombia,wc2026_colombia_06_rios_richard,6,MF,Richard,RÍOS MONTOYA,RIOS Richard,RICHARD RIOS,2000-06-02,SL Ben ca (POR),185,LORENZO Nestor,True,True,True,False,False
FIFA World Cup 2026,FIFA official final 26 squad docx,Colombia,colombia,wc2026_colombia_07_diaz_luis,7,FW,Luis Fernando,DÍAZ MARULANDA,DIAZ Luis,LUIS DIAZ,1997-01-13,FC Bayern München (GER),179,LORENZO Nestor,True,True,True,False,False
FIFA World Cup 2026,FIFA official final 26 squad docx,Colombia,colombia,wc2026_colombia_08_carrascal_jorge,8,MF,Jorge Andres,CARRASCAL GUARDO,CARRASCAL Jorge,CARRASCAL,1998-05-25,CR Flamengo (BRA),180,LORENZO Nestor,True,True,True,False,False
FIFA World Cup 2026,FIFA official final 26 squad docx,Colombia,colombia,wc2026_colombia_09_cordoba_jhon,9,FW,Jhon Andrés,CÓRDOBA COPETE,CORDOBA Jhon,CORDOBA,1993-05-11,FC Krasnodar (RUS),186,LORENZO Nestor,True,True,True,False,False
FIFA World Cup 2026,FIFA official final 26 squad docx,Colombia,colombia,wc2026_colombia_10_rodriguez_james,10,MF,James David,RODRÍGUEZ RUBIO,RODRIGUEZ James,JAMES,1991-07-12,Minnesota United FC (USA),181,LORENZO Nestor,True,True,True,False,False
FIFA World Cup 2026,FIFA official final 26 squad docx,Colombia,colombia,wc2026_colombia_11_arias_jhon,11,MF,Jhon Adolfo,ARIAS ANDRADE,ARIAS Jhon,J. ARIAS,1997-09-21,SE Palmeiras (BRA),168,LORENZO Nestor,True,True,True,False,False
FIFA World Cup 2026,FIFA official final 26 squad docx,Colombia,colombia,wc2026_colombia_12_vargas_camilo,12,GK,Camilo Andres,VARGAS GIL,VARGAS Camilo,C. VARGAS,1989-03-09,Atlas FC (MEX),183,LORENZO Nestor,True,True,True,False,False
FIFA World Cup 2026,FIFA official final 26 squad docx,Colombia,colombia,wc2026_colombia_13_mina_yerry,13,DF,Yerry Fernando,MINA GONZALEZ,MINA Yerry,Y. MINA,1994-09-23,Cagliari (ITA),195,LORENZO Nestor,True,True,True,False,False
FIFA World Cup 2026,FIFA official final 26 squad docx,Colombia,colombia,wc2026_colombia_14_puerta_gustavo,14,DF,Gustavo Adolfo,PUERTA MOLANO,PUERTA Gustavo,PUERTA,2003-07-23,Racing Santander (ESP),173,LORENZO Nestor,True,True,True,False,False
FIFA World Cup 2026,FIFA official final 26 squad docx,Colombia,colombia,wc2026_colombia_15_portilla_juan,15,MF,Juan Camilo,PORTILLA OROZCO,PORTILLA Juan,PORTILLA,1998-09-12,Athletico Paranaense (BRA),181,LORENZO Nestor,True,True,True,False,False
FIFA World Cup 2026,FIFA official final 26 squad docx,Colombia,colombia,wc2026_colombia_16_lerma_jefferson,16,MF,Jefferson Andrés,LERMA SOLIS,LERMA Jefferson,J. LERMA,1994-10-25,Crystal Palace FC (ENG),180,LORENZO Nestor,True,True,True,False,False
FIFA World Cup 2026,FIFA official final 26 squad docx,Colombia,colombia,wc2026_colombia_17_mojica_johan,17,DF,Johan Andrés,MOJICA PALACIO,MOJICA Johan,J. MOJICA,1992-08-21,RCD Mallorca (ESP),184,LORENZO Nestor,True,True,True,False,False
FIFA World Cup 2026,FIFA official final 26 squad docx,Colombia,colombia,wc2026_colombia_18_ditta_willer,18,DF,Willer Emilio,DITTA PEREZ,DITTA Willer,W. DITTA,1998-01-23,CF Cruz Azul (MEX),179,LORENZO Nestor,True,True,True,False,False
FIFA World Cup 2026,FIFA official final 26 squad docx,Colombia,colombia,wc2026_colombia_19_hernandez_cucho,19,FW,Juan Camilo,HERNANDEZ SUAREZ,HERNANDEZ Cucho,C. HERNANDEZ,1999-04-20,Real Betis (ESP),176,LORENZO Nestor,True,True,True,False,False
FIFA World Cup 2026,FIFA official final 26 squad docx,Colombia,colombia,wc2026_colombia_20_quintero_juan,20,MF,Juan Fernando,QUINTERO PANIAGUA,QUINTERO Juan,QUINTERO,1993-01-18,CA River Plate (ARG),167,LORENZO Nestor,True,True,True,False,False
FIFA World Cup 2026,FIFA official final 26 squad docx,Colombia,colombia,wc2026_colombia_21_campaz_jaminton,21,FW,Jaminton Leandro,CAMPAZ,CAMPAZ Jaminton,CAMPAZ,2000-05-24,CA Rosario Central (ARG),166,LORENZO Nestor,True,True,True,False,False
FIFA World Cup 2026,FIFA official final 26 squad docx,Colombia,colombia,wc2026_colombia_22_machado_deiver,22,DF,Deiver,MACHADO MENA,MACHADO Deiver,MACHADO,1993-09-02,FC Nantes (FRA),173,LORENZO Nestor,True,True,True,False,False
FIFA World Cup 2026,FIFA official final 26 squad docx,Colombia,colombia,wc2026_colombia_23_sanchez_davinson,23,DF,Davinson,SÁNCHEZ MINA,SANCHEZ Davinson,SANCHEZ,1996-06-12,Galatasaray SK (TUR),188,LORENZO Nestor,True,True,True,False,False
FIFA World Cup 2026,FIFA official final 26 squad docx,Colombia,colombia,wc2026_colombia_24_montero_alvaro,24,GK,Álvaro David,MONTERO PERALES,MONTERO Alvaro,MONTERO,1995-03-29,CA Vélez Sars eld (ARG),201,LORENZO Nestor,True,True,True,False,False
FIFA World Cup 2026,FIFA official final 26 squad docx,Colombia,colombia,wc2026_colombia_25_suarez_luis,25,FW,Luis Javier,SUÁREZ CHARRIS,SUAREZ Luis,SUAREZ,1997-12-02,Sporting CP (POR),179,LORENZO Nestor,True,True,True,False,False
FIFA World Cup 2026,FIFA official final 26 squad docx,Colombia,colombia,wc2026_colombia_26_gomez_andres,26,FW,Carlos Andrés,GÓMEZ HINESTROZA,GOMEZ Andres,A. GOMEZ,2002-09-12,CR Vasco Da Gama (BRA),170,LORENZO Nestor,True,True,True,False,False
FIFA World Cup 2026,FIFA official final 26 squad docx,Congo DR,congo_dr,wc2026_congo_dr_01_mpasi_lionel,1,GK,Lionel Nzau,MPASI,MPASI Lionel,MPASI,1994-08-01,Le Havre AC (FRA),182,DESABRE Sebastien,True,True,True,False,False
FIFA World Cup 2026,FIFA official final 26 squad docx,Congo DR,congo_dr,wc2026_congo_dr_02_wan_bissaka_aaron,2,DF,Wan,BISSAKA,WAN-BISSAKA Aaron,WAN BISSAKA,1997-11-26,West Ham United FC (ENG),183,DESABRE Sebastien,True,True,True,False,False
FIFA World Cup 2026,FIFA official final 26 squad docx,Congo DR,congo_dr,wc2026_congo_dr_03_kapuadi_steve,3,DF,Steve Nkanu,KAPUADI,KAPUADI Steve,KAPUADI,1998-04-30,Widzew Łódź (POL),196,DESABRE Sebastien,True,True,True,False,False
FIFA World Cup 2026,FIFA official final 26 squad docx,Congo DR,congo_dr,wc2026_congo_dr_04_tuanzebe_axel,4,DF,Axel,TUANZEBE,TUANZEBE Axel,TUANZEBE,1997-11-14,Burnley FC (ENG),188,DESABRE Sebastien,True,True,True,False,False
FIFA World Cup 2026,FIFA official final 26 squad docx,Congo DR,congo_dr,wc2026_congo_dr_05_batubinsika_dylan,5,DF,Dylan Buduka,BATUBINSIKA,BATUBINSIKA Dylan,BATUBINSIKA,1996-02-15,AEL FC (GRE),185,DESABRE Sebastien,True,True,True,False,False
FIFA World Cup 2026,FIFA official final 26 squad docx,Congo DR,congo_dr,wc2026_congo_dr_06_mukau_ngalayel,6,MF,Ngal’ayel,MUKAU,MUKAU Ngalayel,MUKAU,2004-11-03,Lille OSC (FRA),186,DESABRE Sebastien,True,True,True,False,False
FIFA World Cup 2026,FIFA official final 26 squad docx,Congo DR,congo_dr,wc2026_congo_dr_07_mbuku_nathanael,7,MF,Nathanaël,MBUKU,MBUKU Nathanael,MBUKU,2002-03-16,Montpellier HSC (FRA),170,DESABRE Sebastien,True,True,True,False,False
FIFA World Cup 2026,FIFA official final 26 squad docx,Congo DR,congo_dr,wc2026_congo_dr_08_moutoussamy_samuel,8,MF,Samuel Alain,MOUTOUSSAMY,MOUTOUSSAMY Samuel,MOUTOUSSAMY,1996-08-12,Atromitos FC (GRE),176,DESABRE Sebastien,True,True,True,False,False
FIFA World Cup 2026,FIFA official final 26 squad docx,Congo DR,congo_dr,wc2026_congo_dr_09_cipenga_brian,9,FW,Kibambe Brian,CIPENGA,CIPENGA Brian,CIPENGA,1998-03-11,CD Castellón (ESP),172,DESABRE Sebastien,True,True,True,False,False
FIFA World Cup 2026,FIFA official final 26 squad docx,Congo DR,congo_dr,wc2026_congo_dr_10_bongonda_theo,10,MF,Theo Mbulofeko Batombo,BONGONDA,BONGONDA Theo,BONGONDA,1995-11-20,FC Spartak Moscow (RUS),176,DESABRE Sebastien,True,True,True,False,False
FIFA World Cup 2026,FIFA official final 26 squad docx,Congo DR,congo_dr,wc2026_congo_dr_11_kakuta_gael,11,FW,Mambenga Gaël Roméo,KAKUTA,KAKUTA Gael,KAKUTA,1991-06-21,AEL FC (GRE),174,DESABRE Sebastien,True,True,True,False,False
FIFA World Cup 2026,FIFA official final 26 squad docx,Congo DR,congo_dr,wc2026_congo_dr_12_kayembe_joris,12,DF,Joris,KAYEMBE-DITU,KAYEMBE Joris,J. KAYEMBE,1994-08-08,KRC Genk (BEL),180,DESABRE Sebastien,True,True,True,False,False
FIFA World Cup 2026,FIFA official final 26 squad docx,Congo DR,congo_dr,wc2026_congo_dr_13_elia_meschack,13,FW,Meschack Lina,ELIA,ELIA Meschack,ELIA,1997-08-06,Alanyaspor (TUR),173,DESABRE Sebastien,True,True,True,False,False
FIFA World Cup 2026,FIFA official final 26 squad docx,Congo DR,congo_dr,wc2026_congo_dr_14_sadiki_noah,14,MF,Noah Junior,SADIKI,SADIKI Noah,SADIKI,2004-12-17,Sunderland AFC (ENG),165,DESABRE Sebastien,True,True,True,False,False
FIFA World Cup 2026,FIFA official final 26 squad docx,Congo DR,congo_dr,wc2026_congo_dr_15_tshibola_aaron,15,MF,Tshibola,AARON,TSHIBOLA Aaron,TSHIBOLA,1995-01-02,Kilmarnock FC (SCO),184,DESABRE Sebastien,True,True,True,False,False
FIFA World Cup 2026,FIFA official final 26 squad docx,Congo DR,congo_dr,wc2026_congo_dr_16_fayulu_timothy,16,GK,Timothy Bruce Munzoko,FAYULU,FAYULU Timothy,FAYULU,1999-07-24,FC Noah (ARM),192,DESABRE Sebastien,True,True,True,False,False
FIFA World Cup 2026,FIFA official final 26 squad docx,Congo DR,congo_dr,wc2026_congo_dr_17_bakambu_cedric,17,FW,Cedric,BAKAMBU,BAKAMBU Cedric,BAKAMBU,1991-04-11,Real Betis (ESP),182,DESABRE Sebastien,True,True,True,False,False
FIFA World Cup 2026,FIFA official final 26 squad docx,Congo DR,congo_dr,wc2026_congo_dr_18_pickel_charles,18,MF,Charles Monginda,PICKEL,PICKEL Charles,PICKEL,1997-05-15,RCD Espanyol (ESP),187,DESABRE Sebastien,True,True,True,False,False
FIFA World Cup 2026,FIFA official final 26 squad docx,Congo DR,congo_dr,wc2026_congo_dr_19_mayele_fiston,19,FW,Mayele Fiston,KALALA,MAYELE Fiston,MAYELE,1994-06-24,Pyramids FC (EGY),185,DESABRE Sebastien,True,True,True,False,False
FIFA World Cup 2026,FIFA official final 26 squad docx,Congo DR,congo_dr,wc2026_congo_dr_20_wissa_yoane,20,FW,Yoane,WISSA,WISSA Yoane,WISSA,1996-09-03,Newcastle United FC (ENG),176,DESABRE Sebastien,True,True,True,False,False
FIFA World Cup 2026,FIFA official final 26 squad docx,Congo DR,congo_dr,wc2026_congo_dr_21_epolo_matthieu,21,GK,Matthieu Luka,EPOLO,EPOLO Matthieu,EPOLO,2005-01-15,Standard Liège (BEL),183,DESABRE Sebastien,True,True,True,False,False
FIFA World Cup 2026,FIFA official final 26 squad docx,Congo DR,congo_dr,wc2026_congo_dr_22_mbemba_chancel,22,DF,Mangulu Chancel,MBEMBA,MBEMBA Chancel,MBEMBA,1994-08-08,Lille OSC (FRA),182,DESABRE Sebastien,True,True,True,False,False
FIFA World Cup 2026,FIFA official final 26 squad docx,Congo DR,congo_dr,wc2026_congo_dr_23_banza_simon,23,FW,Simon Bokote,BANZA,BANZA Simon,BANZA,1996-08-13,Al Jazira (UAE),189,DESABRE Sebastien,True,True,True,False,False
FIFA World Cup 2026,FIFA official final 26 squad docx,Congo DR,congo_dr,wc2026_congo_dr_24_kalulu_gedeon,24,DF,Gédéon Tchingoma Kyatengwa,KALULU,KALULU Gedeon,G. KALULU,1997-08-29,Aris Limassol FC (CYP),178,DESABRE Sebastien,True,True,True,False,False
FIFA World Cup 2026,FIFA official final 26 squad docx,Congo DR,congo_dr,wc2026_congo_dr_25_kayembe_edo,25,MF,Edo Kayembe,KAYEMBE,KAYEMBE Edo,KAYEMBE,1998-06-03,Watford FC (ENG),183,DESABRE Sebastien,True,True,True,False,False
FIFA World Cup 2026,FIFA official final 26 squad docx,Congo DR,congo_dr,wc2026_congo_dr_26_masuaku_arthur,26,DF,Arthur Fuka,MASUAKU KAWELA,MASUAKU Arthur,MASUAKU,1993-11-07,RC Lens (FRA),179,DESABRE Sebastien,True,True,True,False,False
FIFA World Cup 2026,FIFA official final 26 squad docx,Côte D'Ivoire,cote_d_ivoire,wc2026_cote_d_ivoire_01_fofana_yahia,1,GK,Yahia,FOFANA,FOFANA Yahia,Y. FOFANA,2000-08-21,Çaykur Rizespor (TUR),194,FAE Emerse,True,True,True,False,False
FIFA World Cup 2026,FIFA official final 26 squad docx,Côte D'Ivoire,cote_d_ivoire,wc2026_cote_d_ivoire_02_diomande_ousmane,2,DF,Ousmane,DIOMANDE,DIOMANDE Ousmane,O. DIOMANDE,2003-12-04,Sporting CP (POR),190,FAE Emerse,True,True,True,False,False
FIFA World Cup 2026,FIFA official final 26 squad docx,Côte D'Ivoire,cote_d_ivoire,wc2026_cote_d_ivoire_03_konan_ghislain,3,DF,N'clomande Ghislain,KONAN,KONAN Ghislain,G. KONAN,1995-12-27,Gil Vicente FC (POR),176,FAE Emerse,True,True,True,False,False
FIFA World Cup 2026,FIFA official final 26 squad docx,Côte D'Ivoire,cote_d_ivoire,wc2026_cote_d_ivoire_04_seri_jean_michael,4,MF,Jean Michael,SERI,SERI Jean Michael,SERI,1991-07-19,NK Maribor (SVN),168,FAE Emerse,True,True,True,False,False
FIFA World Cup 2026,FIFA official final 26 squad docx,Côte D'Ivoire,cote_d_ivoire,wc2026_cote_d_ivoire_05_singo_wilfried,5,DF,Wilfried Stephane,SINGO,SINGO Wilfried,SINGO,2000-12-25,Galatasaray SK (TUR),182,FAE Emerse,True,True,True,False,False
FIFA World Cup 2026,FIFA official final 26 squad docx,Côte D'Ivoire,cote_d_ivoire,wc2026_cote_d_ivoire_06_fofana_seko,6,MF,Seko Mohamed,FOFANA,FOFANA Seko,FOFANA,1995-05-07,FC Porto (POR),185,FAE Emerse,True,True,True,False,False
FIFA World Cup 2026,FIFA official final 26 squad docx,Côte D'Ivoire,cote_d_ivoire,wc2026_cote_d_ivoire_07_kossounou_odilon,7,DF,Kouakou Odilon Dorgeless,KOSSOUNOU,KOSSOUNOU Odilon,KOSSOUNOU,2001-01-04,Atalanta Bergamo (ITA),191,FAE Emerse,True,True,True,False,False
FIFA World Cup 2026,FIFA official final 26 squad docx,Côte D'Ivoire,cote_d_ivoire,wc2026_cote_d_ivoire_08_kessie_franck,8,MF,Franck Yannick,KESSIE,KESSIE Franck,KESSIE,1996-12-19,Al Ahli FC (KSA),183,FAE Emerse,True,True,True,False,False
FIFA World Cup 2026,FIFA official final 26 squad docx,Côte D'Ivoire,cote_d_ivoire,wc2026_cote_d_ivoire_09_bonny_ange_yoan,9,FW,Ange-Yoan Laurent,BONNY,BONNY Ange-Yoan,BONNY,2003-10-25,FC Internazionale Milano (ITA),189,FAE Emerse,True,True,True,False,False
FIFA World Cup 2026,FIFA official final 26 squad docx,Côte D'Ivoire,cote_d_ivoire,wc2026_cote_d_ivoire_10_adingra_simon,10,FW,Simon,ADINGRA,ADINGRA Simon,ADINGRA,2002-01-01,AS Monaco (FRA),175,FAE Emerse,True,True,True,False,False
FIFA World Cup 2026,FIFA official final 26 squad docx,Côte D'Ivoire,cote_d_ivoire,wc2026_cote_d_ivoire_11_diomande_yan,11,FW,Yan,DIOMANDE,DIOMANDE Yan,YAN DIOMANDE,2006-11-14,RB Leipzig (GER),180,FAE Emerse,True,True,True,False,False
FIFA World Cup 2026,FIFA official final 26 squad docx,Côte D'Ivoire,cote_d_ivoire,wc2026_cote_d_ivoire_12_wahi_elye,12,FW,Sepe Elye Delmas,WAHI,WAHI Elye,WAHI,2003-01-02,OGC Nice (FRA),181,FAE Emerse,True,True,True,False,False
FIFA World Cup 2026,FIFA official final 26 squad docx,Côte D'Ivoire,cote_d_ivoire,wc2026_cote_d_ivoire_13_operi_christopher,13,DF,Christopher Tea Domoraud,OPERI,OPERI Christopher,OPERI,1997-04-29,Başakşehir FK (TUR),183,FAE Emerse,True,True,True,False,False
FIFA World Cup 2026,FIFA official final 26 squad docx,Côte D'Ivoire,cote_d_ivoire,wc2026_cote_d_ivoire_14_diakite_oumar,14,FW,Oumar,DIAKITE,DIAKITE Oumar,DIAKITE,2003-12-20,Cercle Brugge (BEL),182,FAE Emerse,True,True,True,False,False
FIFA World Cup 2026,FIFA official final 26 squad docx,Côte D'Ivoire,cote_d_ivoire,wc2026_cote_d_ivoire_15_diallo_amad,15,FW,Amad,DIALLO,DIALLO Amad,AMAD,2002-07-11,Manchester United FC (ENG),173,FAE Emerse,True,True,True,False,False
FIFA World Cup 2026,FIFA official final 26 squad docx,Côte D'Ivoire,cote_d_ivoire,wc2026_cote_d_ivoire_16_kone_mohamed,16,GK,Mohamed,KONE,KONE Mohamed,KONE,2002-03-07,Sporting Charleroi (BEL),186,FAE Emerse,True,True,True,False,False
FIFA World Cup 2026,FIFA official final 26 squad docx,Côte D'Ivoire,cote_d_ivoire,wc2026_cote_d_ivoire_17_doue_guela,17,DF,Guela Maho-Lewis,DOUE,DOUE Guela,G. DOUE,2002-10-17,RC Strasbourg (FRA),187,FAE Emerse,True,True,True,False,False
FIFA World Cup 2026,FIFA official final 26 squad docx,Côte D'Ivoire,cote_d_ivoire,wc2026_cote_d_ivoire_18_sangare_ibrahim,18,MF,Ibrahim,SANGARE,SANGARE Ibrahim,SANGARE,1997-12-02,Nottingham Forest FC (ENG),191,FAE Emerse,True,True,True,False,False
FIFA World Cup 2026,FIFA official final 26 squad docx,Côte D'Ivoire,cote_d_ivoire,wc2026_cote_d_ivoire_19_pepe_nicolas,19,FW,Nicolas,PEPE,PEPE Nicolas,PEPE,1995-05-29,Villarreal CF (ESP),183,FAE Emerse,True,True,True,False,False
FIFA World Cup 2026,FIFA official final 26 squad docx,Côte D'Ivoire,cote_d_ivoire,wc2026_cote_d_ivoire_20_agbadou_emmanuel,20,DF,Badobre Emmanuel Elysee Djedje,AGBADOU,AGBADOU Emmanuel,AGBADOU,1997-06-17,Beşiktaş JK (TUR),185,FAE Emerse,True,True,True,False,False
FIFA World Cup 2026,FIFA official final 26 squad docx,Côte D'Ivoire,cote_d_ivoire,wc2026_cote_d_ivoire_21_ndicka_evan,21,DF,Obite Evan,NDICKA,NDICKA Evan,NDICKA,1999-08-20,AS Roma (ITA),192,FAE Emerse,True,True,True,False,False
FIFA World Cup 2026,FIFA official final 26 squad docx,Côte D'Ivoire,cote_d_ivoire,wc2026_cote_d_ivoire_22_guessand_evann,22,FW,Evann Ludovic Vidjannagni,GUESSAND,GUESSAND Evann,GUESSAND,2001-07-01,Crystal Palace FC (ENG),188,FAE Emerse,True,True,True,False,False
FIFA World Cup 2026,FIFA official final 26 squad docx,Côte D'Ivoire,cote_d_ivoire,wc2026_cote_d_ivoire_23_lafont_alban,23,GK,Alban-Marc,LAFONT,LAFONT Alban,LAFONT,1999-01-23,Panathinaikos FC (GRE),196,FAE Emerse,True,True,True,False,False
FIFA World Cup 2026,FIFA official final 26 squad docx,Côte D'Ivoire,cote_d_ivoire,wc2026_cote_d_ivoire_24_toure_bazoumana,24,FW,Bazoumana,TOURE,TOURE Bazoumana,TOURE,2006-03-02,TSG Hoffenheim (GER),178,FAE Emerse,True,True,True,False,False
FIFA World Cup 2026,FIFA official final 26 squad docx,Côte D'Ivoire,cote_d_ivoire,wc2026_cote_d_ivoire_25_guiagon_parfait,25,MF,Parfait,GUIAGON,GUIAGON Parfait,GUIAGON,2001-02-22,Sporting Charleroi (BEL),165,FAE Emerse,True,True,True,False,False
FIFA World Cup 2026,FIFA official final 26 squad docx,Côte D'Ivoire,cote_d_ivoire,wc2026_cote_d_ivoire_26_oulai_christ_inao,26,MF,Christ Ravynel Inao,OULAI,OULAI Christ Inao,INAO,2006-04-06,Trabzonspor (TUR),173,FAE Emerse,True,True,True,False,False
FIFA World Cup 2026,FIFA official final 26 squad docx,Croatia,croatia,wc2026_croatia_01_livakovic_dominik,1,GK,Dominik,LIVAKOVIĆ,LIVAKOVIC Dominik,LIVAKOVIĆ,1995-01-09,GNK Dinamo Zagreb (CRO),188,DALIC Zlatko,True,True,True,False,False
FIFA World Cup 2026,FIFA official final 26 squad docx,Croatia,croatia,wc2026_croatia_02_stanisic_josip,2,DF,Josip,STANIŠIĆ,STANISIC Josip,STANIŠIĆ,2000-04-02,FC Bayern München (GER),186,DALIC Zlatko,True,True,True,False,False
FIFA World Cup 2026,FIFA official final 26 squad docx,Croatia,croatia,wc2026_croatia_03_pongracic_marin,3,DF,Marin,PONGRAČIĆ,PONGRACIC Marin,PONGRAČIĆ,1997-09-11,ACF Fiorentina (ITA),193,DALIC Zlatko,True,True,True,False,False
FIFA World Cup 2026,FIFA official final 26 squad docx,Croatia,croatia,wc2026_croatia_04_gvardiol_josko,4,DF,Joško,GVARDIOL,GVARDIOL Josko,GVARDIOL,2002-01-23,Manchester City FC (ENG),185,DALIC Zlatko,True,True,True,False,False
FIFA World Cup 2026,FIFA official final 26 squad docx,Croatia,croatia,wc2026_croatia_05_caleta_car_duje,5,DF,Duje,ĆALETA-CAR,CALETA-CAR Duje,ĆALETA-CAR,1996-09-17,Real Sociedad (ESP),193,DALIC Zlatko,True,True,True,False,False
FIFA World Cup 2026,FIFA official final 26 squad docx,Croatia,croatia,wc2026_croatia_06_sutalo_josip,6,DF,Josip,ŠUTALO,SUTALO Josip,ŠUTALO,2000-02-28,AFC Ajax (NED),185,DALIC Zlatko,True,True,True,False,False
FIFA World Cup 2026,FIFA official final 26 squad docx,Croatia,croatia,wc2026_croatia_07_moro_nikola,7,MF,Nikola,MORO,MORO Nikola,MORO,1998-03-12,Bologna FC (ITA),183,DALIC Zlatko,True,True,True,False,False
FIFA World Cup 2026,FIFA official final 26 squad docx,Croatia,croatia,wc2026_croatia_08_kovacic_mateo,8,MF,Mateo,KOVAČIĆ,KOVACIC Mateo,KOVAČIĆ,1994-05-06,Manchester City FC (ENG),178,DALIC Zlatko,True,True,True,False,False
FIFA World Cup 2026,FIFA official final 26 squad docx,Croatia,croatia,wc2026_croatia_09_kramaric_andrej,9,FW,Andrej,KRAMARIĆ,KRAMARIC Andrej,KRAMARIĆ,1991-06-19,TSG Hoffenheim (GER),177,DALIC Zlatko,True,True,True,False,False
FIFA World Cup 2026,FIFA official final 26 squad docx,Croatia,croatia,wc2026_croatia_10_modric_luka,10,MF,Luka,MODRIĆ,MODRIC Luka,MODRIĆ,1985-09-09,AC Milan (ITA),172,DALIC Zlatko,True,True,True,False,False
FIFA World Cup 2026,FIFA official final 26 squad docx,Croatia,croatia,wc2026_croatia_11_budimir_ante,11,FW,Ante,BUDIMIR,BUDIMIR Ante,BUDIMIR,1991-07-22,CA Osasuna (ESP),190,DALIC Zlatko,True,True,True,False,False
FIFA World Cup 2026,FIFA official final 26 squad docx,Croatia,croatia,wc2026_croatia_12_pandur_ivor,12,GK,Ivor,PANDUR,PANDUR Ivor,PANDUR,2000-03-25,Hull City FC (ENG),187,DALIC Zlatko,True,True,True,False,False
FIFA World Cup 2026,FIFA official final 26 squad docx,Croatia,croatia,wc2026_croatia_13_vlasic_nikola,13,MF,Nikola,VLAŠIĆ,VLASIC Nikola,VLAŠIĆ,1997-10-04,Torino FC (ITA),179,DALIC Zlatko,True,True,True,False,False
FIFA World Cup 2026,FIFA official final 26 squad docx,Croatia,croatia,wc2026_croatia_14_perisic_ivan,14,FW,Ivan,PERIŠIĆ,PERISIC Ivan,PERIŠIĆ,1989-02-02,PSV Eindhoven (NED),186,DALIC Zlatko,True,True,True,False,False
FIFA World Cup 2026,FIFA official final 26 squad docx,Croatia,croatia,wc2026_croatia_15_pasalic_mario,15,MF,Mario,PAŠALIĆ,PASALIC Mario,PAŠALIĆ,1995-02-09,Atalanta Bergamo (ITA),188,DALIC Zlatko,True,True,True,False,False
FIFA World Cup 2026,FIFA official final 26 squad docx,Croatia,croatia,wc2026_croatia_16_baturina_martin,16,MF,Martin,BATURINA,BATURINA Martin,BATURINA,2003-02-16,Como (ITA),172,DALIC Zlatko,True,True,True,False,False
FIFA World Cup 2026,FIFA official final 26 squad docx,Croatia,croatia,wc2026_croatia_17_sucic_petar,17,MF,Petar,SUČIĆ,SUCIC Petar,P. SUČIĆ,2003-10-25,FC Internazionale Milano (ITA),183,DALIC Zlatko,True,True,True,False,False
FIFA World Cup 2026,FIFA official final 26 squad docx,Croatia,croatia,wc2026_croatia_18_jakic_kristijan,18,DF,Kristijan,JAKIĆ,JAKIC Kristijan,JAKIĆ,1997-05-14,FC Augsburg (GER),181,DALIC Zlatko,True,True,True,False,False
FIFA World Cup 2026,FIFA official final 26 squad docx,Croatia,croatia,wc2026_croatia_19_fruk_toni,19,MF,Toni,FRUK,FRUK Toni,FRUK,2001-03-09,HNK Rijeka (CRO),177,DALIC Zlatko,True,True,True,False,False
FIFA World Cup 2026,FIFA official final 26 squad docx,Croatia,croatia,wc2026_croatia_20_matanovic_igor,20,FW,Igor,MATANOVIĆ,MATANOVIC Igor,MATANOVIĆ,2003-03-31,SC Freiburg (GER),194,DALIC Zlatko,True,True,True,False,False
FIFA World Cup 2026,FIFA official final 26 squad docx,Croatia,croatia,wc2026_croatia_21_sucic_luka,21,MF,Luka,SUČIĆ,SUCIC Luka,SUČIĆ,2002-09-08,Real Sociedad (ESP),185,DALIC Zlatko,True,True,True,False,False
FIFA World Cup 2026,FIFA official final 26 squad docx,Croatia,croatia,wc2026_croatia_22_vuskovic_luka,22,DF,Luka,VUŠKOVIĆ,VUSKOVIC Luka,VUŠKOVIĆ,2007-02-24,Hamburger SV (GER),193,DALIC Zlatko,True,True,True,False,False
FIFA World Cup 2026,FIFA official final 26 squad docx,Croatia,croatia,wc2026_croatia_23_kotarski_dominik,23,GK,Dominik,KOTARSKI,KOTARSKI Dominik,KOTARSKI,2000-02-10,FC København (DEN),190,DALIC Zlatko,True,True,True,False,False
FIFA World Cup 2026,FIFA official final 26 squad docx,Croatia,croatia,wc2026_croatia_24_pasalic_marco,24,FW,Marco,PAŠALIĆ,PASALIC Marco,M. PAŠALIĆ,2000-09-14,Orlando City SC (USA),177,DALIC Zlatko,True,True,True,False,False
FIFA World Cup 2026,FIFA official final 26 squad docx,Croatia,croatia,wc2026_croatia_25_erlic_martin,25,DF,Martin,ERLIĆ,ERLIC Martin,ERLIĆ,1998-01-24,FC Midtjylland (DEN),192,DALIC Zlatko,True,True,True,False,False
FIFA World Cup 2026,FIFA official final 26 squad docx,Croatia,croatia,wc2026_croatia_26_musa_petar,26,FW,Petar,MUSA,MUSA Petar,MUSA,1998-03-04,FC Dallas (USA),190,DALIC Zlatko,True,True,True,False,False
FIFA World Cup 2026,FIFA official final 26 squad docx,Curaçao,curacao,wc2026_curacao_01_room_eloy,1,GK,Eloy Victor,ROOM,ROOM Eloy,ROOM,1989-02-06,Miami FC (USA),190,ADVOCAAT Dick,True,True,True,False,False
FIFA World Cup 2026,FIFA official final 26 squad docx,Curaçao,curacao,wc2026_curacao_02_sambo_shurandy,2,DF,Shurandy Ruggerio,SAMBO,SAMBO Shurandy,SAMBO,2001-08-19,Sparta Rotterdam (NED),174,ADVOCAAT Dick,True,True,True,False,False
FIFA World Cup 2026,FIFA official final 26 squad docx,Curaçao,curacao,wc2026_curacao_03_gaari_jurien,3,DF,Juriën Godfried Juan,GAARI,GAARI Jurien,GAARI,1993-12-23,Abha Club (KSA),183,ADVOCAAT Dick,True,True,True,False,False
FIFA World Cup 2026,FIFA official final 26 squad docx,Curaçao,curacao,wc2026_curacao_04_van_eijma_roshon,4,DF,Roshon Felix Romar Jordan,VAN EIJMA,VAN EIJMA Roshon,VAN EIJMA,1998-06-09,RKC Waalwijk (NED),186,ADVOCAAT Dick,True,True,True,False,False
FIFA World Cup 2026,FIFA official final 26 squad docx,Curaçao,curacao,wc2026_curacao_05_floranus_sherel,5,DF,Sherel Constancio,FLORANUS,FLORANUS Sherel,FLORANUS,1998-08-23,PEC Zwolle (NED),181,ADVOCAAT Dick,True,True,True,False,False
FIFA World Cup 2026,FIFA official final 26 squad docx,Curaçao,curacao,wc2026_curacao_06_roemeratoe_godfried,6,MF,Godfried,ROEMERATOE,ROEMERATOE Godfried,ROEMERATOE,1999-08-19,RKC Waalwijk (NED),178,ADVOCAAT Dick,True,True,True,False,False
FIFA World Cup 2026,FIFA official final 26 squad docx,Curaçao,curacao,wc2026_curacao_07_bacuna_juninho,7,MF,Juninho Gracielo,BACUNA,BACUNA Juninho,J. BACUNA,1997-08-07,FC Volendam (NED),178,ADVOCAAT Dick,True,True,True,False,False
FIFA World Cup 2026,FIFA official final 26 squad docx,Curaçao,curacao,wc2026_curacao_08_comenencia_livano,8,MF,Livano Shyron Liomar,COMENENCIA,COMENENCIA Livano,COMENENCIA,2004-02-03,FC Zürich (SUI),185,ADVOCAAT Dick,True,True,True,False,False
FIFA World Cup 2026,FIFA official final 26 squad docx,Curaçao,curacao,wc2026_curacao_09_locadia_juergen,9,FW,Jürgen Leonardo,LOCADIA,LOCADIA Juergen,LOCADIA,1993-11-07,Miami FC (USA),193,ADVOCAAT Dick,True,True,True,False,False
FIFA World Cup 2026,FIFA official final 26 squad docx,Curaçao,curacao,wc2026_curacao_10_bacuna_leandro,10,MF,Leandro Jones Johan,BACUNA,BACUNA Leandro,L. BACUNA,1991-08-21,Iğdır FK (TUR),180,ADVOCAAT Dick,True,True,True,False,False
FIFA World Cup 2026,FIFA official final 26 squad docx,Curaçao,curacao,wc2026_curacao_11_antonisse_jeremy,11,FW,Jeremy Cornelis Jacobus,ANTONISSE,ANTONISSE Jeremy,ANTONISSE,2002-03-29,AE Ki sia FC (GRE),164,ADVOCAAT Dick,True,True,True,False,False
FIFA World Cup 2026,FIFA official final 26 squad docx,Curaçao,curacao,wc2026_curacao_12_hansen_sontje,12,FW,Misjonne Juniffer Naigelino,HANSEN,HANSEN Sontje,HANSEN,2002-05-18,Middlesbrough FC (ENG),176,ADVOCAAT Dick,True,True,True,False,False
FIFA World Cup 2026,FIFA official final 26 squad docx,Curaçao,curacao,wc2026_curacao_13_noslin_tyrese,13,FW,Tyrese Yurvencey,NOSLIN,NOSLIN Tyrese,NOSLIN,2002-09-11,SC Telstar (NED),182,ADVOCAAT Dick,True,True,True,False,False
FIFA World Cup 2026,FIFA official final 26 squad docx,Curaçao,curacao,wc2026_curacao_14_gorre_kenji,14,FW,Kenji Joel,GORRE,GORRE Kenji,GORRE,1994-09-29,Maccabi Haifa FC (ISR),174,ADVOCAAT Dick,True,True,True,False,False
FIFA World Cup 2026,FIFA official final 26 squad docx,Curaçao,curacao,wc2026_curacao_15_martha_arjany,15,MF,Ar'jany Jainel Archenir,MARTHA,MARTHA Arjany,MARTHA,2003-09-04,Rotherham United FC (ENG),180,ADVOCAAT Dick,True,True,True,False,False
FIFA World Cup 2026,FIFA official final 26 squad docx,Curaçao,curacao,wc2026_curacao_16_margaritha_jearl,16,FW,Jearl Erwin,MARGARITHA,MARGARITHA Jearl,MARGARITHA,2000-04-10,SK Beveren (BEL),181,ADVOCAAT Dick,True,True,True,False,False
FIFA World Cup 2026,FIFA official final 26 squad docx,Curaçao,curacao,wc2026_curacao_17_kuwas_brandley,17,FW,Brandley Mack-Olien,KUWAS,KUWAS Brandley,KUWAS,1992-09-19,FC Volendam (NED),181,ADVOCAAT Dick,True,True,True,False,False
FIFA World Cup 2026,FIFA official final 26 squad docx,Curaçao,curacao,wc2026_curacao_18_obispo_armando,18,DF,Armando Maria,OBISPO,OBISPO Armando,OBISPO,1999-03-05,PSV Eindhoven (NED),185,ADVOCAAT Dick,True,True,True,False,False
FIFA World Cup 2026,FIFA official final 26 squad docx,Curaçao,curacao,wc2026_curacao_19_kastaneer_gervane,19,FW,Gervane Zjandric Adonnis,KASTANEER,KASTANEER Gervane,KASTANEER,1996-06-09,Terengganu FC (MAS),189,ADVOCAAT Dick,True,True,True,False,False
FIFA World Cup 2026,FIFA official final 26 squad docx,Curaçao,curacao,wc2026_curacao_20_brenet_joshua,20,DF,Joshua Benjamin,BRENET,BRENET Joshua,BRENET,1994-03-20,Kayserispor (TUR),181,ADVOCAAT Dick,True,True,True,False,False
FIFA World Cup 2026,FIFA official final 26 squad docx,Curaçao,curacao,wc2026_curacao_21_chong_tahith,21,MF,Tahith Jose Girigorio Djorkaef,CHONG,CHONG Tahith,CHONG,1999-12-04,She eld United FC (ENG),185,ADVOCAAT Dick,True,True,True,False,False
FIFA World Cup 2026,FIFA official final 26 squad docx,Curaçao,curacao,wc2026_curacao_22_felida_kevin,22,MF,Kevin Antonio,FELIDA,FELIDA Kevin,FELIDA,1999-11-11,FC Den Bosch (NED),174,ADVOCAAT Dick,True,True,True,False,False
FIFA World Cup 2026,FIFA official final 26 squad docx,Curaçao,curacao,wc2026_curacao_23_bazoer_riechedly,23,DF,Riechedly Guillermo,BAZOER,BAZOER Riechedly,BAZOER,1996-10-12,Konyaspor (TUR),184,ADVOCAAT Dick,True,True,True,False,False
FIFA World Cup 2026,FIFA official final 26 squad docx,Curaçao,curacao,wc2026_curacao_24_fonville_deveron,24,DF,Deveron Lenny,FONVILLE,FONVILLE Deveron,FONVILLE,2003-05-16,NEC Nijmegen (NED),188,ADVOCAAT Dick,True,True,True,False,False
FIFA World Cup 2026,FIFA official final 26 squad docx,Curaçao,curacao,wc2026_curacao_25_bodak_tyrick,25,GK,Tyrick Jeremy,BODAK,BODAK Tyrick,BODAK,2002-05-15,SC Telstar (NED),190,ADVOCAAT Dick,True,True,True,False,False
FIFA World Cup 2026,FIFA official final 26 squad docx,Curaçao,curacao,wc2026_curacao_26_doornbusch_trevor,26,GK,Trevor Irving,DOORNBUSCH,DOORNBUSCH Trevor,DOORNBUSCH,1999-07-06,VVV Venlo (NED),188,ADVOCAAT Dick,True,True,True,False,False
FIFA World Cup 2026,FIFA official final 26 squad docx,Czechia,czechia,wc2026_czechia_01_kovar_matej,1,GK,Matěj,KOVÁŘ,KOVAR Matej,KOVÁŘ,2000-05-17,PSV Eindhoven (NED),196,KOUBEK Miroslav,True,True,True,False,False
FIFA World Cup 2026,FIFA official final 26 squad docx,Czechia,czechia,wc2026_czechia_02_zima_david,2,DF,David,ZIMA,ZIMA David,ZIMA,2000-11-08,SK Slavia Praha (CZE),190,KOUBEK Miroslav,True,True,True,False,False
FIFA World Cup 2026,FIFA official final 26 squad docx,Czechia,czechia,wc2026_czechia_03_holes_tomas,3,DF,Tomáš,HOLEŠ,HOLES Tomas,HOLEŠ,1993-03-31,SK Slavia Praha (CZE),180,KOUBEK Miroslav,True,True,True,False,False
FIFA World Cup 2026,FIFA official final 26 squad docx,Czechia,czechia,wc2026_czechia_04_hranac_robin,4,DF,Robin,HRANÁČ,HRANAC Robin,HRANÁČ,2000-01-29,TSG Hoffenheim (GER),189,KOUBEK Miroslav,True,True,True,False,False
FIFA World Cup 2026,FIFA official final 26 squad docx,Czechia,czechia,wc2026_czechia_05_coufal_vladimir,5,DF,Vladimír,COUFAL,COUFAL Vladimir,COUFAL,1992-08-22,TSG Hoffenheim (GER),175,KOUBEK Miroslav,True,True,True,False,False
FIFA World Cup 2026,FIFA official final 26 squad docx,Czechia,czechia,wc2026_czechia_06_chaloupek_stepan,6,DF,Štěpán,CHALOUPEK,CHALOUPEK Stepan,CHALOUPEK,2003-03-08,SK Slavia Praha (CZE),188,KOUBEK Miroslav,True,True,True,False,False
FIFA World Cup 2026,FIFA official final 26 squad docx,Czechia,czechia,wc2026_czechia_07_krejci_ladislav,7,DF,Ladislav,KREJČÍ,KREJCI Ladislav,KREJČÍ,1999-04-20,Wolverhampton Wanderers FC (ENG),191,KOUBEK Miroslav,True,True,True,False,False
FIFA World Cup 2026,FIFA official final 26 squad docx,Czechia,czechia,wc2026_czechia_08_darida_vladimir,8,MF,Vladimír,DARIDA,DARIDA Vladimir,DARIDA,1990-08-08,FC Hradec Králové (CZE),172,KOUBEK Miroslav,True,True,True,False,False
FIFA World Cup 2026,FIFA official final 26 squad docx,Czechia,czechia,wc2026_czechia_09_hlozek_adam,9,FW,Adam,HLOŽEK,HLOZEK Adam,HLOŽEK,2002-07-25,TSG Hoffenheim (GER),188,KOUBEK Miroslav,True,True,True,False,False
FIFA World Cup 2026,FIFA official final 26 squad docx,Czechia,czechia,wc2026_czechia_10_schick_patrik,10,FW,Patrik,SCHICK,SCHICK Patrik,SCHICK,1996-01-24,Bayer Leverkusen (GER),191,KOUBEK Miroslav,True,True,True,False,False
FIFA World Cup 2026,FIFA official final 26 squad docx,Czechia,czechia,wc2026_czechia_11_kuchta_jan,11,FW,Jan,KUCHTA,KUCHTA Jan,KUCHTA,1997-01-08,AC Sparta Praha (CZE),185,KOUBEK Miroslav,True,True,True,False,False
FIFA World Cup 2026,FIFA official final 26 squad docx,Czechia,czechia,wc2026_czechia_12_cerv_lukas,12,MF,Lukáš,ČERV,CERV Lukas,ČERV,2001-04-10,FC Viktoria Plzeň (CZE),182,KOUBEK Miroslav,True,True,True,False,False
FIFA World Cup 2026,FIFA official final 26 squad docx,Czechia,czechia,wc2026_czechia_13_chytil_mojmir,13,FW,Mojmír,CHYTIL,CHYTIL Mojmir,CHYTIL,1999-04-29,SK Slavia Praha (CZE),187,KOUBEK Miroslav,True,True,True,False,False
FIFA World Cup 2026,FIFA official final 26 squad docx,Czechia,czechia,wc2026_czechia_14_jurasek_david,14,DF,David,JURÁSEK,JURASEK David,JURÁSEK,2000-08-07,SK Slavia Praha (CZE),183,KOUBEK Miroslav,True,True,True,False,False
FIFA World Cup 2026,FIFA official final 26 squad docx,Czechia,czechia,wc2026_czechia_15_sulc_pavel,15,FW,Pavel,ŠULC,SULC Pavel,ŠULC,2000-12-29,Olympique Lyonnais (FRA),177,KOUBEK Miroslav,True,True,True,False,False
FIFA World Cup 2026,FIFA official final 26 squad docx,Czechia,czechia,wc2026_czechia_16_stanek_jindrich,16,GK,Jindřich,STANĚK,STANEK Jindrich,STANĚK,1996-04-27,SK Slavia Praha (CZE),192,KOUBEK Miroslav,True,True,True,False,False
FIFA World Cup 2026,FIFA official final 26 squad docx,Czechia,czechia,wc2026_czechia_17_provod_lukas,17,MF,Lukáš,PROVOD,PROVOD Lukas,PROVOD,1996-10-23,SK Slavia Praha (CZE),191,KOUBEK Miroslav,True,True,True,False,False
FIFA World Cup 2026,FIFA official final 26 squad docx,Czechia,czechia,wc2026_czechia_18_sadilek_michal,18,MF,Michal,SADÍLEK,SADILEK Michal,SADÍLEK,1999-05-31,SK Slavia Praha (CZE),169,KOUBEK Miroslav,True,True,True,False,False
FIFA World Cup 2026,FIFA official final 26 squad docx,Czechia,czechia,wc2026_czechia_19_chory_tomas,19,FW,Tomáš,CHORÝ,CHORY Tomas,CHORÝ,1995-01-26,SK Slavia Praha (CZE),199,KOUBEK Miroslav,True,True,True,False,False
FIFA World Cup 2026,FIFA official final 26 squad docx,Czechia,czechia,wc2026_czechia_20_zeleny_jaroslav,20,DF,Jaroslav,ZELENÝ,ZELENY Jaroslav,ZELENÝ,1992-08-20,AC Sparta Praha (CZE),190,KOUBEK Miroslav,True,True,True,False,False
FIFA World Cup 2026,FIFA official final 26 squad docx,Czechia,czechia,wc2026_czechia_21_doudera_david,21,DF,David,DOUDĚRA,DOUDERA David,DOUDĚRA,1998-05-31,SK Slavia Praha (CZE),175,KOUBEK Miroslav,True,True,True,False,False
FIFA World Cup 2026,FIFA official final 26 squad docx,Czechia,czechia,wc2026_czechia_22_soucek_tomas,22,MF,Tomáš,SOUČEK,SOUCEK Tomas,SOUČEK,1995-02-27,West Ham United FC (ENG),192,KOUBEK Miroslav,True,True,True,False,False
FIFA World Cup 2026,FIFA official final 26 squad docx,Czechia,czechia,wc2026_czechia_23_hornicek_lukas,23,GK,Lukáš,HORNÍČEK,HORNICEK Lukas,HORNÍČEK,2002-07-13,SC Braga (POR),198,KOUBEK Miroslav,True,True,True,False,False
FIFA World Cup 2026,FIFA official final 26 squad docx,Czechia,czechia,wc2026_czechia_24_sojka_alexandr,24,MF,Alexandr,SOJKA,SOJKA Alexandr,SOJKA,2003-04-02,FC Viktoria Plzeň (CZE),188,KOUBEK Miroslav,True,True,True,False,False
FIFA World Cup 2026,FIFA official final 26 squad docx,Czechia,czechia,wc2026_czechia_25_sochurek_hugo,25,MF,Hugo,SOCHŮREK,SOCHUREK Hugo,SOCHŮREK,2008-06-07,AC Sparta Praha (CZE),183,KOUBEK Miroslav,True,True,True,False,False
FIFA World Cup 2026,FIFA official final 26 squad docx,Czechia,czechia,wc2026_czechia_26_visinsky_denis,26,FW,Denis,VIŠINSKÝ,VISINSKY Denis,VIŠINSKÝ,2003-03-21,FC Viktoria Plzeň (CZE),178,KOUBEK Miroslav,True,True,True,False,False
FIFA World Cup 2026,FIFA official final 26 squad docx,Ecuador,ecuador,wc2026_ecuador_01_galindez_hernan,1,GK,Hernán Ismael,GALÍNDEZ,GALINDEZ Hernan,GALINDEZ,1987-03-30,CA Huracán (ARG),189,BECCACECE Sebastian,True,True,True,False,False
FIFA World Cup 2026,FIFA official final 26 squad docx,Ecuador,ecuador,wc2026_ecuador_02_torres_felix,2,DF,Félix Eduardo,TORRES CAICEDO,TORRES Felix,TORRES,1997-01-11,SC Internacional (BRA),187,BECCACECE Sebastian,True,True,True,False,False
FIFA World Cup 2026,FIFA official final 26 squad docx,Ecuador,ecuador,wc2026_ecuador_03_hincapie_piero,3,DF,Piero Martin,HINCAPIÉ REYNA,HINCAPIE Piero,HINCAPIE,2002-01-09,Arsenal FC (ENG),183,BECCACECE Sebastian,True,True,True,False,False
FIFA World Cup 2026,FIFA official final 26 squad docx,Ecuador,ecuador,wc2026_ecuador_04_ordonez_joel,4,DF,Joel Leandro,ORDÓÑEZ GUERRERO,ORDONEZ Joel,ORDÓÑEZ,2004-04-21,Club Brugge (BEL),188,BECCACECE Sebastian,True,True,True,False,False
FIFA World Cup 2026,FIFA official final 26 squad docx,Ecuador,ecuador,wc2026_ecuador_05_alcivar_jordy,5,MF,Jordy Jose,ALCÍVAR MACÍAS,ALCIVAR Jordy,ALCIVAR,1999-08-05,Independiente Del Valle (ECU),168,BECCACECE Sebastian,True,True,True,False,False
FIFA World Cup 2026,FIFA official final 26 squad docx,Ecuador,ecuador,wc2026_ecuador_06_pacho_willian,6,DF,Willian Joel,PACHO TENORIO,PACHO Willian,PACHO,2001-10-16,Paris Saint-Germain (FRA),188,BECCACECE Sebastian,True,True,True,False,False
FIFA World Cup 2026,FIFA official final 26 squad docx,Ecuador,ecuador,wc2026_ecuador_07_estupinan_pervis,7,DF,Pervis Josue,ESTUPIÑÁN TENORIO,ESTUPINAN Pervis,ESTUPIÑÁN,1998-01-21,AC Milan (ITA),175,BECCACECE Sebastian,True,True,True,False,False
FIFA World Cup 2026,FIFA official final 26 squad docx,Ecuador,ecuador,wc2026_ecuador_08_valencia_anthony,8,MF,Anthony Lenin,VALENCIA BAJAÑA,VALENCIA Anthony,A. VALENCIA,2003-07-21,Royal Antwerp FC (BEL),173,BECCACECE Sebastian,True,True,True,False,False
FIFA World Cup 2026,FIFA official final 26 squad docx,Ecuador,ecuador,wc2026_ecuador_09_yeboah_john,9,FW,John,YEBOAH ZAMORA,YEBOAH John,YEBOAH ZAMORA,2000-06-23,Venezia FC (ITA),170,BECCACECE Sebastian,True,True,True,False,False
FIFA World Cup 2026,FIFA official final 26 squad docx,Ecuador,ecuador,wc2026_ecuador_10_paez_kendry,10,MF,Ray Kendry,PAEZ ANDRADE,PAEZ Kendry,PAEZ,2007-05-04,CA River Plate (ARG),178,BECCACECE Sebastian,True,True,True,False,False
FIFA World Cup 2026,FIFA official final 26 squad docx,Ecuador,ecuador,wc2026_ecuador_11_rodriguez_kevin,11,FW,Kevin Jose,RODRÍGUEZ CORTEZ,RODRIGUEZ Kevin,RODRIGUEZ,2000-03-04,Royale Union Saint-Gilloise (BEL),190,BECCACECE Sebastian,True,True,True,False,False
FIFA World Cup 2026,FIFA official final 26 squad docx,Ecuador,ecuador,wc2026_ecuador_12_ramirez_moises,12,GK,Wellington Moisés,RAMÍREZ PRECIADO,RAMIREZ Moises,RAMÍREZ,2000-09-09,AE Ki sia FC (GRE),185,BECCACECE Sebastian,True,True,True,False,False
FIFA World Cup 2026,FIFA official final 26 squad docx,Ecuador,ecuador,wc2026_ecuador_13_valencia_enner,13,FW,Enner Remberto,VALENCIA LASTRA,VALENCIA Enner,E. VALENCIA,1989-11-04,CF Pachuca (MEX),177,BECCACECE Sebastian,True,True,True,False,False
FIFA World Cup 2026,FIFA official final 26 squad docx,Ecuador,ecuador,wc2026_ecuador_14_minda_alan,14,MF,Alan Steve,MINDA GARCIA,MINDA Alan,MINDA,2003-05-14,Atlético Mineiro (BRA),174,BECCACECE Sebastian,True,True,True,False,False
FIFA World Cup 2026,FIFA official final 26 squad docx,Ecuador,ecuador,wc2026_ecuador_15_vite_pedro,15,MF,Pedro Jeampierre,VITE UCA,VITE Pedro,VITE,2002-03-09,Pumas UNAM (MEX),172,BECCACECE Sebastian,True,True,True,False,False
FIFA World Cup 2026,FIFA official final 26 squad docx,Ecuador,ecuador,wc2026_ecuador_16_caicedo_jordy,16,FW,Jordy Josue,CAICEDO MEDINA,CAICEDO Jordy,J. CAICEDO,1997-11-18,CA Huracán (ARG),186,BECCACECE Sebastian,True,True,True,False,False
FIFA World Cup 2026,FIFA official final 26 squad docx,Ecuador,ecuador,wc2026_ecuador_17_preciado_angelo,17,DF,Ángelo Smit,PRECIADO QUIÑONEZ,PRECIADO Angelo,PRECIADO,1998-02-18,Atlético Mineiro (BRA),174,BECCACECE Sebastian,True,True,True,False,False
FIFA World Cup 2026,FIFA official final 26 squad docx,Ecuador,ecuador,wc2026_ecuador_18_castillo_denil,18,MF,Denil Daniel,CASTILLO PRECIADO,CASTILLO Denil,CASTILLO,2004-03-24,FC Midtjylland (DEN),189,BECCACECE Sebastian,True,True,True,False,False
FIFA World Cup 2026,FIFA official final 26 squad docx,Ecuador,ecuador,wc2026_ecuador_19_plata_gonzalo,19,FW,Gonzalo Jordy,PLATA JIMENEZ,PLATA Gonzalo,PLATA,2000-11-01,CR Flamengo (BRA),178,BECCACECE Sebastian,True,True,True,False,False
FIFA World Cup 2026,FIFA official final 26 squad docx,Ecuador,ecuador,wc2026_ecuador_20_angulo_nilson,20,FW,Nilson David,ANGULO RAMIREZ,ANGULO Nilson,ANGULO,2003-06-19,Sunderland AFC (ENG),184,BECCACECE Sebastian,True,True,True,False,False
FIFA World Cup 2026,FIFA official final 26 squad docx,Ecuador,ecuador,wc2026_ecuador_21_franco_alan,21,MF,Alan Steven,FRANCO PALMA,FRANCO Alan,FRANCO,1998-08-21,Atlético Mineiro (BRA),175,BECCACECE Sebastian,True,True,True,False,False
FIFA World Cup 2026,FIFA official final 26 squad docx,Ecuador,ecuador,wc2026_ecuador_22_valle_gonzalo,22,GK,Gonzalo Roberto,VALLE BUSTAMANTE,VALLE Gonzalo,VALLE,1996-02-28,LDU Quito (ECU),186,BECCACECE Sebastian,True,True,True,False,False
FIFA World Cup 2026,FIFA official final 26 squad docx,Ecuador,ecuador,wc2026_ecuador_23_caicedo_moises,23,MF,Moisés Isaac,CAICEDO COROZO,CAICEDO Moises,M. CAICEDO,2001-11-02,Chelsea FC (ENG),178,BECCACECE Sebastian,True,True,True,False,False
FIFA World Cup 2026,FIFA official final 26 squad docx,Ecuador,ecuador,wc2026_ecuador_24_arevalo_jeremy,24,FW,Jeremy Alberto,AREVALO MERA,AREVALO Jeremy,AREVALO,2005-03-19,VfB Stuttgart (GER),182,BECCACECE Sebastian,True,True,True,False,False
FIFA World Cup 2026,FIFA official final 26 squad docx,Ecuador,ecuador,wc2026_ecuador_25_porozo_jackson,25,DF,Jackson Gabriel,POROZO VERNAZA,POROZO Jackson,POROZO,2000-08-04,Club Tijuana (MEX),192,BECCACECE Sebastian,True,True,True,False,False
FIFA World Cup 2026,FIFA official final 26 squad docx,Ecuador,ecuador,wc2026_ecuador_26_medina_yaimar,26,DF,Yaimar Abel,MEDINA ORTIZ,MEDINA Yaimar,MEDINA,2004-11-05,KRC Genk (BEL),173,BECCACECE Sebastian,True,True,True,False,False
FIFA World Cup 2026,FIFA official final 26 squad docx,Egypt,egypt,wc2026_egypt_01_mohamed_elshenawy,1,GK,Mohamed Elsayed Mohamed,ELSHENAWY GOMAA,MOHAMED ELSHENAWY,M. ELSHENAWY,1988-12-18,Al Ahly FC (EGY),191,HOSSAM HASSAN,True,True,True,False,False
FIFA World Cup 2026,FIFA official final 26 squad docx,Egypt,egypt,wc2026_egypt_02_yasser_ibrahim,2,DF,Yasser Ahmed Ibrahim,ELHANAFY,YASSER IBRAHIM,YASSER,1993-02-10,Al Ahly FC (EGY),185,HOSSAM HASSAN,True,True,True,False,False
FIFA World Cup 2026,FIFA official final 26 squad docx,Egypt,egypt,wc2026_egypt_03_mohamed_hany,3,DF,Mohamed Hany Gamal,ELDEMERDASH,MOHAMED HANY,M. HANY,1996-02-02,Al Ahly FC (EGY),175,HOSSAM HASSAN,True,True,True,False,False
FIFA World Cup 2026,FIFA official final 26 squad docx,Egypt,egypt,wc2026_egypt_04_hossam_abdelmaguid,4,DF,Hossam Abdelmegeed Abdelsalam,ABDELMEGEED,HOSSAM ABDELMAGUID,HOSSAM,2001-04-30,Zamalek SC (EGY),193,HOSSAM HASSAN,True,True,True,False,False
FIFA World Cup 2026,FIFA official final 26 squad docx,Egypt,egypt,wc2026_egypt_05_ramy_rabia,5,DF,Ramy Hisham Abdelaziz Moustafa,RABIA,RAMY RABIA,R. RABIAA,1993-05-20,Al Ain FC (UAE),183,HOSSAM HASSAN,True,True,True,False,False
FIFA World Cup 2026,FIFA official final 26 squad docx,Egypt,egypt,wc2026_egypt_06_mohamed_abdelmoneim,6,DF,Mohamed Abdelmoneim Elsayed M,AHMED,MOHAMED ABDELMONEIM,M. ABDELMONIEM,1999-02-01,OGC Nice (FRA),184,HOSSAM HASSAN,True,True,True,False,False
FIFA World Cup 2026,FIFA official final 26 squad docx,Egypt,egypt,wc2026_egypt_07_trezeguet,7,FW,Mahmoud Ahmed Ibrahim,HASSAN,TREZEGUET,M. TREZEGUET,1994-10-01,Al Ahly FC (EGY),181,HOSSAM HASSAN,True,True,True,False,False
FIFA World Cup 2026,FIFA official final 26 squad docx,Egypt,egypt,wc2026_egypt_08_emam_ashour,8,MF,Emam Ashour Metwaly,ABDELGHANY,EMAM ASHOUR,E. ASHOUR,1998-02-20,Al Ahly FC (EGY),180,HOSSAM HASSAN,True,True,True,False,False
FIFA World Cup 2026,FIFA official final 26 squad docx,Egypt,egypt,wc2026_egypt_09_hamza_abdelkarim,9,FW,Hamza Mohamed Abdelkarim E,SELIM,HAMZA ABDELKARIM,ABDELKARIM,2008-01-01,FC Barcelona (ESP),182,HOSSAM HASSAN,True,True,True,False,False
FIFA World Cup 2026,FIFA official final 26 squad docx,Egypt,egypt,wc2026_egypt_10_mohamed_salah,10,FW,Mohamed Salah Hamed Mahrous,GHALY,MOHAMED SALAH,M. SALAH,1992-06-15,Liverpool FC (ENG),175,HOSSAM HASSAN,True,True,True,False,False
FIFA World Cup 2026,FIFA official final 26 squad docx,Egypt,egypt,wc2026_egypt_11_mostafa_zico,11,MF,Mostafa Mohamed Zaky,ABDELRAOUF,MOSTAFA ZICO,ZICO,1997-04-27,Pyramids FC (EGY),179,HOSSAM HASSAN,True,True,True,False,False
FIFA World Cup 2026,FIFA official final 26 squad docx,Egypt,egypt,wc2026_egypt_12_haissem_hassan,12,FW,Haissem Yousry Fouad A,HASSAN,HAISSEM HASSAN,H. HASSAN,2002-02-08,Real Oviedo (ESP),175,HOSSAM HASSAN,True,True,True,False,False
FIFA World Cup 2026,FIFA official final 26 squad docx,Egypt,egypt,wc2026_egypt_13_ahmed_fatouh,13,DF,Ahmed Mohamed Aboelfetouh,MOHAMED,AHMED FATOUH,A. FATOUH,1998-03-22,Zamalek SC (EGY),177,HOSSAM HASSAN,True,True,True,False,False
FIFA World Cup 2026,FIFA official final 26 squad docx,Egypt,egypt,wc2026_egypt_14_hamdy_fathy,14,MF,Hamdy Fathy Abdelhalim,ABDELFATTAH,HAMDY FATHY,H. FATHY,1994-09-29,Al Wakrah SC (QAT),183,HOSSAM HASSAN,True,True,True,False,False
FIFA World Cup 2026,FIFA official final 26 squad docx,Egypt,egypt,wc2026_egypt_15_karim_hafez,15,DF,Karim Hafez Ramadan,SEIFELDIN,KARIM HAFEZ,K. HAFEZ,1996-03-12,Pyramids FC (EGY),174,HOSSAM HASSAN,True,True,True,False,False
FIFA World Cup 2026,FIFA official final 26 squad docx,Egypt,egypt,wc2026_egypt_16_mahdy_soliman,16,GK,Mahdy Mohamed Soliman,IBRAHIM,MAHDY SOLIMAN,M. SOLIMAN,1987-06-08,Zamalek SC (EGY),189,HOSSAM HASSAN,True,True,True,False,False
FIFA World Cup 2026,FIFA official final 26 squad docx,Egypt,egypt,wc2026_egypt_17_mohanad_lashin,17,MF,Mohanad Mostafa Ahmed A,LASHIN,MOHANAD LASHIN,M. LASHIN,1996-05-29,Pyramids FC (EGY),186,HOSSAM HASSAN,True,True,True,False,False
FIFA World Cup 2026,FIFA official final 26 squad docx,Egypt,egypt,wc2026_egypt_18_nabil_donga,18,MF,Nabil Emad Aly Elmahdy,ALY,NABIL DONGA,DONGA,1996-04-06,Al Najmah SC (KSA),179,HOSSAM HASSAN,True,True,True,False,False
FIFA World Cup 2026,FIFA official final 26 squad docx,Egypt,egypt,wc2026_egypt_19_marawan_attia,19,MF,Marawan Attia Fahim,GHALLAB,MARAWAN ATTIA,M. ATTIA,1998-08-01,Al Ahly FC (EGY),176,HOSSAM HASSAN,True,True,True,False,False
FIFA World Cup 2026,FIFA official final 26 squad docx,Egypt,egypt,wc2026_egypt_20_ibrahim_adel,20,FW,Ibrahim Adel Aly Mohamed,HASSAN,IBRAHIM ADEL,I. ADEL,2001-04-23,FC Nordsjælland (DEN),178,HOSSAM HASSAN,True,True,True,False,False
FIFA World Cup 2026,FIFA official final 26 squad docx,Egypt,egypt,wc2026_egypt_21_mahmoud_saber,21,MF,Mahmoud Saber Abdelmohsen H,ABDELMOHSEN,MAHMOUD SABER,M. SABER,2001-07-30,ZED FC (EGY),170,HOSSAM HASSAN,True,True,True,False,False
FIFA World Cup 2026,FIFA official final 26 squad docx,Egypt,egypt,wc2026_egypt_22_omar_marmoush,22,FW,Omar Khaled Mohamed Abdelsalam,MARMOUSH,OMAR MARMOUSH,MARMOUSH,1999-02-07,Manchester City FC (ENG),180,HOSSAM HASSAN,True,True,True,False,False
FIFA World Cup 2026,FIFA official final 26 squad docx,Egypt,egypt,wc2026_egypt_23_mostafa_shoubir,23,GK,Mostafa Ahmed Abdelaziz Mohame,SHOUBIR,MOSTAFA SHOUBIR,SHOUBIR,2000-05-15,Al Ahly FC (EGY),195,HOSSAM HASSAN,True,True,True,False,False
FIFA World Cup 2026,FIFA official final 26 squad docx,Egypt,egypt,wc2026_egypt_24_tarek_alaa,24,DF,Tarek Alaa Abdelghaffar Abdel,ELGEBALY,TAREK ALAA,T. ALAA,2002-01-05,ZED FC (EGY),178,HOSSAM HASSAN,True,True,True,False,False
FIFA World Cup 2026,FIFA official final 26 squad docx,Egypt,egypt,wc2026_egypt_25_zizo,25,FW,Ahmed Mostafa Mohamed,SAYED,ZIZO,ZIZO,1996-01-10,Al Ahly FC (EGY),175,HOSSAM HASSAN,True,True,True,False,False
FIFA World Cup 2026,FIFA official final 26 squad docx,Egypt,egypt,wc2026_egypt_26_mohamed_alaa,26,GK,Mohamed Alaaeldin Soliman M,AHMED,MOHAMED ALAA,M. ALAA,1999-01-01,El Gouna FC (EGY),188,HOSSAM HASSAN,True,True,True,False,False
FIFA World Cup 2026,FIFA official final 26 squad docx,England,england,wc2026_england_01_pickford_jordan,1,GK,Jordan Lee,PICKFORD,PICKFORD Jordan,PICKFORD,1994-03-07,Everton FC (ENG),185,TUCHEL Thomas,True,True,True,False,False
FIFA World Cup 2026,FIFA official final 26 squad docx,England,england,wc2026_england_02_konsa_ezri,2,DF,Ezri Ngoyo,KONSA,KONSA Ezri,KONSA,1997-10-23,Aston Villa FC (ENG),180,TUCHEL Thomas,True,True,True,False,False
FIFA World Cup 2026,FIFA official final 26 squad docx,England,england,wc2026_england_03_oreilly_nico,3,DF,Nico,O'REILLY,OREILLY Nico,O'REILLY,2005-03-21,Manchester City FC (ENG),177,TUCHEL Thomas,True,True,True,False,False
FIFA World Cup 2026,FIFA official final 26 squad docx,England,england,wc2026_england_04_rice_declan,4,MF,Declan,RICE,RICE Declan,RICE,1999-01-14,Arsenal FC (ENG),185,TUCHEL Thomas,True,True,True,False,False
FIFA World Cup 2026,FIFA official final 26 squad docx,England,england,wc2026_england_05_stones_john,5,DF,John,STONES,STONES John,STONES,1994-05-28,Manchester City FC (ENG),188,TUCHEL Thomas,True,True,True,False,False
FIFA World Cup 2026,FIFA official final 26 squad docx,England,england,wc2026_england_06_guehi_marc,6,DF,Addji Keaninkin Marc-Isreal,GUEHI,GUEHI Marc,GUEHI,2000-07-13,Manchester City FC (ENG),183,TUCHEL Thomas,True,True,True,False,False
FIFA World Cup 2026,FIFA official final 26 squad docx,England,england,wc2026_england_07_saka_bukayo,7,FW,Bukayo Ayoyinka,SAKA,SAKA Bukayo,SAKA,2001-09-05,Arsenal FC (ENG),178,TUCHEL Thomas,True,True,True,False,False
FIFA World Cup 2026,FIFA official final 26 squad docx,England,england,wc2026_england_08_anderson_elliot,8,MF,Elliot Junior,ANDERSON,ANDERSON Elliot,ANDERSON,2002-11-06,Nottingham Forest FC (ENG),179,TUCHEL Thomas,True,True,True,False,False
FIFA World Cup 2026,FIFA official final 26 squad docx,England,england,wc2026_england_09_kane_harry,9,FW,Harry Edward,KANE,KANE Harry,KANE,1993-07-28,FC Bayern München (GER),190,TUCHEL Thomas,True,True,True,False,False
FIFA World Cup 2026,FIFA official final 26 squad docx,England,england,wc2026_england_10_bellingham_jude,10,MF,Jude Victor William,BELLINGHAM,BELLINGHAM Jude,BELLINGHAM,2003-06-29,Real Madrid C. F. (ESP),183,TUCHEL Thomas,True,True,True,False,False
FIFA World Cup 2026,FIFA official final 26 squad docx,England,england,wc2026_england_11_rashford_marcus,11,FW,Marcus,RASHFORD,RASHFORD Marcus,RASHFORD,1997-10-31,FC Barcelona (ESP),180,TUCHEL Thomas,True,True,True,False,False
FIFA World Cup 2026,FIFA official final 26 squad docx,England,england,wc2026_england_12_livramento_tino,12,DF,Valentino Francisco,LIVRAMENTO,LIVRAMENTO Tino,LIVRAMENTO,2002-11-12,Newcastle United FC (ENG),182,TUCHEL Thomas,True,True,True,False,False
FIFA World Cup 2026,FIFA official final 26 squad docx,England,england,wc2026_england_13_henderson_dean,13,GK,Dean Bradley,HENDERSON,HENDERSON Dean,D. HENDERSON,1997-03-12,Crystal Palace FC (ENG),188,TUCHEL Thomas,True,True,True,False,False
FIFA World Cup 2026,FIFA official final 26 squad docx,England,england,wc2026_england_14_henderson_jordan,14,MF,Jordan Brian,HENDERSON,HENDERSON Jordan,J. HENDERSON,1990-06-17,Brentford FC (ENG),183,TUCHEL Thomas,True,True,True,False,False
FIFA World Cup 2026,FIFA official final 26 squad docx,England,england,wc2026_england_15_burn_dan,15,DF,Daniel Johnson,BURN,BURN Dan,BURN,1992-05-09,Newcastle United FC (ENG),201,TUCHEL Thomas,True,True,True,False,False
FIFA World Cup 2026,FIFA official final 26 squad docx,England,england,wc2026_england_16_mainoo_kobbie,16,MF,Kobbie Boateng,MAINOO,MAINOO Kobbie,MAINOO,2005-04-19,Manchester United FC (ENG),183,TUCHEL Thomas,True,True,True,False,False
FIFA World Cup 2026,FIFA official final 26 squad docx,England,england,wc2026_england_17_rogers_morgan,17,MF,Morgan Elliot,ROGERS,ROGERS Morgan,ROGERS,2002-07-26,Aston Villa FC (ENG),187,TUCHEL Thomas,True,True,True,False,False
FIFA World Cup 2026,FIFA official final 26 squad docx,England,england,wc2026_england_18_gordon_anthony,18,FW,Anthony Michael,GORDON,GORDON Anthony,GORDON,2001-02-24,Newcastle United FC (ENG),182,TUCHEL Thomas,True,True,True,False,False
FIFA World Cup 2026,FIFA official final 26 squad docx,England,england,wc2026_england_19_watkins_ollie,19,FW,Oliver George Arthur,WATKINS,WATKINS Ollie,WATKINS,1995-12-30,Aston Villa FC (ENG),180,TUCHEL Thomas,True,True,True,False,False
FIFA World Cup 2026,FIFA official final 26 squad docx,England,england,wc2026_england_20_madueke_noni,20,FW,Chukwunonso Azuka Tristan,MADUEKE,MADUEKE Noni,MADUEKE,2002-03-10,Arsenal FC (ENG),182,TUCHEL Thomas,True,True,True,False,False
FIFA World Cup 2026,FIFA official final 26 squad docx,England,england,wc2026_england_21_eze_eberechi,21,MF,Eberechi Oluchi,EZE,EZE Eberechi,EZE,1998-06-29,Arsenal FC (ENG),178,TUCHEL Thomas,True,True,True,False,False
FIFA World Cup 2026,FIFA official final 26 squad docx,England,england,wc2026_england_22_toney_ivan,22,FW,Ivan Benjamin Elijah,TONEY,TONEY Ivan,TONEY,1996-03-16,Al Ahli FC (KSA),185,TUCHEL Thomas,True,True,True,False,False
FIFA World Cup 2026,FIFA official final 26 squad docx,England,england,wc2026_england_23_trafford_james,23,GK,James Harrington,TRAFFORD,TRAFFORD James,TRAFFORD,2002-10-10,Manchester City FC (ENG),197,TUCHEL Thomas,True,True,True,False,False
FIFA World Cup 2026,FIFA official final 26 squad docx,England,england,wc2026_england_24_james_reece,24,DF,Reece Lewis,JAMES,JAMES Reece,JAMES,1999-12-08,Chelsea FC (ENG),180,TUCHEL Thomas,True,True,True,False,False
FIFA World Cup 2026,FIFA official final 26 squad docx,England,england,wc2026_england_25_spence_djed,25,DF,Diop Tehuti Djed-Hotep,SPENCE,SPENCE Djed,SPENCE,2000-08-09,Tottenham Hotspur FC (ENG),184,TUCHEL Thomas,True,True,True,False,False
FIFA World Cup 2026,FIFA official final 26 squad docx,England,england,wc2026_england_26_quansah_jarell,26,DF,Jarell Amorin,QUANSAH,QUANSAH Jarell,QUANSAH,2003-01-29,Bayer Leverkusen (GER),190,TUCHEL Thomas,True,True,True,False,False
FIFA World Cup 2026,FIFA official final 26 squad docx,France,france,wc2026_france_01_samba_brice,1,GK,Brice Lauriche,SAMBA,SAMBA Brice,SAMBA,1994-04-25,Stade Rennais FC (FRA),187,DESCHAMPS Didier,True,True,True,False,False
FIFA World Cup 2026,FIFA official final 26 squad docx,France,france,wc2026_france_02_gusto_malo,2,DF,Malo Arthur,GUSTO,GUSTO Malo,GUSTO,2003-05-19,Chelsea FC (ENG),179,DESCHAMPS Didier,True,True,True,False,False
FIFA World Cup 2026,FIFA official final 26 squad docx,France,france,wc2026_france_03_digne_lucas,3,DF,Lucas,DIGNE,DIGNE Lucas,DIGNE,1993-07-20,Aston Villa FC (ENG),178,DESCHAMPS Didier,True,True,True,False,False
FIFA World Cup 2026,FIFA official final 26 squad docx,France,france,wc2026_france_04_upamecano_dayot,4,DF,Dayotchanculle Oswald,UPAMECANO,UPAMECANO Dayot,UPAMECANO,1998-10-27,FC Bayern München (GER),186,DESCHAMPS Didier,True,True,True,False,False
FIFA World Cup 2026,FIFA official final 26 squad docx,France,france,wc2026_france_05_kounde_jules,5,DF,Jules Olivier,KOUNDE,KOUNDE Jules,KOUNDE,1998-11-12,FC Barcelona (ESP),178,DESCHAMPS Didier,True,True,True,False,False
FIFA World Cup 2026,FIFA official final 26 squad docx,France,france,wc2026_france_06_kone_manu,6,MF,Kouadio Emmanuel Boris,KONE,KONE Manu,KONE,2001-05-17,AS Roma (ITA),185,DESCHAMPS Didier,True,True,True,False,False
FIFA World Cup 2026,FIFA official final 26 squad docx,France,france,wc2026_france_07_dembele_ousmane,7,FW,Masour Ousmane,DEMBELE,DEMBELE Ousmane,DEMBELE,1997-05-15,Paris Saint-Germain (FRA),179,DESCHAMPS Didier,True,True,True,False,False
FIFA World Cup 2026,FIFA official final 26 squad docx,France,france,wc2026_france_08_tchouameni_aurelien,8,MF,Aurélien Djani,TCHOUAMENI,TCHOUAMENI Aurelien,TCHOUAMENI,2000-01-27,Real Madrid C. F. (ESP),188,DESCHAMPS Didier,True,True,True,False,False
FIFA World Cup 2026,FIFA official final 26 squad docx,France,france,wc2026_france_09_thuram_marcus,9,FW,Marcus Lilian,THURAM-ULIEN,THURAM Marcus,THURAM,1997-08-06,FC Internazionale Milano (ITA),192,DESCHAMPS Didier,True,True,True,False,False
FIFA World Cup 2026,FIFA official final 26 squad docx,France,france,wc2026_france_10_mbappe_kylian,10,FW,Kylian,MBAPPE LOTTIN,MBAPPE Kylian,MBAPPE,1998-12-20,Real Madrid C. F. (ESP),180,DESCHAMPS Didier,True,True,True,False,False
FIFA World Cup 2026,FIFA official final 26 squad docx,France,france,wc2026_france_11_olise_michael,11,FW,Michael Akpovie,OLISE,OLISE Michael,OLISE,2001-12-12,FC Bayern München (GER),184,DESCHAMPS Didier,True,True,True,False,False
FIFA World Cup 2026,FIFA official final 26 squad docx,France,france,wc2026_france_12_barcola_bradley,12,FW,Bradley Jean-Manuel Essolisa A,BARCOLA,BARCOLA Bradley,BARCOLA,2002-09-02,Paris Saint-Germain (FRA),187,DESCHAMPS Didier,True,True,True,False,False
FIFA World Cup 2026,FIFA official final 26 squad docx,France,france,wc2026_france_13_kante_ngolo,13,MF,N'golo,KANTE,KANTE Ngolo,KANTE,1991-03-29,Fenerbahçe SK (TUR),171,DESCHAMPS Didier,True,True,True,False,False
FIFA World Cup 2026,FIFA official final 26 squad docx,France,france,wc2026_france_14_rabiot_adrien,14,MF,Adrien Thibault Marie,RABIOT,RABIOT Adrien,RABIOT,1995-04-03,AC Milan (ITA),191,DESCHAMPS Didier,True,True,True,False,False
FIFA World Cup 2026,FIFA official final 26 squad docx,France,france,wc2026_france_15_konate_ibrahima,15,DF,Ibrahima,KONATÉ,KONATE Ibrahima,KONATE,1999-05-25,Liverpool FC (ENG),194,DESCHAMPS Didier,True,True,True,False,False
FIFA World Cup 2026,FIFA official final 26 squad docx,France,france,wc2026_france_16_maignan_mike,16,GK,Mike Peterson,MAIGNAN,MAIGNAN Mike,MAIGNAN,1995-07-03,AC Milan (ITA),191,DESCHAMPS Didier,True,True,True,False,False
FIFA World Cup 2026,FIFA official final 26 squad docx,France,france,wc2026_france_17_saliba_william,17,DF,William Alain André Gabriel,SALIBA,SALIBA William,SALIBA,2001-03-24,Arsenal FC (ENG),192,DESCHAMPS Didier,True,True,True,False,False
FIFA World Cup 2026,FIFA official final 26 squad docx,France,france,wc2026_france_18_zaire_emery_warren,18,MF,Warren Marie Jean-Pierre,ZAÏRE-EMERY,ZAIRE-EMERY Warren,ZAIRE EMERY,2006-03-08,Paris Saint-Germain (FRA),176,DESCHAMPS Didier,True,True,True,False,False
FIFA World Cup 2026,FIFA official final 26 squad docx,France,france,wc2026_france_19_hernandez_theo,19,DF,Théo Bernard François,HERNANDEZ,HERNANDEZ Theo,T. HERNANDEZ,1997-10-06,Al Hilal SC (KSA),184,DESCHAMPS Didier,True,True,True,False,False
FIFA World Cup 2026,FIFA official final 26 squad docx,France,france,wc2026_france_20_doue_desire,20,FW,Désiré Nonka-Maho,DOUE,DOUE Desire,DOUE,2005-06-03,Paris Saint-Germain (FRA),182,DESCHAMPS Didier,True,True,True,False,False
FIFA World Cup 2026,FIFA official final 26 squad docx,France,france,wc2026_france_21_hernandez_lucas,21,DF,Lucas Francois Bernard,HERNANDEZ,HERNANDEZ Lucas,L. HERNANDEZ,1996-02-14,Paris Saint-Germain (FRA),184,DESCHAMPS Didier,True,True,True,False,False
FIFA World Cup 2026,FIFA official final 26 squad docx,France,france,wc2026_france_22_mateta_jean_philippe,22,FW,Jean-Philippe,MATETA,MATETA Jean-Philippe,MATETA,1997-06-28,Crystal Palace FC (ENG),192,DESCHAMPS Didier,True,True,True,False,False
FIFA World Cup 2026,FIFA official final 26 squad docx,France,france,wc2026_france_23_risser_robin,23,GK,Robin François Philippe,RISSER,RISSER Robin,RISSER,2004-12-02,RC Lens (FRA),193,DESCHAMPS Didier,True,True,True,False,False
FIFA World Cup 2026,FIFA official final 26 squad docx,France,france,wc2026_france_24_cherki_rayan,24,MF,Mathis Rayan,CHERKI,CHERKI Rayan,CHERKI,2003-08-17,Manchester City FC (ENG),180,DESCHAMPS Didier,True,True,True,False,False
FIFA World Cup 2026,FIFA official final 26 squad docx,France,france,wc2026_france_25_akliouche_maghnes,25,MF,Maghnes,AKLIOUCHE,AKLIOUCHE Maghnes,AKLIOUCHE,2002-02-25,AS Monaco (FRA),183,DESCHAMPS Didier,True,True,True,False,False
FIFA World Cup 2026,FIFA official final 26 squad docx,France,france,wc2026_france_26_lacroix_maxence,26,DF,Maxence Guy,LACROIX,LACROIX Maxence,LACROIX,2000-04-06,Crystal Palace FC (ENG),192,DESCHAMPS Didier,True,True,True,False,False
FIFA World Cup 2026,FIFA official final 26 squad docx,Germany,germany,wc2026_germany_01_neuer_manuel,1,GK,Manuel Peter,NEUER,NEUER Manuel,NEUER,1986-03-27,FC Bayern München (GER),193,NAGELSMANN Julian,True,True,True,False,False
FIFA World Cup 2026,FIFA official final 26 squad docx,Germany,germany,wc2026_germany_02_ruediger_antonio,2,DF,Antonio,RÜDIGER,RUEDIGER Antonio,RÜDIGER,1993-03-03,Real Madrid C. F. (ESP),190,NAGELSMANN Julian,True,True,True,False,False
FIFA World Cup 2026,FIFA official final 26 squad docx,Germany,germany,wc2026_germany_03_anton_waldemar,3,DF,Waldemar,ANTON,ANTON Waldemar,ANTON,1996-07-20,Borussia Dortmund (GER),189,NAGELSMANN Julian,True,True,True,False,False
FIFA World Cup 2026,FIFA official final 26 squad docx,Germany,germany,wc2026_germany_04_tah_jonathan,4,DF,Jonathan Glao,TAH,TAH Jonathan,TAH,1996-02-11,FC Bayern München (GER),195,NAGELSMANN Julian,True,True,True,False,False
FIFA World Cup 2026,FIFA official final 26 squad docx,Germany,germany,wc2026_germany_05_pavlovic_aleksandar,5,MF,Aleksandar,PAVLOVIĆ,PAVLOVIC Aleksandar,PAVLOVIĆ,2004-05-03,FC Bayern München (GER),188,NAGELSMANN Julian,True,True,True,False,False
FIFA World Cup 2026,FIFA official final 26 squad docx,Germany,germany,wc2026_germany_06_kimmich_joshua,6,DF,Joshua Walter,KIMMICH,KIMMICH Joshua,KIMMICH,1995-02-08,FC Bayern München (GER),177,NAGELSMANN Julian,True,True,True,False,False
FIFA World Cup 2026,FIFA official final 26 squad docx,Germany,germany,wc2026_germany_07_havertz_kai,7,FW,Kai Lukas,HAVERTZ,HAVERTZ Kai,HAVERTZ,1999-06-11,Arsenal FC (ENG),190,NAGELSMANN Julian,True,True,True,False,False
FIFA World Cup 2026,FIFA official final 26 squad docx,Germany,germany,wc2026_germany_08_goretzka_leon,8,MF,Leon Christoph,GORETZKA,GORETZKA Leon,GORETZKA,1995-02-06,FC Bayern München (GER),189,NAGELSMANN Julian,True,True,True,False,False
FIFA World Cup 2026,FIFA official final 26 squad docx,Germany,germany,wc2026_germany_09_leweling_jamie,9,MF,Jamie Jaleel Jeremy,LEWELING,LEWELING Jamie,LEWELING,2001-02-26,VfB Stuttgart (GER),185,NAGELSMANN Julian,True,True,True,False,False
FIFA World Cup 2026,FIFA official final 26 squad docx,Germany,germany,wc2026_germany_10_musiala_jamal,10,MF,Jamal,MUSIALA,MUSIALA Jamal,MUSIALA,2003-02-26,FC Bayern München (GER),180,NAGELSMANN Julian,True,True,True,False,False
FIFA World Cup 2026,FIFA official final 26 squad docx,Germany,germany,wc2026_germany_11_woltemade_nick,11,FW,Nick,WOLTEMADE,WOLTEMADE Nick,WOLTEMADE,2002-02-14,Newcastle United FC (ENG),198,NAGELSMANN Julian,True,True,True,False,False
FIFA World Cup 2026,FIFA official final 26 squad docx,Germany,germany,wc2026_germany_12_baumann_oliver,12,GK,Oliver,BAUMANN,BAUMANN Oliver,BAUMANN,1990-06-02,TSG Hoffenheim (GER),187,NAGELSMANN Julian,True,True,True,False,False
FIFA World Cup 2026,FIFA official final 26 squad docx,Germany,germany,wc2026_germany_13_gross_pascal,13,MF,Pascal Alexander,GROß,GROSS Pascal,GROß,1991-06-15,Brighton & Hove Albion FC (ENG),181,NAGELSMANN Julian,True,True,True,False,False
FIFA World Cup 2026,FIFA official final 26 squad docx,Germany,germany,wc2026_germany_14_beier_maximilian,14,FW,Maximilian,BEIER,BEIER Maximilian,BEIER,2002-10-17,Borussia Dortmund (GER),185,NAGELSMANN Julian,True,True,True,False,False
FIFA World Cup 2026,FIFA official final 26 squad docx,Germany,germany,wc2026_germany_15_schlotterbeck_nico,15,DF,Nico Cédric,SCHLOTTERBECK,SCHLOTTERBECK Nico,SCHLOTTERBECK,1999-12-01,Borussia Dortmund (GER),191,NAGELSMANN Julian,True,True,True,False,False
FIFA World Cup 2026,FIFA official final 26 squad docx,Germany,germany,wc2026_germany_16_stiller_angelo,16,MF,Angelo Nicolas,STILLER,STILLER Angelo,STILLER,2001-04-04,VfB Stuttgart (GER),183,NAGELSMANN Julian,True,True,True,False,False
FIFA World Cup 2026,FIFA official final 26 squad docx,Germany,germany,wc2026_germany_17_wirtz_florian,17,MF,Florian Richard,WIRTZ,WIRTZ Florian,WIRTZ,2003-05-03,Liverpool FC (ENG),176,NAGELSMANN Julian,True,True,True,False,False
FIFA World Cup 2026,FIFA official final 26 squad docx,Germany,germany,wc2026_germany_18_brown_nathaniel,18,DF,Nathaniel Christopher,BROWN,BROWN Nathaniel,BROWN,2003-06-16,Eintracht Frankfurt (GER),176,NAGELSMANN Julian,True,True,True,False,False
FIFA World Cup 2026,FIFA official final 26 squad docx,Germany,germany,wc2026_germany_19_sane_leroy,19,MF,Leroy Aziz,SANÉ,SANE Leroy,SANÉ,1996-01-11,Galatasaray SK (TUR),183,NAGELSMANN Julian,True,True,True,False,False
FIFA World Cup 2026,FIFA official final 26 squad docx,Germany,germany,wc2026_germany_20_amiri_nadiem,20,MF,Nadiem,AMIRI,AMIRI Nadiem,AMIRI,1996-10-27,1. FSV Mainz 05 (GER),178,NAGELSMANN Julian,True,True,True,False,False
FIFA World Cup 2026,FIFA official final 26 squad docx,Germany,germany,wc2026_germany_21_nuebel_alexander,21,GK,Alexander,NÜBEL,NUEBEL Alexander,NÜBEL,1996-09-30,VfB Stuttgart (GER),193,NAGELSMANN Julian,True,True,True,False,False
FIFA World Cup 2026,FIFA official final 26 squad docx,Germany,germany,wc2026_germany_22_raum_david,22,DF,David,RAUM,RAUM David,RAUM,1998-04-22,RB Leipzig (GER),180,NAGELSMANN Julian,True,True,True,False,False
FIFA World Cup 2026,FIFA official final 26 squad docx,Germany,germany,wc2026_germany_23_nmecha_felix,23,MF,Felix Kalu,NMECHA,NMECHA Felix,NMECHA,2000-10-10,Borussia Dortmund (GER),190,NAGELSMANN Julian,True,True,True,False,False
FIFA World Cup 2026,FIFA official final 26 squad docx,Germany,germany,wc2026_germany_24_thiaw_malick,24,DF,Malick,THIAW,THIAW Malick,THIAW,2001-08-08,Newcastle United FC (ENG),194,NAGELSMANN Julian,True,True,True,False,False
FIFA World Cup 2026,FIFA official final 26 squad docx,Germany,germany,wc2026_germany_25_karl_lennart,25,MF,Lennart,KARL,KARL Lennart,KARL,2008-02-22,FC Bayern München (GER),170,NAGELSMANN Julian,True,True,True,False,False
FIFA World Cup 2026,FIFA official final 26 squad docx,Germany,germany,wc2026_germany_26_undav_deniz,26,FW,Deniz,UNDAV,UNDAV Deniz,UNDAV,1996-07-19,VfB Stuttgart (GER),179,NAGELSMANN Julian,True,True,True,False,False
FIFA World Cup 2026,FIFA official final 26 squad docx,Ghana,ghana,wc2026_ghana_01_zigi_lawrence_ati,1,GK,Lawrence Ati,ZIGI,ZIGI Lawrence Ati,ZIGI,1996-11-29,FC St. Gallen (SUI),188,CARLOS QUEIROZ,True,True,True,False,False
FIFA World Cup 2026,FIFA official final 26 squad docx,Ghana,ghana,wc2026_ghana_02_seidu_alidu,2,DF,Alidu,SEIDU,SEIDU Alidu,SEIDU,2000-06-04,Stade Rennais FC (FRA),173,CARLOS QUEIROZ,True,True,True,False,False
FIFA World Cup 2026,FIFA official final 26 squad docx,Ghana,ghana,wc2026_ghana_03_yirenkyi_caleb,3,MF,Caleb Marfo,YIRENKYI,YIRENKYI Caleb,CALEB,2006-01-15,FC Nordsjælland (DEN),182,CARLOS QUEIROZ,True,True,True,False,False
FIFA World Cup 2026,FIFA official final 26 squad docx,Ghana,ghana,wc2026_ghana_04_adjetey_jonas,4,DF,Jonas Adjei,ADJETEY,ADJETEY Jonas,ADJETEY,2003-12-13,VfL Wolfsburg (GER),188,CARLOS QUEIROZ,True,True,True,False,False
FIFA World Cup 2026,FIFA official final 26 squad docx,Ghana,ghana,wc2026_ghana_05_partey_thomas,5,MF,Thomas Teye,PARTEY,PARTEY Thomas,THOMAS,1993-06-13,Villarreal CF (ESP),185,CARLOS QUEIROZ,True,True,True,False,False
FIFA World Cup 2026,FIFA official final 26 squad docx,Ghana,ghana,wc2026_ghana_06_mumin_abdul,6,DF,Abdul Mumin,SULEMAN,MUMIN Abdul,SULEMAN,1998-06-06,Rayo Vallecano (ESP),188,CARLOS QUEIROZ,True,True,True,False,False
FIFA World Cup 2026,FIFA official final 26 squad docx,Ghana,ghana,wc2026_ghana_07_issahaku_fatawu,7,FW,Abdul Fatawu,ISSAHAKU,ISSAHAKU Fatawu,FATAWU,2004-03-08,Leicester City FC (ENG),177,CARLOS QUEIROZ,True,True,True,False,False
FIFA World Cup 2026,FIFA official final 26 squad docx,Ghana,ghana,wc2026_ghana_08_sibo_kwasi,8,MF,Kwasi,SIBO,SIBO Kwasi,SIBO,1998-06-24,Real Oviedo (ESP),183,CARLOS QUEIROZ,True,True,True,False,False
FIFA World Cup 2026,FIFA official final 26 squad docx,Ghana,ghana,wc2026_ghana_09_ayew_jordan,9,FW,Jordan Pierre,AYEW,AYEW Jordan,AYEW,1991-09-11,Leicester City FC (ENG),182,CARLOS QUEIROZ,True,True,True,False,False
FIFA World Cup 2026,FIFA official final 26 squad docx,Ghana,ghana,wc2026_ghana_10_thomas_asante_brandon,10,FW,Solomon Brandon Michael Clarke,THOMAS-ASANTE,THOMAS-ASANTE Brandon,ASANTE,1998-12-29,Coventry City FC (ENG),182,CARLOS QUEIROZ,True,True,True,False,False
FIFA World Cup 2026,FIFA official final 26 squad docx,Ghana,ghana,wc2026_ghana_11_semenyo_antoine,11,MF,Antoine Serlom,SEMENYO,SEMENYO Antoine,SEMENYO,2000-01-07,Manchester City FC (ENG),185,CARLOS QUEIROZ,True,True,True,False,False
FIFA World Cup 2026,FIFA official final 26 squad docx,Ghana,ghana,wc2026_ghana_12_anang_joseph,12,GK,Joseph Tetteh,ANANG,ANANG Joseph,ANANG,2000-06-08,St Patrick's Athletic FC (IRL),190,CARLOS QUEIROZ,True,True,True,False,False
FIFA World Cup 2026,FIFA official final 26 squad docx,Ghana,ghana,wc2026_ghana_13_baah_christopher_bonsu,13,FW,Christopher Bonsu,BAAH,BAAH Christopher Bonsu,BAAH,2004-12-14,Al Qadsiah FC (KSA),172,CARLOS QUEIROZ,True,True,True,False,False
FIFA World Cup 2026,FIFA official final 26 squad docx,Ghana,ghana,wc2026_ghana_14_mensah_gideon,14,DF,Gideon,MENSAH,MENSAH Gideon,MENSAH,1998-07-18,AJ Auxerre (FRA),178,CARLOS QUEIROZ,True,True,True,False,False
FIFA World Cup 2026,FIFA official final 26 squad docx,Ghana,ghana,wc2026_ghana_15_owusu_elisha,15,MF,Elisha,OWUSU,OWUSU Elisha,OWUSU,1997-11-07,AJ Auxerre (FRA),182,CARLOS QUEIROZ,True,True,True,False,False
FIFA World Cup 2026,FIFA official final 26 squad docx,Ghana,ghana,wc2026_ghana_16_asare_benjamin,16,GK,Benjamin,ASARE,ASARE Benjamin,ASARE,1992-07-13,Hearts Of Oak SC (GHA),188,CARLOS QUEIROZ,True,True,True,False,False
FIFA World Cup 2026,FIFA official final 26 squad docx,Ghana,ghana,wc2026_ghana_17_rahman_baba,17,DF,Abdul Rahaman,BABA,RAHMAN Baba,BABA,1994-07-02,PAOK Saloniki (GRE),179,CARLOS QUEIROZ,True,True,True,False,False
FIFA World Cup 2026,FIFA official final 26 squad docx,Ghana,ghana,wc2026_ghana_18_opoku_jerome,18,DF,Jerome,OPOKU,OPOKU Jerome,OPOKU,1998-10-14,Başakşehir FK (TUR),197,CARLOS QUEIROZ,True,True,True,False,False
FIFA World Cup 2026,FIFA official final 26 squad docx,Ghana,ghana,wc2026_ghana_19_williams_inaki,19,FW,Inaki,WILLIAMS ARTHUER,WILLIAMS Inaki,WILLIAMS,1994-06-15,Athletic Club (ESP),186,CARLOS QUEIROZ,True,True,True,False,False
FIFA World Cup 2026,FIFA official final 26 squad docx,Ghana,ghana,wc2026_ghana_20_boakye_augustine,20,MF,Augustine,BOAKYE,BOAKYE Augustine,BOAKYE,2000-11-03,AS Saint-Etienne (FRA),178,CARLOS QUEIROZ,True,True,True,False,False
FIFA World Cup 2026,FIFA official final 26 squad docx,Ghana,ghana,wc2026_ghana_21_oppong_kojo_peprah,21,DF,Kojo Peprah,OPPONG,OPPONG Kojo Peprah,PEPRAH,2004-06-04,OGC Nice (FRA),185,CARLOS QUEIROZ,True,True,True,False,False
FIFA World Cup 2026,FIFA official final 26 squad docx,Ghana,ghana,wc2026_ghana_22_sulemana_kamaldeen,22,FW,Kamal Deen,SULEMANA,SULEMANA Kamaldeen,KAMALDEEN,2002-02-15,Atalanta Bergamo (ITA),174,CARLOS QUEIROZ,True,True,True,False,False
FIFA World Cup 2026,FIFA official final 26 squad docx,Ghana,ghana,wc2026_ghana_23_luckassen_derrick,23,DF,Derrick,LUCKASSEN,LUCKASSEN Derrick,LUCKASSEN,1995-07-03,Pafos FC (CYP),188,CARLOS QUEIROZ,True,True,True,False,False
FIFA World Cup 2026,FIFA official final 26 squad docx,Ghana,ghana,wc2026_ghana_24_nuamah_ernest,24,FW,Ernest Nuamah,APPIAH,NUAMAH Ernest,NUAMAH,2003-11-01,Olympique Lyonnais (FRA),178,CARLOS QUEIROZ,True,True,True,False,False
FIFA World Cup 2026,FIFA official final 26 squad docx,Ghana,ghana,wc2026_ghana_25_adu_prince,25,FW,Prince Kwabena,ADU,ADU Prince,ADU,2003-09-23,FC Viktoria Plzeň (CZE),179,CARLOS QUEIROZ,True,True,True,False,False
FIFA World Cup 2026,FIFA official final 26 squad docx,Ghana,ghana,wc2026_ghana_26_senaya_marvin,26,DF,Marvin Elom,SENAYA,SENAYA Marvin,SENEYA,2001-01-28,AJ Auxerre (FRA),181,CARLOS QUEIROZ,True,True,True,False,False
FIFA World Cup 2026,FIFA official final 26 squad docx,Haiti,haiti,wc2026_haiti_01_placide_johny,1,GK,Johny,PLACIDE,PLACIDE Johny,PLACIDE,1988-01-29,SC Bastia (FRA),181,MIGNE Sebastien,True,True,True,False,False
FIFA World Cup 2026,FIFA official final 26 squad docx,Haiti,haiti,wc2026_haiti_02_arcus_carlens,2,DF,Carlens Jean Fedlaire Ruby,ARCUS,ARCUS Carlens,ARCUS,1996-06-28,Angers SCO (FRA),180,MIGNE Sebastien,True,True,True,False,False
FIFA World Cup 2026,FIFA official final 26 squad docx,Haiti,haiti,wc2026_haiti_03_thermoncy_keeto,3,DF,Keeto,THERMONCY,THERMONCY Keeto,THERMONCY,2006-03-29,BSC Young Boys (SUI),179,MIGNE Sebastien,True,True,True,False,False
FIFA World Cup 2026,FIFA official final 26 squad docx,Haiti,haiti,wc2026_haiti_04_ade_ricardo,4,DF,Ricardo,ADE,ADE Ricardo,ADE,1990-05-21,LDU Quito (ECU),190,MIGNE Sebastien,True,True,True,False,False
FIFA World Cup 2026,FIFA official final 26 squad docx,Haiti,haiti,wc2026_haiti_05_delcroix_hannes,5,DF,Hannes Piterson D,DELCROIX,DELCROIX Hannes,DELCROIX,1999-02-28,FC Lugano (SUI),183,MIGNE Sebastien,True,True,True,False,False
FIFA World Cup 2026,FIFA official final 26 squad docx,Haiti,haiti,wc2026_haiti_06_sainte_carl,6,MF,Carl Fred,SAINTE,SAINTE Carl,SAINTE,2002-08-09,El Paso Locomotive FC (USA),182,MIGNE Sebastien,True,True,True,False,False
FIFA World Cup 2026,FIFA official final 26 squad docx,Haiti,haiti,wc2026_haiti_07_etienne_derrick,7,FW,Derrick Burckley,ETIENNE JR,ETIENNE Derrick,ETIENNE JR,1996-11-25,Toronto FC (CAN),178,MIGNE Sebastien,True,True,True,False,False
FIFA World Cup 2026,FIFA official final 26 squad docx,Haiti,haiti,wc2026_haiti_08_experience_martin,8,DF,Martin Yves Roberns Didier,EXPERIENCE,EXPERIENCE Martin,EXPERIENCE,1999-03-09,AS Nancy (FRA),178,MIGNE Sebastien,True,True,True,False,False
FIFA World Cup 2026,FIFA official final 26 squad docx,Haiti,haiti,wc2026_haiti_09_nazon_duckens,9,FW,Duckens,NAZON,NAZON Duckens,NAZON,1994-04-07,Esteghlal Tehran FC (IRN),181,MIGNE Sebastien,True,True,True,False,False
FIFA World Cup 2026,FIFA official final 26 squad docx,Haiti,haiti,wc2026_haiti_10_bellegarde_jean_ricner,10,MF,Jean Ricner,BELLEGARDE,BELLEGARDE Jean-Ricner,BELLEGARDE,1998-06-27,Wolverhampton Wanderers FC (ENG),170,MIGNE Sebastien,True,True,True,False,False
FIFA World Cup 2026,FIFA official final 26 squad docx,Haiti,haiti,wc2026_haiti_11_deedson_louicius,11,FW,Don Louicius,DEEDSON,DEEDSON Louicius,DEEDSON,2001-02-11,FC Dallas (USA),178,MIGNE Sebastien,True,True,True,False,False
FIFA World Cup 2026,FIFA official final 26 squad docx,Haiti,haiti,wc2026_haiti_12_pierre_alexandre,12,GK,Alexandre Jr,PIERRE,PIERRE Alexandre,A. PIERRE,2001-02-25,FC Sochaux-Montbéliard (FRA),190,MIGNE Sebastien,True,True,True,False,False
FIFA World Cup 2026,FIFA official final 26 squad docx,Haiti,haiti,wc2026_haiti_13_lacroix_markhus,13,DF,Markhus,LACROIX,LACROIX Markhus,LACROIX,1993-10-14,Colorado Springs Switchbacks FC (USA),175,MIGNE Sebastien,True,True,True,False,False
FIFA World Cup 2026,FIFA official final 26 squad docx,Haiti,haiti,wc2026_haiti_14_pierre_leverton,14,MF,Leverton,PIERRE,PIERRE Leverton,L. PIERRE,1998-03-09,FC Vizela (POR),181,MIGNE Sebastien,True,True,True,False,False
FIFA World Cup 2026,FIFA official final 26 squad docx,Haiti,haiti,wc2026_haiti_15_providence_ruben,15,FW,Ruben Fritzner,PROVIDENCE,PROVIDENCE Ruben,PROVIDENCE,2001-07-07,Almere City FC (NED),178,MIGNE Sebastien,True,True,True,False,False
FIFA World Cup 2026,FIFA official final 26 squad docx,Haiti,haiti,wc2026_haiti_16_joseph_lenny,16,FW,Lenny Alvin Pico,JOSEPH,JOSEPH Lenny,JOSEPH,2000-10-12,Ferencvárosi TC (HUN),182,MIGNE Sebastien,True,True,True,False,False
FIFA World Cup 2026,FIFA official final 26 squad docx,Haiti,haiti,wc2026_haiti_17_jean_jacques_danley,17,MF,Danley,JEAN JACQUES,JEAN JACQUES Danley,JEAN JACQUES,2000-05-20,Philadelphia Union (USA),182,MIGNE Sebastien,True,True,True,False,False
FIFA World Cup 2026,FIFA official final 26 squad docx,Haiti,haiti,wc2026_haiti_18_isidor_wilson,18,FW,Wilson,ISIDOR,ISIDOR Wilson,ISIDOR,2000-08-27,Sunderland AFC (ENG),184,MIGNE Sebastien,True,True,True,False,False
FIFA World Cup 2026,FIFA official final 26 squad docx,Haiti,haiti,wc2026_haiti_19_fortune_yassin,19,FW,Yassin Enzo,FORTUNE,FORTUNE Yassin,FORTUNE,1999-01-30,FC Vizela (POR),186,MIGNE Sebastien,True,True,True,False,False
FIFA World Cup 2026,FIFA official final 26 squad docx,Haiti,haiti,wc2026_haiti_20_pierrot_frantzdy,20,FW,Frantzdy,PIERROT,PIERROT Frantzdy,PIERROT,1995-03-29,Çaykur Rizespor (TUR),194,MIGNE Sebastien,True,True,True,False,False
FIFA World Cup 2026,FIFA official final 26 squad docx,Haiti,haiti,wc2026_haiti_21_casimir_josue,21,FW,Josue Jeremie,CASIMIR,CASIMIR Josue,CASIMIR,2001-09-24,AJ Auxerre (FRA),178,MIGNE Sebastien,True,True,True,False,False
FIFA World Cup 2026,FIFA official final 26 squad docx,Haiti,haiti,wc2026_haiti_22_duverne_jean_kevin,22,DF,Jean-Kévin,DUVERNE,DUVERNE Jean-Kevin,DUVERNE,1997-07-12,KAA Gent (BEL),184,MIGNE Sebastien,True,True,True,False,False
FIFA World Cup 2026,FIFA official final 26 squad docx,Haiti,haiti,wc2026_haiti_23_duverger_josue,23,GK,Josue,DUVERGER,DUVERGER Josue,DUVERGER,2000-04-27,FC Cosmos Koblenz (GER),187,MIGNE Sebastien,True,True,True,False,False
FIFA World Cup 2026,FIFA official final 26 squad docx,Haiti,haiti,wc2026_haiti_24_paugain_wilguens,24,DF,Wilguens Raphael Polynice,PAUGAIN,PAUGAIN Wilguens,PAUGIN,2001-08-24,SV Zulte Waregem (BEL),180,MIGNE Sebastien,True,True,True,False,False
FIFA World Cup 2026,FIFA official final 26 squad docx,Haiti,haiti,wc2026_haiti_25_simon_dominique,25,MF,Dominique Celidor,SIMON,SIMON Dominique,SIMON,2000-07-29,FC Tatran Prešov (SVK),178,MIGNE Sebastien,True,True,True,False,False
FIFA World Cup 2026,FIFA official final 26 squad docx,Haiti,haiti,wc2026_haiti_26_pierre_woodensky,26,MF,Olivier Woodensky,PIERRE,PIERRE Woodensky,W. PIERRE,2004-12-30,Violette AC (HAI),177,MIGNE Sebastien,True,True,True,False,False
FIFA World Cup 2026,FIFA official final 26 squad docx,IR Iran,ir_iran,wc2026_ir_iran_01_beiranvand_alireza,1,GK,Ali Reza,SAFARBEIRANVAND,BEIRANVAND Alireza,BEIRANVAND,1992-09-21,Tractor Sazi Tabriz FC (IRN),195,GHALEHNOY Amir,True,True,True,False,False
FIFA World Cup 2026,FIFA official final 26 squad docx,IR Iran,ir_iran,wc2026_ir_iran_02_hardani_saleh,2,DF,Saleh,HARDANI KHERAD,HARDANI Saleh,SALEH,1998-12-26,Esteghlal Tehran FC (IRN),176,GHALEHNOY Amir,True,True,True,False,False
FIFA World Cup 2026,FIFA official final 26 squad docx,IR Iran,ir_iran,wc2026_ir_iran_03_hajisafi_ehsan,3,DF,Ehsan,HAJI SAFI,HAJISAFI Ehsan,E. HAJISAFI,1990-02-25,Sepahan SC (IRN),178,GHALEHNOY Amir,True,True,True,False,False
FIFA World Cup 2026,FIFA official final 26 squad docx,IR Iran,ir_iran,wc2026_ir_iran_04_khalilzadeh_shoja,4,DF,Shojae,KHALILZADEH,KHALILZADEH Shoja,SHOJA,1989-05-14,Tractor Sazi Tabriz FC (IRN),183,GHALEHNOY Amir,True,True,True,False,False
FIFA World Cup 2026,FIFA official final 26 squad docx,IR Iran,ir_iran,wc2026_ir_iran_05_mohammadi_milad,5,DF,Milad,MOHAMMADIKESHMARZI,MOHAMMADI Milad,M. MOHAMMADI,1993-09-29,Persepolis FC (IRN),175,GHALEHNOY Amir,True,True,True,False,False
FIFA World Cup 2026,FIFA official final 26 squad docx,IR Iran,ir_iran,wc2026_ir_iran_06_ezatolahi_saeid,6,MF,Saeid,EZATOLAHI AFAGH,EZATOLAHI Saeid,S. EZATOLAHI,1996-10-01,Shabab Al Ahli Club (UAE),189,GHALEHNOY Amir,True,True,True,False,False
FIFA World Cup 2026,FIFA official final 26 squad docx,IR Iran,ir_iran,wc2026_ir_iran_07_jahanbakhsh_alireza,7,MF,Alireza,JAHANBAKHSH JIRANDEH,JAHANBAKHSH Alireza,A. JAHANBAKHSH,1993-08-11,FCV Dender EH (BEL),180,GHALEHNOY Amir,True,True,True,False,False
FIFA World Cup 2026,FIFA official final 26 squad docx,IR Iran,ir_iran,wc2026_ir_iran_08_mohebbi_mohammad,8,MF,Mohammad,MOHEBBI,MOHEBBI Mohammad,M. MOHEBBI,1998-12-20,FC Rostov (RUS),187,GHALEHNOY Amir,True,True,True,False,False
FIFA World Cup 2026,FIFA official final 26 squad docx,IR Iran,ir_iran,wc2026_ir_iran_09_taremi_mehdi,9,FW,Mehdi,TAREMI,TAREMI Mehdi,TAREMI,1992-07-18,Olympiacos FC (GRE),187,GHALEHNOY Amir,True,True,True,False,False
FIFA World Cup 2026,FIFA official final 26 squad docx,IR Iran,ir_iran,wc2026_ir_iran_10_ghayedi_mehdi,10,FW,Mehdi,GHAYEDI,GHAYEDI Mehdi,MEHDI GHAYEDI,1998-12-05,Al Nasr SC (UAE),166,GHALEHNOY Amir,True,True,True,False,False
FIFA World Cup 2026,FIFA official final 26 squad docx,IR Iran,ir_iran,wc2026_ir_iran_11_alipour_ali,11,FW,Ali,ALIPOURGHARA,ALIPOUR Ali,A. ALIPOUR,1995-11-11,Persepolis FC (IRN),181,GHALEHNOY Amir,True,True,True,False,False
FIFA World Cup 2026,FIFA official final 26 squad docx,IR Iran,ir_iran,wc2026_ir_iran_12_niazmand_payam,12,GK,Seyedpayam,NIAZMAND,NIAZMAND Payam,PAYAM,1995-04-06,Persepolis FC (IRN),193,GHALEHNOY Amir,True,True,True,False,False
FIFA World Cup 2026,FIFA official final 26 squad docx,IR Iran,ir_iran,wc2026_ir_iran_13_kanani_hossein,13,DF,Mohammadhossein,KANANI ZADEGAN,KANANI Hossein,KANANI,1994-03-23,Persepolis FC (IRN),188,GHALEHNOY Amir,True,True,True,False,False
FIFA World Cup 2026,FIFA official final 26 squad docx,IR Iran,ir_iran,wc2026_ir_iran_14_ghoddos_saman,14,MF,Seyed Saman,GHODDOOS,GHODDOS Saman,GHODDOS,1993-09-06,Al Ittihad Kalba SCC (UAE),176,GHALEHNOY Amir,True,True,True,False,False
FIFA World Cup 2026,FIFA official final 26 squad docx,IR Iran,ir_iran,wc2026_ir_iran_15_cheshmi_roozbeh,15,MF,Roozbeh,CHESHMI,CHESHMI Roozbeh,ROOZBEH,1993-07-24,Esteghlal Tehran FC (IRN),192,GHALEHNOY Amir,True,True,True,False,False
FIFA World Cup 2026,FIFA official final 26 squad docx,IR Iran,ir_iran,wc2026_ir_iran_16_torabi_mehdi,16,MF,Mahdi,TORABI,TORABI Mehdi,M. TORABI,1994-09-10,Tractor Sazi Tabriz FC (IRN),185,GHALEHNOY Amir,True,True,True,False,False
FIFA World Cup 2026,FIFA official final 26 squad docx,IR Iran,ir_iran,wc2026_ir_iran_17_yousefi_arya,17,DF,Arya,YOUSEFI,YOUSEFI Arya,ARYA,2002-04-22,Sepahan SC (IRN),181,GHALEHNOY Amir,True,True,True,False,False
FIFA World Cup 2026,FIFA official final 26 squad docx,IR Iran,ir_iran,wc2026_ir_iran_18_hosseinzadeh_amirhossein,18,FW,Amirhossein,HOSSEINZADEHTAZEHGHESHLAGH,HOSSEINZADEH Amirhossein,AMIRHOSSEIN,2000-10-30,Tractor Sazi Tabriz FC (IRN),178,GHALEHNOY Amir,True,True,True,False,False
FIFA World Cup 2026,FIFA official final 26 squad docx,IR Iran,ir_iran,wc2026_ir_iran_19_nemati_ali,19,DF,Ali,NEMATI,NEMATI Ali,ALI,1996-02-08,Foolad Khuzestan FC (IRN),182,GHALEHNOY Amir,True,True,True,False,False
FIFA World Cup 2026,FIFA official final 26 squad docx,IR Iran,ir_iran,wc2026_ir_iran_20_moghanloo_shahriyar,20,FW,Shahriyar,MOGHANLOO,MOGHANLOO Shahriyar,SHAHRIYAR,1994-12-21,Al Ittihad Kalba SCC (UAE),189,GHALEHNOY Amir,True,True,True,False,False
FIFA World Cup 2026,FIFA official final 26 squad docx,IR Iran,ir_iran,wc2026_ir_iran_21_ghorbani_mohammad,21,MF,Mohammad,GHORBANI,GHORBANI Mohammad,MOHAMMAD,2001-10-07,Al Wahda SC (UAE),190,GHALEHNOY Amir,True,True,True,False,False
FIFA World Cup 2026,FIFA official final 26 squad docx,IR Iran,ir_iran,wc2026_ir_iran_22_hosseini_hossein,22,GK,Seyedhossein,HOSSEINI,HOSSEINI Hossein,HOSSEINI,1992-06-30,Sepahan SC (IRN),189,GHALEHNOY Amir,True,True,True,False,False
FIFA World Cup 2026,FIFA official final 26 squad docx,IR Iran,ir_iran,wc2026_ir_iran_23_rezaeian_ramin,23,DF,Ramin,REZAEIANSEMESKANDI,REZAEIAN Ramin,RAMIN,1990-03-21,Foolad Khuzestan FC (IRN),184,GHALEHNOY Amir,True,True,True,False,False
FIFA World Cup 2026,FIFA official final 26 squad docx,IR Iran,ir_iran,wc2026_ir_iran_24_dargahi_dennis,24,FW,Dennis,DARGAHI,DARGAHI Dennis,DARGAHI,1997-01-09,Standard Liège (BEL),182,GHALEHNOY Amir,True,True,True,False,False
FIFA World Cup 2026,FIFA official final 26 squad docx,IR Iran,ir_iran,wc2026_ir_iran_25_iri_danial,25,DF,Danial,IRI,IRI Danial,DANIAL,2003-10-26,Malavan Anzali FC (IRN),182,GHALEHNOY Amir,True,True,True,False,False
FIFA World Cup 2026,FIFA official final 26 squad docx,IR Iran,ir_iran,wc2026_ir_iran_26_razaghinia_amirmohammad,26,MF,Amirmohammad,RAZAGHINIA,RAZAGHINIA Amirmohammad,RAZAGH,2006-04-11,Esteghlal Tehran FC (IRN),187,GHALEHNOY Amir,True,True,True,False,False
FIFA World Cup 2026,FIFA official final 26 squad docx,Iraq,iraq,wc2026_iraq_01_fahad_talib,1,GK,Fahad Talib Raheem,RAHEEM,FAHAD TALIB,FAHAD,1994-10-21,Al Talaba SC (IRQ),192,ARNOLD Graham,True,True,True,False,False
FIFA World Cup 2026,FIFA official final 26 squad docx,Iraq,iraq,wc2026_iraq_02_rebin_ghareeb,2,DF,Rebin Ghareeb Solaka,ADHAMAT,REBIN GHAREEB,REBIN,1992-04-12,Port FC (THA),193,ARNOLD Graham,True,True,True,False,False
FIFA World Cup 2026,FIFA official final 26 squad docx,Iraq,iraq,wc2026_iraq_03_hussein_ali,3,DF,Hussein Haydar Hussein,ALI,HUSSEIN ALI,HUSSEIN,2002-03-01,Pogoń Szczecin (POL),182,ARNOLD Graham,True,True,True,False,False
FIFA World Cup 2026,FIFA official final 26 squad docx,Iraq,iraq,wc2026_iraq_04_zaid_tahseen,4,DF,Zaid Tahseen Abd Zaid,HANTOOSH,ZAID TAHSEEN,ZAID T.,2001-01-29,Pakhtakor Tashkent FK (UZB),187,ARNOLD Graham,True,True,True,False,False
FIFA World Cup 2026,FIFA official final 26 squad docx,Iraq,iraq,wc2026_iraq_05_akam_hashim,5,DF,Akam Hashim Rahman,RAHMAN,AKAM HASHIM,AKAM,1998-08-16,Al Zawra'a SC (IRQ),184,ARNOLD Graham,True,True,True,False,False
FIFA World Cup 2026,FIFA official final 26 squad docx,Iraq,iraq,wc2026_iraq_06_munaf_younus,6,DF,Munaf Younus Hashim,AL-TEKREETI,MUNAF YOUNUS,MUNAF,1996-11-16,Al Shorta SC (IRQ),184,ARNOLD Graham,True,True,True,False,False
FIFA World Cup 2026,FIFA official final 26 squad docx,Iraq,iraq,wc2026_iraq_07_youssef_amyn,7,MF,Youssef Wali Faeq,AMYN,YOUSSEF AMYN,YOUSSEF,2003-08-21,AEK Larnaca FC (CYP),172,ARNOLD Graham,True,True,True,False,False
FIFA World Cup 2026,FIFA official final 26 squad docx,Iraq,iraq,wc2026_iraq_08_ibrahim_bayesh,8,MF,Ibrahim Bayesh Kamil,AL-KAABAWI,IBRAHIM BAYESH,IBRAHIM,2000-05-01,Al Dhafra SCC (UAE),180,ARNOLD Graham,True,True,True,False,False
FIFA World Cup 2026,FIFA official final 26 squad docx,Iraq,iraq,wc2026_iraq_09_ali_alhamadi,9,FW,Ali Ibrahim Karim,ALZUBAIDI,ALI ALHAMADI,AL-HAMADI,2002-03-01,Luton Town FC (ENG),187,ARNOLD Graham,True,True,True,False,False
FIFA World Cup 2026,FIFA official final 26 squad docx,Iraq,iraq,wc2026_iraq_10_mohanad_ali,10,FW,Mohanad Ali Kadhim,AL-SHAMMARI,MOHANAD ALI,MOHANAD,2000-06-20,Dibba FC (UAE),183,ARNOLD Graham,True,True,True,False,False
FIFA World Cup 2026,FIFA official final 26 squad docx,Iraq,iraq,wc2026_iraq_11_ahmed_qasim,11,FW,Ahmed Ihab Ahmed,AHMED,AHMED QASIM,AHMED Q.,2003-07-12,Nashville SC (USA),183,ARNOLD Graham,True,True,True,False,False
FIFA World Cup 2026,FIFA official final 26 squad docx,Iraq,iraq,wc2026_iraq_12_jalal_hassan,12,GK,Jalal Hasan Hachim,HACHIM,JALAL HASSAN,JALAL,1991-05-18,Al Zawra'a SC (IRQ),188,ARNOLD Graham,True,True,True,False,False
FIFA World Cup 2026,FIFA official final 26 squad docx,Iraq,iraq,wc2026_iraq_13_ali_yousif,13,FW,Ali Yousif Hashim,NAJATEE,ALI YOUSIF,ALI Y.,1996-01-19,Al Talaba SC (IRQ),180,ARNOLD Graham,True,True,True,False,False
FIFA World Cup 2026,FIFA official final 26 squad docx,Iraq,iraq,wc2026_iraq_14_zidane_iqbal,14,MF,Zidane Aamar Iqbal,IQBAL,ZIDANE IQBAL,Z.IQBAL,2003-04-27,FC Utrecht (NED),183,ARNOLD Graham,True,True,True,False,False
FIFA World Cup 2026,FIFA official final 26 squad docx,Iraq,iraq,wc2026_iraq_15_ahmed_yahya,15,DF,Ahmed Yahya Mhmood,AL-HAJJAJ,AHMED YAHYA,AHMED,1995-07-01,Al Shorta SC (IRQ),187,ARNOLD Graham,True,True,True,False,False
FIFA World Cup 2026,FIFA official final 26 squad docx,Iraq,iraq,wc2026_iraq_16_amir_alammari,16,MF,Amir Fouad Aboud,AL-AMMARI,AMIR ALAMMARI,AL-AMMARI,1997-07-27,KS Cracovia (POL),180,ARNOLD Graham,True,True,True,False,False
FIFA World Cup 2026,FIFA official final 26 squad docx,Iraq,iraq,wc2026_iraq_17_ali_jasim,17,FW,Ali Jasim Elaibi,AL-TAMEEMI,ALI JASIM,ALI J.,2004-01-20,Al Najmah SC (KSA),178,ARNOLD Graham,True,True,True,False,False
FIFA World Cup 2026,FIFA official final 26 squad docx,Iraq,iraq,wc2026_iraq_18_aymen_hussein,18,FW,Aymen Hussein Ghadhban,GHADHBAN,AYMEN HUSSEIN,AYMEN,1996-03-22,Al Karma SC (IRQ),190,ARNOLD Graham,True,True,True,False,False
FIFA World Cup 2026,FIFA official final 26 squad docx,Iraq,iraq,wc2026_iraq_19_kevin_yakob,19,MF,Kevin Enkido Yakob William,WILLIAM,KEVIN YAKOB,K. YAKOB,2000-10-10,Aarhus GF (DEN),180,ARNOLD Graham,True,True,True,False,False
FIFA World Cup 2026,FIFA official final 26 squad docx,Iraq,iraq,wc2026_iraq_20_aimar_sher,20,MF,Aimar Hazar Anwar,SHER,AIMAR SHER,AIMAR,2002-12-20,Sarpsborg 08 FF (NOR),180,ARNOLD Graham,True,True,True,False,False
FIFA World Cup 2026,FIFA official final 26 squad docx,Iraq,iraq,wc2026_iraq_21_marko_farji,21,FW,Marko Jabbar Hussein,HUSSEIN,MARKO FARJI,MARKO,2004-03-16,Venezia FC (ITA),185,ARNOLD Graham,True,True,True,False,False
FIFA World Cup 2026,FIFA official final 26 squad docx,Iraq,iraq,wc2026_iraq_22_ahmed_basil,22,GK,Ahmed Basil Fadhil,AL-FADHLI,AHMED BASIL,AHMED B.,1996-08-19,Al Shorta SC (IRQ),184,ARNOLD Graham,True,True,True,False,False
FIFA World Cup 2026,FIFA official final 26 squad docx,Iraq,iraq,wc2026_iraq_23_merchas_doski,23,DF,Merchas Ghazi Salih,SALIH,MERCHAS DOSKI,DOSKI,1999-12-07,FC Viktoria Plzeň (CZE),173,ARNOLD Graham,True,True,True,False,False
FIFA World Cup 2026,FIFA official final 26 squad docx,Iraq,iraq,wc2026_iraq_24_zaid_ismael,24,MF,Zaid Ismael Khaleel,AL-DULAIMI,ZAID ISMAEL,ZAID I.,2002-01-03,Al Talaba SC (IRQ),185,ARNOLD Graham,True,True,True,False,False
FIFA World Cup 2026,FIFA official final 26 squad docx,Iraq,iraq,wc2026_iraq_25_mustafa_saadoon,25,DF,Mustafa Saadoon Abbood,AL KORJI,MUSTAFA SAADOON,MUSTAFA,2001-05-25,Al Shorta SC (IRQ),181,ARNOLD Graham,True,True,True,False,False
FIFA World Cup 2026,FIFA official final 26 squad docx,Iraq,iraq,wc2026_iraq_26_frans_putros,26,DF,Frans Dhia Jirjis,HADDAD,FRANS PUTROS,FRANS,1993-07-14,Persib Bandung (IDN),182,ARNOLD Graham,True,True,True,False,False
FIFA World Cup 2026,FIFA official final 26 squad docx,Japan,japan,wc2026_japan_01_suzuki_zion,1,GK,Zion,SUZUKI,SUZUKI Zion,SUZUKI,2002-08-21,Parma (ITA),190,MORIYASU Hajime,True,True,True,False,False
FIFA World Cup 2026,FIFA official final 26 squad docx,Japan,japan,wc2026_japan_02_sugawara_yukinari,2,DF,Yukinari,SUGAWARA,SUGAWARA Yukinari,SUGAWARA,2000-06-28,SV Werder Bremen (GER),179,MORIYASU Hajime,True,True,True,False,False
FIFA World Cup 2026,FIFA official final 26 squad docx,Japan,japan,wc2026_japan_03_taniguchi_shogo,3,DF,Shogo,TANIGUCHI,TANIGUCHI Shogo,TANIGUCHI,1991-07-15,Sint-Truiden VV (BEL),185,MORIYASU Hajime,True,True,True,False,False
FIFA World Cup 2026,FIFA official final 26 squad docx,Japan,japan,wc2026_japan_04_itakura_kou,4,DF,Kou,ITAKURA,ITAKURA Kou,ITAKURA,1997-01-27,AFC Ajax (NED),188,MORIYASU Hajime,True,True,True,False,False
FIFA World Cup 2026,FIFA official final 26 squad docx,Japan,japan,wc2026_japan_05_nagatomo_yuto,5,DF,Yuto,NAGATOMO,NAGATOMO Yuto,NAGATOMO,1986-09-12,FC Tokyo (JPN),170,MORIYASU Hajime,True,True,True,False,False
FIFA World Cup 2026,FIFA official final 26 squad docx,Japan,japan,wc2026_japan_06_endo_wataru,6,MF,Wataru,ENDO,ENDO Wataru,ENDO,1993-02-09,Liverpool FC (ENG),178,MORIYASU Hajime,True,True,True,False,False
FIFA World Cup 2026,FIFA official final 26 squad docx,Japan,japan,wc2026_japan_07_tanaka_ao,7,MF,Ao,TANAKA,TANAKA Ao,TANAKA,1998-09-10,Leeds United FC (ENG),180,MORIYASU Hajime,True,True,True,False,False
FIFA World Cup 2026,FIFA official final 26 squad docx,Japan,japan,wc2026_japan_08_kubo_takefusa,8,MF,Takefusa,KUBO,KUBO Takefusa,KUBO,2001-06-04,Real Sociedad (ESP),173,MORIYASU Hajime,True,True,True,False,False
FIFA World Cup 2026,FIFA official final 26 squad docx,Japan,japan,wc2026_japan_09_goto_keisuke,9,FW,Keisuke,GOTO,GOTO Keisuke,GOTO,2005-06-03,Sint-Truiden VV (BEL),191,MORIYASU Hajime,True,True,True,False,False
FIFA World Cup 2026,FIFA official final 26 squad docx,Japan,japan,wc2026_japan_10_doan_ritsu,10,MF,Ritsu,DOAN,DOAN Ritsu,DOAN,1998-06-16,Eintracht Frankfurt (GER),172,MORIYASU Hajime,True,True,True,False,False
FIFA World Cup 2026,FIFA official final 26 squad docx,Japan,japan,wc2026_japan_11_maeda_daizen,11,MF,Daizen,MAEDA,MAEDA Daizen,DAIZEN,1997-10-20,Celtic FC (SCO),173,MORIYASU Hajime,True,True,True,False,False
FIFA World Cup 2026,FIFA official final 26 squad docx,Japan,japan,wc2026_japan_12_osako_keisuke,12,GK,Keisuke,OSAKO,OSAKO Keisuke,OSAKO,1999-07-28,Sanfrecce Hiroshima (JPN),188,MORIYASU Hajime,True,True,True,False,False
FIFA World Cup 2026,FIFA official final 26 squad docx,Japan,japan,wc2026_japan_13_nakamura_keito,13,MF,Keito,NAKAMURA,NAKAMURA Keito,NAKAMURA,2000-07-28,Stade Reims (FRA),180,MORIYASU Hajime,True,True,True,False,False
FIFA World Cup 2026,FIFA official final 26 squad docx,Japan,japan,wc2026_japan_14_ito_junya,14,MF,Junya,ITO,ITO Junya,ITO,1993-03-09,KRC Genk (BEL),177,MORIYASU Hajime,True,True,True,False,False
FIFA World Cup 2026,FIFA official final 26 squad docx,Japan,japan,wc2026_japan_15_kamada_daichi,15,MF,Daichi,KAMADA,KAMADA Daichi,KAMADA,1996-08-05,Crystal Palace FC (ENG),180,MORIYASU Hajime,True,True,True,False,False
FIFA World Cup 2026,FIFA official final 26 squad docx,Japan,japan,wc2026_japan_16_watanabe_tsuyoshi,16,DF,Tsuyoshi,WATANABE,WATANABE Tsuyoshi,WATANABE,1997-02-05,Feyenoord Rotterdam (NED),184,MORIYASU Hajime,True,True,True,False,False
FIFA World Cup 2026,FIFA official final 26 squad docx,Japan,japan,wc2026_japan_17_suzuki_yuito,17,MF,Yuito,SUZUKI,SUZUKI Yuito,Y. SUZUKI,2001-10-25,SC Freiburg (GER),175,MORIYASU Hajime,True,True,True,False,False
FIFA World Cup 2026,FIFA official final 26 squad docx,Japan,japan,wc2026_japan_18_ueda_ayase,18,FW,Ayase,UEDA,UEDA Ayase,AYASE,1998-08-28,Feyenoord Rotterdam (NED),182,MORIYASU Hajime,True,True,True,False,False
FIFA World Cup 2026,FIFA official final 26 squad docx,Japan,japan,wc2026_japan_19_ogawa_koki,19,FW,Koki,OGAWA,OGAWA Koki,OGAWA,1997-08-08,NEC Nijmegen (NED),186,MORIYASU Hajime,True,True,True,False,False
FIFA World Cup 2026,FIFA official final 26 squad docx,Japan,japan,wc2026_japan_20_seko_ayumu,20,DF,Ayumu,SEKO,SEKO Ayumu,SEKO,2000-06-07,Le Havre AC (FRA),186,MORIYASU Hajime,True,True,True,False,False
FIFA World Cup 2026,FIFA official final 26 squad docx,Japan,japan,wc2026_japan_21_ito_hiroki,21,DF,Hiroki,ITO,ITO Hiroki,H. ITO,1999-05-12,FC Bayern München (GER),188,MORIYASU Hajime,True,True,True,False,False
FIFA World Cup 2026,FIFA official final 26 squad docx,Japan,japan,wc2026_japan_22_tomiyasu_takehiro,22,DF,Takehiro,TOMIYASU,TOMIYASU Takehiro,TOMIYASU,1998-11-05,AFC Ajax (NED),187,MORIYASU Hajime,True,True,True,False,False
FIFA World Cup 2026,FIFA official final 26 squad docx,Japan,japan,wc2026_japan_23_hayakawa_tomoki,23,GK,Tomoki,HAYAKAWA,HAYAKAWA Tomoki,HAYAKAWA,1999-03-03,Kashima Antlers (JPN),187,MORIYASU Hajime,True,True,True,False,False
FIFA World Cup 2026,FIFA official final 26 squad docx,Japan,japan,wc2026_japan_24_sano_kaishu,24,MF,Kaishu,SANO,SANO Kaishu,SANO,2000-12-30,1. FSV Mainz 05 (GER),176,MORIYASU Hajime,True,True,True,False,False
FIFA World Cup 2026,FIFA official final 26 squad docx,Japan,japan,wc2026_japan_25_suzuki_junnosuke,25,DF,Junnosuke,SUZUKI,SUZUKI Junnosuke,J. SUZUKI,2003-07-12,FC København (DEN),180,MORIYASU Hajime,True,True,True,False,False
FIFA World Cup 2026,FIFA official final 26 squad docx,Japan,japan,wc2026_japan_26_shiogai_kento,26,FW,Kento,SHIOGAI,SHIOGAI Kento,SHIOGAI,2005-03-26,VfL Wolfsburg (GER),180,MORIYASU Hajime,True,True,True,False,False
FIFA World Cup 2026,FIFA official final 26 squad docx,Jordan,jordan,wc2026_jordan_01_yazeed_abulaila,1,GK,Yazeed Mo'ien Hasan,ABULAILA,YAZEED ABULAILA,YAZEED,1993-01-08,Al Hussein SC (JOR),188,SELLAMI Jamal,True,True,True,False,False
FIFA World Cup 2026,FIFA official final 26 squad docx,Jordan,jordan,wc2026_jordan_02_mohammad_abuhasheesh,2,DF,Mohammad Ali Hasan,ABUHASHEESH,MOHAMMAD ABUHASHEESH,ABU HASHEESH,1995-05-09,Al Karma SC (IRQ),179,SELLAMI Jamal,True,True,True,False,False
FIFA World Cup 2026,FIFA official final 26 squad docx,Jordan,jordan,wc2026_jordan_03_abdallah_nasib,3,DF,Abdallah Mousa Musallam,NASIB,ABDALLAH NASIB,NASIB,1994-02-25,Al Zawra'a SC (IRQ),184,SELLAMI Jamal,True,True,True,False,False
FIFA World Cup 2026,FIFA official final 26 squad docx,Jordan,jordan,wc2026_jordan_04_husam_abudahab,4,DF,Husam Ali Mohammad,ABUDAHAB,HUSAM ABUDAHAB,ABU DAHAB,2000-05-13,Al Faisaly SC (JOR),186,SELLAMI Jamal,True,True,True,False,False
FIFA World Cup 2026,FIFA official final 26 squad docx,Jordan,jordan,wc2026_jordan_05_yazan_alarab,5,DF,Yazan Mousa Mahmoud,ALARAB,YAZAN ALARAB,ALARAB,1996-01-31,FC Seoul (KOR),185,SELLAMI Jamal,True,True,True,False,False
FIFA World Cup 2026,FIFA official final 26 squad docx,Jordan,jordan,wc2026_jordan_06_amer_jamous,6,MF,Amer Rasem Adel,JAMOUS,AMER JAMOUS,JAMOUS,2002-07-03,Al Zawra'a SC (IRQ),177,SELLAMI Jamal,True,True,True,False,False
FIFA World Cup 2026,FIFA official final 26 squad docx,Jordan,jordan,wc2026_jordan_07_mohammad_abuzraiq,7,FW,Mohammad Faisal Yousef,ABU ZRAIQ,MOHAMMAD ABUZRAIQ,ABU ZRAIQ,1997-12-30,Raja Casablanca (MAR),170,SELLAMI Jamal,True,True,True,False,False
FIFA World Cup 2026,FIFA official final 26 squad docx,Jordan,jordan,wc2026_jordan_08_noor_alrawabdeh,8,MF,Noor Al-Deen Mahmoud Ali,AL RAWABDEH,NOOR ALRAWABDEH,ALRAWABDEH,1997-02-24,Selangor FC (MAS),182,SELLAMI Jamal,True,True,True,False,False
FIFA World Cup 2026,FIFA official final 26 squad docx,Jordan,jordan,wc2026_jordan_09_ali_olwan,9,FW,Ali Iyad Ali,OLWAN,ALI OLWAN,OLWAN,2000-03-26,Al Sailiya SC (QAT),182,SELLAMI Jamal,True,True,True,False,False
FIFA World Cup 2026,FIFA official final 26 squad docx,Jordan,jordan,wc2026_jordan_10_mousa_altamari,10,FW,Mousa Mohammad Mousa,SULEIMAN,MOUSA ALTAMARI,ALTAMARI,1997-06-10,Stade Rennais FC (FRA),176,SELLAMI Jamal,True,True,True,False,False
FIFA World Cup 2026,FIFA official final 26 squad docx,Jordan,jordan,wc2026_jordan_11_odeh_fakhoury,11,FW,Odeh Burhan Shehadeh,FAKHOURY,ODEH FAKHOURY,ODEH,2005-11-22,Pyramids FC (EGY),180,SELLAMI Jamal,True,True,True,False,False
FIFA World Cup 2026,FIFA official final 26 squad docx,Jordan,jordan,wc2026_jordan_12_nour_baniateyah,12,GK,Noureddin Zaid Khaleel,BANI ATEYAH,NOUR BANIATEYAH,BANI ATEYAH,1993-01-25,Al Faisaly SC (JOR),179,SELLAMI Jamal,True,True,True,False,False
FIFA World Cup 2026,FIFA official final 26 squad docx,Jordan,jordan,wc2026_jordan_13_mahmoud_almardi,13,FW,Mahmoud Nayef Ahmad,ALMARDI,MAHMOUD ALMARDI,ALMARDI,1993-10-06,Al Hussein SC (JOR),173,SELLAMI Jamal,True,True,True,False,False
FIFA World Cup 2026,FIFA official final 26 squad docx,Jordan,jordan,wc2026_jordan_14_rajaei_ayed,14,MF,Raja'ei Ayed Fadel,HASAN,RAJAEI AYED,RAJA'EI,1993-07-25,Al Hussein SC (JOR),175,SELLAMI Jamal,True,True,True,False,False
FIFA World Cup 2026,FIFA official final 26 squad docx,Jordan,jordan,wc2026_jordan_15_ibrahim_sadeh,15,MF,Ibrahim Mohammad Sami,SA'DEH,IBRAHIM SADEH,SA'DEH,2000-04-27,Al Karma SC (IRQ),175,SELLAMI Jamal,True,True,True,False,False
FIFA World Cup 2026,FIFA official final 26 squad docx,Jordan,jordan,wc2026_jordan_16_mohammad_abualnadi,16,DF,Mohammad Majed Jamil,ABUALNADI,MOHAMMAD ABUALNADI,ABU ALNADI,2001-02-08,Selangor FC (MAS),185,SELLAMI Jamal,True,True,True,False,False
FIFA World Cup 2026,FIFA official final 26 squad docx,Jordan,jordan,wc2026_jordan_17_saleem_obaid,17,DF,Saleem Amer Saleem,OBAID,SALEEM OBAID,SALEEM,1992-01-17,Al Hussein SC (JOR),187,SELLAMI Jamal,True,True,True,False,False
FIFA World Cup 2026,FIFA official final 26 squad docx,Jordan,jordan,wc2026_jordan_18_ibrahim_sabra,18,FW,Ibrahim Mohammad Abdallah,SABRA,IBRAHIM SABRA,SABRA,2006-02-01,NK Lokomotiva Zagreb (CRO),184,SELLAMI Jamal,True,True,True,False,False
FIFA World Cup 2026,FIFA official final 26 squad docx,Jordan,jordan,wc2026_jordan_19_saed_alrosan,19,DF,Sa'ed Ahmad Salameh,ALROSAN,SAED ALROSAN,SA'ED,1997-02-01,Al Hussein SC (JOR),186,SELLAMI Jamal,True,True,True,False,False
FIFA World Cup 2026,FIFA official final 26 squad docx,Jordan,jordan,wc2026_jordan_20_mohannad_abutaha,20,MF,Mohannad Mahmoud Saleh,ABU TAHA,MOHANNAD ABUTAHA,ABU TAHA,2003-02-02,Al-Quwa Al-Jawiya (IRQ),173,SELLAMI Jamal,True,True,True,False,False
FIFA World Cup 2026,FIFA official final 26 squad docx,Jordan,jordan,wc2026_jordan_21_nizar_alrashdan,21,MF,Nizar Mahmoud Ahmed,AL-RASHDAN,NIZAR ALRASHDAN,NIZAR,1999-03-23,Qatar SC (QAT),183,SELLAMI Jamal,True,True,True,False,False
FIFA World Cup 2026,FIFA official final 26 squad docx,Jordan,jordan,wc2026_jordan_22_abdallah_alfakhori,22,GK,Abdallah Ra'ed Mahmoud,ALFAKHORI,ABDALLAH ALFAKHORI,ALFAKHORI,2000-01-22,Al Wahdat SC (JOR),190,SELLAMI Jamal,True,True,True,False,False
FIFA World Cup 2026,FIFA official final 26 squad docx,Jordan,jordan,wc2026_jordan_23_ehsan_haddad,23,DF,Ehsan Manel Farhan,HADDAD,EHSAN HADDAD,EHSAN,1994-02-05,Al Hussein SC (JOR),174,SELLAMI Jamal,True,True,True,False,False
FIFA World Cup 2026,FIFA official final 26 squad docx,Jordan,jordan,wc2026_jordan_24_ali_azaizeh,24,FW,Ali Ahmad Ali,AZAIZEH,ALI AZAIZEH,AZAIZEH,2004-04-13,Al Shabab FC (KSA),178,SELLAMI Jamal,True,True,True,False,False
FIFA World Cup 2026,FIFA official final 26 squad docx,Jordan,jordan,wc2026_jordan_25_mohammad_aldaoud,25,MF,Mohammad Ratib Mohammad,ALDAOUD,MOHAMMAD ALDAOUD,ALDAOUD,1992-04-12,Al Wahdat SC (JOR),185,SELLAMI Jamal,True,True,True,False,False
FIFA World Cup 2026,FIFA official final 26 squad docx,Jordan,jordan,wc2026_jordan_26_anas_badawi,26,DF,Anas Said Ghazi,BADAWI,ANAS BADAWI,BADAWI,1997-09-13,Al Faisaly SC (JOR),174,SELLAMI Jamal,True,True,True,False,False
FIFA World Cup 2026,FIFA official final 26 squad docx,Korea Republic,korea_republic,wc2026_korea_republic_01_kim_seunggyu,1,GK,Seunggyu,KIM,KIM Seunggyu,SEUNGGYU,1990-09-30,FC Tokyo (JPN),187,HONG Myungbo,True,True,True,False,False
FIFA World Cup 2026,FIFA official final 26 squad docx,Korea Republic,korea_republic,wc2026_korea_republic_02_lee_hanbeom,2,DF,Hanbeom,LEE,LEE Hanbeom,HANBEOM,2002-06-17,FC Midtjylland (DEN),188,HONG Myungbo,True,True,True,False,False
FIFA World Cup 2026,FIFA official final 26 squad docx,Korea Republic,korea_republic,wc2026_korea_republic_03_lee_gihyuk,3,MF,Gihyuk,LEE,LEE Gihyuk,GIHYUK,2000-07-07,Gangwon FC (KOR),184,HONG Myungbo,True,True,True,False,False
FIFA World Cup 2026,FIFA official final 26 squad docx,Korea Republic,korea_republic,wc2026_korea_republic_04_kim_minjae,4,DF,Minjae,KIM,KIM Minjae,MINJAE,1996-11-15,FC Bayern München (GER),190,HONG Myungbo,True,True,True,False,False
FIFA World Cup 2026,FIFA official final 26 squad docx,Korea Republic,korea_republic,wc2026_korea_republic_05_kim_taehyeon,5,DF,Taehyeon,KIM,KIM Taehyeon,TAEHYEON,2000-09-17,Kashima Antlers (JPN),186,HONG Myungbo,True,True,True,False,False
FIFA World Cup 2026,FIFA official final 26 squad docx,Korea Republic,korea_republic,wc2026_korea_republic_06_hwang_inbeom,6,MF,Inbeom,HWANG,HWANG Inbeom,INBEOM,1996-09-20,Feyenoord Rotterdam (NED),177,HONG Myungbo,True,True,True,False,False
FIFA World Cup 2026,FIFA official final 26 squad docx,Korea Republic,korea_republic,wc2026_korea_republic_07_son_heungmin,7,FW,Heung Min,SON,SON Heungmin,HEUNGMIN,1992-07-08,LAFC (USA),183,HONG Myungbo,True,True,True,False,False
FIFA World Cup 2026,FIFA official final 26 squad docx,Korea Republic,korea_republic,wc2026_korea_republic_08_paik_seungho,8,MF,Seungho,PAIK,PAIK Seungho,SEUNGHO,1997-03-17,Birmingham City FC (ENG),182,HONG Myungbo,True,True,True,False,False
FIFA World Cup 2026,FIFA official final 26 squad docx,Korea Republic,korea_republic,wc2026_korea_republic_09_cho_guesung,9,FW,Guesung,CHO,CHO Guesung,GUESUNG,1998-01-25,FC Midtjylland (DEN),188,HONG Myungbo,True,True,True,False,False
FIFA World Cup 2026,FIFA official final 26 squad docx,Korea Republic,korea_republic,wc2026_korea_republic_10_lee_jaesung,10,MF,Jae Sung,LEE,LEE Jaesung,JAESUNG,1992-08-10,1. FSV Mainz 05 (GER),180,HONG Myungbo,True,True,True,False,False
FIFA World Cup 2026,FIFA official final 26 squad docx,Korea Republic,korea_republic,wc2026_korea_republic_11_hwang_heechan,11,MF,Hee Chan,HWANG,HWANG Heechan,HEECHAN,1996-01-26,Wolverhampton Wanderers FC (ENG),177,HONG Myungbo,True,True,True,False,False
FIFA World Cup 2026,FIFA official final 26 squad docx,Korea Republic,korea_republic,wc2026_korea_republic_12_song_bumkeun,12,GK,Bumkeun,SONG,SONG Bumkeun,BUMKEUN,1997-10-15,Jeonbuk Hyundai Motors FC (KOR),196,HONG Myungbo,True,True,True,False,False
FIFA World Cup 2026,FIFA official final 26 squad docx,Korea Republic,korea_republic,wc2026_korea_republic_13_lee_taeseok,13,DF,Taeseok,LEE,LEE Taeseok,TAESEOK,2002-07-28,FK Austria Wien (AUT),174,HONG Myungbo,True,True,True,False,False
FIFA World Cup 2026,FIFA official final 26 squad docx,Korea Republic,korea_republic,wc2026_korea_republic_14_cho_wije,14,DF,Wije,CHO,CHO Wije,WIJE,2001-08-25,Jeonbuk Hyundai Motors FC (KOR),190,HONG Myungbo,True,True,True,False,False
FIFA World Cup 2026,FIFA official final 26 squad docx,Korea Republic,korea_republic,wc2026_korea_republic_15_kim_moonhwan,15,DF,Moonhwan,KIM,KIM Moonhwan,MOONHWAN,1995-08-01,Daejeon Hana Citizen FC (KOR),173,HONG Myungbo,True,True,True,False,False
FIFA World Cup 2026,FIFA official final 26 squad docx,Korea Republic,korea_republic,wc2026_korea_republic_16_park_jinseob,16,DF,Jinseob,PARK,PARK Jinseob,JINSEOB,1995-10-23,Zhejiang FC (CHN),183,HONG Myungbo,True,True,True,False,False
FIFA World Cup 2026,FIFA official final 26 squad docx,Korea Republic,korea_republic,wc2026_korea_republic_17_bae_junho,17,MF,Junho,BAE,BAE Junho,JUNHO,2003-08-21,Stoke City FC (ENG),180,HONG Myungbo,True,True,True,False,False
FIFA World Cup 2026,FIFA official final 26 squad docx,Korea Republic,korea_republic,wc2026_korea_republic_18_oh_hyeongyu,18,FW,Hyeongyu,OH,OH Hyeongyu,HYEONGYU,2001-04-12,Beşiktaş JK (TUR),183,HONG Myungbo,True,True,True,False,False
FIFA World Cup 2026,FIFA official final 26 squad docx,Korea Republic,korea_republic,wc2026_korea_republic_19_lee_kangin,19,MF,Kangin,LEE,LEE Kangin,KANGIN,2001-02-19,Paris Saint-Germain (FRA),174,HONG Myungbo,True,True,True,False,False
FIFA World Cup 2026,FIFA official final 26 squad docx,Korea Republic,korea_republic,wc2026_korea_republic_20_yang_hyunjun,20,MF,Hyunjun,YANG,YANG Hyunjun,HYUNJUN,2002-05-25,Celtic FC (SCO),179,HONG Myungbo,True,True,True,False,False
FIFA World Cup 2026,FIFA official final 26 squad docx,Korea Republic,korea_republic,wc2026_korea_republic_21_jo_hyeonwoo,21,GK,Hyeonwoo,JO,JO Hyeonwoo,HYEONWOO,1991-09-25,Ulsan HD (KOR),189,HONG Myungbo,True,True,True,False,False
FIFA World Cup 2026,FIFA official final 26 squad docx,Korea Republic,korea_republic,wc2026_korea_republic_22_seol_youngwoo,22,DF,Youngwoo,SEOL,SEOL Youngwoo,YOUNGWOO,1998-12-05,FK Crvena Zvezda (SRB),180,HONG Myungbo,True,True,True,False,False
FIFA World Cup 2026,FIFA official final 26 squad docx,Korea Republic,korea_republic,wc2026_korea_republic_23_castrop_jens,23,DF,Jens,CASTROP,CASTROP Jens,JENS,2003-07-29,Borussia Mönchengladbach (GER),178,HONG Myungbo,True,True,True,False,False
FIFA World Cup 2026,FIFA official final 26 squad docx,Korea Republic,korea_republic,wc2026_korea_republic_24_kim_jingyu,24,MF,Jingyu,KIM,KIM Jingyu,JINGYU,1997-02-24,Jeonbuk Hyundai Motors FC (KOR),177,HONG Myungbo,True,True,True,False,False
FIFA World Cup 2026,FIFA official final 26 squad docx,Korea Republic,korea_republic,wc2026_korea_republic_25_eom_jisung,25,MF,Jisung,EOM,EOM Jisung,JISUNG,2002-05-09,Swansea City AFC (WAL),177,HONG Myungbo,True,True,True,False,False
FIFA World Cup 2026,FIFA official final 26 squad docx,Korea Republic,korea_republic,wc2026_korea_republic_26_lee_donggyeong,26,MF,Donggyeong,LEE,LEE Donggyeong,DONGGYEONG,1997-09-20,Ulsan HD (KOR),175,HONG Myungbo,True,True,True,False,False
FIFA World Cup 2026,FIFA official final 26 squad docx,Mexico,mexico,wc2026_mexico_01_rangel_raul,1,GK,José Raúl,RANGEL AGUILAR,RANGEL Raul,R. RANGEL,2000-02-25,CD Guadalajara (MEX),190,AGUIRRE Javier,True,True,True,False,False
FIFA World Cup 2026,FIFA official final 26 squad docx,Mexico,mexico,wc2026_mexico_02_sanchez_jorge,2,DF,Jorge Eduardo,SÁNCHEZ RAMOS,SANCHEZ Jorge,J. SÁNCHEZ,1997-12-10,PAOK Saloniki (GRE),176,AGUIRRE Javier,True,True,True,False,False
FIFA World Cup 2026,FIFA official final 26 squad docx,Mexico,mexico,wc2026_mexico_03_montes_cesar,3,DF,César Jasib,MONTES CASTRO,MONTES Cesar,C. MONTES,1997-02-24,FC Lokomotiv Moscow (RUS),191,AGUIRRE Javier,True,True,True,False,False
FIFA World Cup 2026,FIFA official final 26 squad docx,Mexico,mexico,wc2026_mexico_04_alvarez_edson,4,DF,Edson Omar,ÁLVAREZ VELÁZQUEZ,ALVAREZ Edson,E. ÁLVAREZ,1997-10-24,Fenerbahçe SK (TUR),180,AGUIRRE Javier,True,True,True,False,False
FIFA World Cup 2026,FIFA official final 26 squad docx,Mexico,mexico,wc2026_mexico_05_vasquez_johan,5,DF,Johan Felipe,VÁSQUEZ IBARRA,VASQUEZ Johan,J. VÁSQUEZ,1998-10-22,Genoa CFC (ITA),182,AGUIRRE Javier,True,True,True,False,False
FIFA World Cup 2026,FIFA official final 26 squad docx,Mexico,mexico,wc2026_mexico_06_lira_erik,6,MF,Erik Antonio,LIRA MÉNDEZ,LIRA Erik,E. LIRA,2000-05-08,CF Cruz Azul (MEX),172,AGUIRRE Javier,True,True,True,False,False
FIFA World Cup 2026,FIFA official final 26 squad docx,Mexico,mexico,wc2026_mexico_07_romo_luis,7,MF,Luis Francisco,ROMO BARRÓN,ROMO Luis,L. ROMO,1995-06-05,CD Guadalajara (MEX),183,AGUIRRE Javier,True,True,True,False,False
FIFA World Cup 2026,FIFA official final 26 squad docx,Mexico,mexico,wc2026_mexico_08_fidalgo_alvaro,8,MF,Álvaro,FIDALGO FERNÁNDEZ,FIDALGO Alvaro,FIDALGO,1997-04-09,Real Betis (ESP),175,AGUIRRE Javier,True,True,True,False,False
FIFA World Cup 2026,FIFA official final 26 squad docx,Mexico,mexico,wc2026_mexico_09_jimenez_raul,9,FW,Raúl Alonso,JIMÉNEZ RODRÍGUEZ,JIMENEZ Raul,RAÚL,1991-05-05,Fulham FC (ENG),188,AGUIRRE Javier,True,True,True,False,False
FIFA World Cup 2026,FIFA official final 26 squad docx,Mexico,mexico,wc2026_mexico_10_vega_alexis,10,FW,Ernesto Alexis,VEGA ROJAS,VEGA Alexis,A. VEGA,1997-11-25,Deportivo Toluca FC (MEX),175,AGUIRRE Javier,True,True,True,False,False
FIFA World Cup 2026,FIFA official final 26 squad docx,Mexico,mexico,wc2026_mexico_11_gimenez_santiago,11,FW,Santiago Tomás,GIMENEZ,GIMENEZ Santiago,S. GIMENEZ,2001-04-18,AC Milan (ITA),180,AGUIRRE Javier,True,True,True,False,False
FIFA World Cup 2026,FIFA official final 26 squad docx,Mexico,mexico,wc2026_mexico_12_acevedo_carlos,12,GK,Carlos,ACEVEDO LÓPEZ,ACEVEDO Carlos,C. ACEVEDO,1996-04-19,Club Santos Laguna (MEX),185,AGUIRRE Javier,True,True,True,False,False
FIFA World Cup 2026,FIFA official final 26 squad docx,Mexico,mexico,wc2026_mexico_13_ochoa_guillermo,13,GK,Francisco Guillermo,OCHOA MAGAÑA,OCHOA Guillermo,G. OCHOA,1985-07-13,AEL Limassol (CYP),185,AGUIRRE Javier,True,True,True,False,False
FIFA World Cup 2026,FIFA official final 26 squad docx,Mexico,mexico,wc2026_mexico_14_gonzalez_armando,14,FW,Armando,GONZÁLEZ ALBA,GONZALEZ Armando,A. GONZÁLEZ,2003-04-20,CD Guadalajara (MEX),182,AGUIRRE Javier,True,True,True,False,False
FIFA World Cup 2026,FIFA official final 26 squad docx,Mexico,mexico,wc2026_mexico_15_reyes_israel,15,DF,Israel,REYES ROMERO,REYES Israel,I. REYES,2000-05-23,Club América (MEX),181,AGUIRRE Javier,True,True,True,False,False
FIFA World Cup 2026,FIFA official final 26 squad docx,Mexico,mexico,wc2026_mexico_16_quinones_julian,16,FW,Julián Andrés,QUIÑONES QUIÑONES,QUINONES Julian,J. QUIÑONES,1997-03-24,Al Qadsiah FC (KSA),177,AGUIRRE Javier,True,True,True,False,False
FIFA World Cup 2026,FIFA official final 26 squad docx,Mexico,mexico,wc2026_mexico_17_pineda_orbelin,17,MF,Orbelín,PINEDA ALVARADO,PINEDA Orbelin,ORBELÍN,1996-03-24,AEK Athens (GRE),169,AGUIRRE Javier,True,True,True,False,False
FIFA World Cup 2026,FIFA official final 26 squad docx,Mexico,mexico,wc2026_mexico_18_vargas_obed,18,MF,Obed Goméz,VARGAS,VARGAS Obed,O. VARGAS,2005-08-05,Atlético De Madrid (ESP),175,AGUIRRE Javier,True,True,True,False,False
FIFA World Cup 2026,FIFA official final 26 squad docx,Mexico,mexico,wc2026_mexico_19_mora_gilberto,19,MF,Gilberto Rafael,MORA ZAMBRANO,MORA Gilberto,G. MORA,2008-10-14,Club Tijuana (MEX),175,AGUIRRE Javier,True,True,True,False,False
FIFA World Cup 2026,FIFA official final 26 squad docx,Mexico,mexico,wc2026_mexico_20_chavez_mateo,20,DF,Mateo,CHÁVEZ GARCÍA,CHAVEZ Mateo,M. CHÁVEZ,2004-05-12,AZ Alkmaar (NED),178,AGUIRRE Javier,True,True,True,False,False
FIFA World Cup 2026,FIFA official final 26 squad docx,Mexico,mexico,wc2026_mexico_21_huerta_cesar,21,FW,César Saúl,HUERTA VALERA,HUERTA Cesar,C. HUERTA,2000-12-03,RSC Anderlecht (BEL),171,AGUIRRE Javier,True,True,True,False,False
FIFA World Cup 2026,FIFA official final 26 squad docx,Mexico,mexico,wc2026_mexico_22_martinez_guillermo,22,FW,Guillermo,MARTÍNEZ AYALA,MARTINEZ Guillermo,G. MARTÍNEZ,1995-03-15,Pumas UNAM (MEX),191,AGUIRRE Javier,True,True,True,False,False
FIFA World Cup 2026,FIFA official final 26 squad docx,Mexico,mexico,wc2026_mexico_23_gallardo_jesus,23,DF,Jesús Daniel,GALLARDO VASCONCELOS,GALLARDO Jesus,J. GALLARDO,1994-08-15,Deportivo Toluca FC (MEX),174,AGUIRRE Javier,True,True,True,False,False
FIFA World Cup 2026,FIFA official final 26 squad docx,Mexico,mexico,wc2026_mexico_24_chavez_luis,24,MF,Luis Gerardo,CHÁVEZ MAGALLÓN,CHAVEZ Luis,L. CHÁVEZ,1996-01-15,FC Dynamo Moscow (RUS),178,AGUIRRE Javier,True,True,True,False,False
FIFA World Cup 2026,FIFA official final 26 squad docx,Mexico,mexico,wc2026_mexico_25_alvarado_roberto,25,FW,Roberto Carlos,ALVARADO HERNÁNDEZ,ALVARADO Roberto,R. ALVARADO,1998-09-07,CD Guadalajara (MEX),176,AGUIRRE Javier,True,True,True,False,False
FIFA World Cup 2026,FIFA official final 26 squad docx,Mexico,mexico,wc2026_mexico_26_gutierrez_brian,26,MF,Brian,GUTIÉRREZ,GUTIERREZ Brian,B. GUTIÉRREZ,2003-06-17,CD Guadalajara (MEX),178,AGUIRRE Javier,True,True,True,False,False
FIFA World Cup 2026,FIFA official final 26 squad docx,Morocco,morocco,wc2026_morocco_01_bounou_yassine,1,GK,Yassine,BOUNOU,BOUNOU Yassine,BONO,1991-04-05,Al Hilal SC (KSA),192,OUAHBI Mohamed,True,True,True,False,False
FIFA World Cup 2026,FIFA official final 26 squad docx,Morocco,morocco,wc2026_morocco_02_hakimi_achraf,2,DF,Achraf,HAKIMI MOUH,HAKIMI Achraf,HAKIMI,1998-11-04,Paris Saint-Germain (FRA),180,OUAHBI Mohamed,True,True,True,False,False
FIFA World Cup 2026,FIFA official final 26 squad docx,Morocco,morocco,wc2026_morocco_03_mazraoui_noussair,3,DF,Noussair,MAZRAOUI,MAZRAOUI Noussair,MAZRAOUI,1997-11-14,Manchester United FC (ENG),183,OUAHBI Mohamed,True,True,True,False,False
FIFA World Cup 2026,FIFA official final 26 squad docx,Morocco,morocco,wc2026_morocco_04_amrabat_sofyan,4,MF,Sofyan,AMRABAT,AMRABAT Sofyan,AMRABAT,1996-08-21,Real Betis (ESP),185,OUAHBI Mohamed,True,True,True,False,False
FIFA World Cup 2026,FIFA official final 26 squad docx,Morocco,morocco,wc2026_morocco_05_aguerd_nayef,5,DF,Nayef,AGUERD,AGUERD Nayef,AGUERD,1996-03-30,Olympique Marseille (FRA),190,OUAHBI Mohamed,True,True,True,False,False
FIFA World Cup 2026,FIFA official final 26 squad docx,Morocco,morocco,wc2026_morocco_06_bouaddi_ayyoub,6,MF,Ayyoub,BOUADDI,BOUADDI Ayyoub,BOUADDI,2007-10-02,Lille OSC (FRA),185,OUAHBI Mohamed,True,True,True,False,False
FIFA World Cup 2026,FIFA official final 26 squad docx,Morocco,morocco,wc2026_morocco_07_talbi_chemsdine,7,MF,Chemsdine,TALBI,TALBI Chemsdine,TALBI,2005-05-09,Sunderland AFC (ENG),175,OUAHBI Mohamed,True,True,True,False,False
FIFA World Cup 2026,FIFA official final 26 squad docx,Morocco,morocco,wc2026_morocco_08_ounahi_azzedine,8,MF,Azz-Eddine,OUNAHI,OUNAHI Azzedine,OUNAHI,2000-04-19,Girona FC (ESP),182,OUAHBI Mohamed,True,True,True,False,False
FIFA World Cup 2026,FIFA official final 26 squad docx,Morocco,morocco,wc2026_morocco_09_rahimi_sou_ane,9,FW,Sou ane,RAHIMI,RAHIMI Sou ane,RAHIMI,1996-06-02,Al Ain FC (UAE),180,OUAHBI Mohamed,True,True,True,False,False
FIFA World Cup 2026,FIFA official final 26 squad docx,Morocco,morocco,wc2026_morocco_10_diaz_brahim,10,FW,Brahim,ABDELKADER DÍAZ,DIAZ Brahim,BRAHIM,1999-08-03,Real Madrid C. F. (ESP),170,OUAHBI Mohamed,True,True,True,False,False
FIFA World Cup 2026,FIFA official final 26 squad docx,Morocco,morocco,wc2026_morocco_11_saibari_ismael,11,MF,Ismael,SAIBARI,SAIBARI Ismael,SAIBARI,2001-01-28,PSV Eindhoven (NED),185,OUAHBI Mohamed,True,True,True,False,False
FIFA World Cup 2026,FIFA official final 26 squad docx,Morocco,morocco,wc2026_morocco_12_el_kajoui_munir,12,GK,Monir,EL KAJOUI,EL KAJOUI Munir,EL KAJOUI,1989-05-10,RS Berkane (MAR),190,OUAHBI Mohamed,True,True,True,False,False
FIFA World Cup 2026,FIFA official final 26 squad docx,Morocco,morocco,wc2026_morocco_13_el_ouahdi_zakaria,13,DF,Zakaria,EL OUAHDI,EL OUAHDI Zakaria,EL OUAHDI,2001-12-31,KRC Genk (BEL),171,OUAHBI Mohamed,True,True,True,False,False
FIFA World Cup 2026,FIFA official final 26 squad docx,Morocco,morocco,wc2026_morocco_14_diop_issa,14,DF,Issa Laye Lucas Jean,DIOP,DIOP Issa,ISSA,1997-01-09,Fulham FC (ENG),194,OUAHBI Mohamed,True,True,True,False,False
FIFA World Cup 2026,FIFA official final 26 squad docx,Morocco,morocco,wc2026_morocco_15_el_mourabet_samir,15,MF,Samir,EL MOURABET,EL MOURABET Samir,EL MOURABET,2005-10-06,RC Strasbourg (FRA),187,OUAHBI Mohamed,True,True,True,False,False
FIFA World Cup 2026,FIFA official final 26 squad docx,Morocco,morocco,wc2026_morocco_16_yassine_gessime,16,MF,Gessime Ben Youssef Mustapha,YASSINE,YASSINE Gessime,YASSINE,2005-11-22,RC Strasbourg (FRA),172,OUAHBI Mohamed,True,True,True,False,False
FIFA World Cup 2026,FIFA official final 26 squad docx,Morocco,morocco,wc2026_morocco_17_ezzalzouli_abde,17,FW,Abdessamad,EZZALZOULI,EZZALZOULI Abde,EZZALZOULI,2001-12-17,Real Betis (ESP),177,OUAHBI Mohamed,True,True,True,False,False
FIFA World Cup 2026,FIFA official final 26 squad docx,Morocco,morocco,wc2026_morocco_18_riad_chadi,18,DF,Chadi,RIAD,RIAD Chadi,RIAD,2003-06-17,Crystal Palace FC (ENG),186,OUAHBI Mohamed,True,True,True,False,False
FIFA World Cup 2026,FIFA official final 26 squad docx,Morocco,morocco,wc2026_morocco_19_belammari_youssef,19,DF,Youssef,BELAMMARI,BELAMMARI Youssef,BELAMMARI,1998-09-20,Al Ahly FC (EGY),175,OUAHBI Mohamed,True,True,True,False,False
FIFA World Cup 2026,FIFA official final 26 squad docx,Morocco,morocco,wc2026_morocco_20_el_kaabi_ayoub,20,FW,Ayoub,EL KAABI,EL KAABI Ayoub,EL KAABI,1993-06-25,Olympiacos FC (GRE),182,OUAHBI Mohamed,True,True,True,False,False
FIFA World Cup 2026,FIFA official final 26 squad docx,Morocco,morocco,wc2026_morocco_21_amaimouni_ayoub,21,FW,Ayoub,AMAIMOUNI,AMAIMOUNI Ayoub,AMAIMOUNI,2004-11-30,Eintracht Frankfurt (GER),179,OUAHBI Mohamed,True,True,True,False,False
FIFA World Cup 2026,FIFA official final 26 squad docx,Morocco,morocco,wc2026_morocco_22_tagnaouti_ahmed_reda,22,GK,Ahmed Reda,TAGNAOUTI,TAGNAOUTI Ahmed Reda,TAGNAOUTI,1996-04-05,ASFAR (MAR),194,OUAHBI Mohamed,True,True,True,False,False
FIFA World Cup 2026,FIFA official final 26 squad docx,Morocco,morocco,wc2026_morocco_23_el_khannouss_bilal,23,MF,Bilal,EL KHANNOUSS,EL KHANNOUSS Bilal,EL KHANNOUSS,2004-05-10,VfB Stuttgart (GER),180,OUAHBI Mohamed,True,True,True,False,False
FIFA World Cup 2026,FIFA official final 26 squad docx,Morocco,morocco,wc2026_morocco_24_el_aynaoui_neil,24,MF,Neil Yoni,EL AYNAOUI,EL AYNAOUI Neil,EL AYNAOUI,2001-07-02,AS Roma (ITA),185,OUAHBI Mohamed,True,True,True,False,False
FIFA World Cup 2026,FIFA official final 26 squad docx,Morocco,morocco,wc2026_morocco_25_halhal_redouane,25,DF,Redouane,HALHAL,HALHAL Redouane,HALHAL,2003-03-05,KV Mechelen (BEL),189,OUAHBI Mohamed,True,True,True,False,False
FIFA World Cup 2026,FIFA official final 26 squad docx,Morocco,morocco,wc2026_morocco_26_salah_eddine_anass,26,DF,Anass,SALAH EDDINE,SALAH EDDINE Anass,SALAH-EDDINE,2002-01-18,PSV Eindhoven (NED),181,OUAHBI Mohamed,True,True,True,False,False
FIFA World Cup 2026,FIFA official final 26 squad docx,Netherlands,netherlands,wc2026_netherlands_01_verbruggen_bart,1,GK,Bart,VERBRUGGEN,VERBRUGGEN Bart,VERBRUGGEN,2002-08-18,Brighton & Hove Albion FC (ENG),193,KOEMAN Ronald,True,True,True,False,False
FIFA World Cup 2026,FIFA official final 26 squad docx,Netherlands,netherlands,wc2026_netherlands_02_timber_jurrien,2,DF,Jurriën David Norman,TIMBER,TIMBER Jurrien,J. TIMBER,2001-06-17,Arsenal FC (ENG),179,KOEMAN Ronald,True,True,True,False,False
FIFA World Cup 2026,FIFA official final 26 squad docx,Netherlands,netherlands,wc2026_netherlands_03_de_roon_marten,3,MF,Marten Elco,DE ROON,DE ROON Marten,DE ROON,1991-03-29,Atalanta Bergamo (ITA),186,KOEMAN Ronald,True,True,True,False,False
FIFA World Cup 2026,FIFA official final 26 squad docx,Netherlands,netherlands,wc2026_netherlands_04_van_dijk_virgil,4,DF,Virgil,VAN DIJK,VAN DIJK Virgil,VIRGIL,1991-07-08,Liverpool FC (ENG),195,KOEMAN Ronald,True,True,True,False,False
FIFA World Cup 2026,FIFA official final 26 squad docx,Netherlands,netherlands,wc2026_netherlands_05_ake_nathan,5,DF,Nathan Benjamin,AKÉ,AKE Nathan,AKÉ,1995-02-18,Manchester City FC (ENG),180,KOEMAN Ronald,True,True,True,False,False
FIFA World Cup 2026,FIFA official final 26 squad docx,Netherlands,netherlands,wc2026_netherlands_06_van_hecke_jan_paul,6,DF,Jan-Paul,VAN HECKE,VAN HECKE Jan Paul,VAN HECKE,2000-06-08,Brighton & Hove Albion FC (ENG),189,KOEMAN Ronald,True,True,True,False,False
FIFA World Cup 2026,FIFA official final 26 squad docx,Netherlands,netherlands,wc2026_netherlands_07_kluivert_justin,7,MF,Justin Dean,KLUIVERT,KLUIVERT Justin,KLUIVERT,1999-05-05,AFC Bournemouth (ENG),173,KOEMAN Ronald,True,True,True,False,False
FIFA World Cup 2026,FIFA official final 26 squad docx,Netherlands,netherlands,wc2026_netherlands_08_gravenberch_ryan,8,MF,Ryan Jiro,GRAVENBERCH,GRAVENBERCH Ryan,GRAVENBERCH,2002-05-16,Liverpool FC (ENG),190,KOEMAN Ronald,True,True,True,False,False
FIFA World Cup 2026,FIFA official final 26 squad docx,Netherlands,netherlands,wc2026_netherlands_09_weghorst_wout,9,FW,Wout François Maria,WEGHORST,WEGHORST Wout,WEGHORST,1992-08-07,AFC Ajax (NED),197,KOEMAN Ronald,True,True,True,False,False
FIFA World Cup 2026,FIFA official final 26 squad docx,Netherlands,netherlands,wc2026_netherlands_10_depay_memphis,10,FW,Memphis,DEPAY,DEPAY Memphis,MEMPHIS,1994-02-13,SC Corinthians (BRA),178,KOEMAN Ronald,True,True,True,False,False
FIFA World Cup 2026,FIFA official final 26 squad docx,Netherlands,netherlands,wc2026_netherlands_11_gakpo_cody,11,FW,Cody Mathès,GAKPO,GAKPO Cody,GAKPO,1999-05-07,Liverpool FC (ENG),193,KOEMAN Ronald,True,True,True,False,False
FIFA World Cup 2026,FIFA official final 26 squad docx,Netherlands,netherlands,wc2026_netherlands_12_wieffer_mats,12,DF,Mats Henrik Berne,WIEFFER,WIEFFER Mats,WIEFFER,1999-11-16,Brighton & Hove Albion FC (ENG),189,KOEMAN Ronald,True,True,True,False,False
FIFA World Cup 2026,FIFA official final 26 squad docx,Netherlands,netherlands,wc2026_netherlands_13_roefs_robin,13,GK,Robin Gerardus Petrus,ROEFS,ROEFS Robin,ROEFS,2003-01-17,Sunderland AFC (ENG),193,KOEMAN Ronald,True,True,True,False,False
FIFA World Cup 2026,FIFA official final 26 squad docx,Netherlands,netherlands,wc2026_netherlands_14_reijnders_tijjani,14,MF,Tijjani Martinus Jan,REIJNDERS,REIJNDERS Tijjani,REIJNDERS,1998-07-29,Manchester City FC (ENG),178,KOEMAN Ronald,True,True,True,False,False
FIFA World Cup 2026,FIFA official final 26 squad docx,Netherlands,netherlands,wc2026_netherlands_15_van_de_ven_micky,15,DF,Micky,VAN DE VEN,VAN DE VEN Micky,VAN DE VEN,2001-04-19,Tottenham Hotspur FC (ENG),193,KOEMAN Ronald,True,True,True,False,False
FIFA World Cup 2026,FIFA official final 26 squad docx,Netherlands,netherlands,wc2026_netherlands_16_til_guus,16,MF,Guus Berend,TIL,TIL Guus,TIL,1997-12-22,PSV Eindhoven (NED),188,KOEMAN Ronald,True,True,True,False,False
FIFA World Cup 2026,FIFA official final 26 squad docx,Netherlands,netherlands,wc2026_netherlands_17_lang_noa,17,FW,Noa Noëll,LANG,LANG Noa,LANG,1999-06-17,Galatasaray SK (TUR),176,KOEMAN Ronald,True,True,True,False,False
FIFA World Cup 2026,FIFA official final 26 squad docx,Netherlands,netherlands,wc2026_netherlands_18_malen_donyell,18,FW,Donyell,MALEN,MALEN Donyell,MALEN,1999-01-19,AS Roma (ITA),178,KOEMAN Ronald,True,True,True,False,False
FIFA World Cup 2026,FIFA official final 26 squad docx,Netherlands,netherlands,wc2026_netherlands_19_brobbey_brian,19,FW,Brian Ebenezer Adjei,BROBBEY,BROBBEY Brian,BROBBEY,2002-02-01,Sunderland AFC (ENG),181,KOEMAN Ronald,True,True,True,False,False
FIFA World Cup 2026,FIFA official final 26 squad docx,Netherlands,netherlands,wc2026_netherlands_20_koopmeiners_teun,20,MF,Teun,KOOPMEINERS,KOOPMEINERS Teun,KOOPMEINERS,1998-02-28,Juventus FC (ITA),185,KOEMAN Ronald,True,True,True,False,False
FIFA World Cup 2026,FIFA official final 26 squad docx,Netherlands,netherlands,wc2026_netherlands_21_de_jong_frenkie,21,MF,Frenkie,DE JONG,DE JONG Frenkie,F. DE JONG,1997-05-12,FC Barcelona (ESP),181,KOEMAN Ronald,True,True,True,False,False
FIFA World Cup 2026,FIFA official final 26 squad docx,Netherlands,netherlands,wc2026_netherlands_22_dumfries_denzel,22,DF,Denzel Justus Morris,DUMFRIES,DUMFRIES Denzel,DUMFRIES,1996-04-18,FC Internazionale Milano (ITA),188,KOEMAN Ronald,True,True,True,False,False
FIFA World Cup 2026,FIFA official final 26 squad docx,Netherlands,netherlands,wc2026_netherlands_23_flekken_mark,23,GK,Mark Maria Hubertus,FLEKKEN,FLEKKEN Mark,FLEKKEN,1993-06-13,Bayer Leverkusen (GER),195,KOEMAN Ronald,True,True,True,False,False
FIFA World Cup 2026,FIFA official final 26 squad docx,Netherlands,netherlands,wc2026_netherlands_24_summerville_crysencio,24,FW,Crysencio Jilbert Sylverio Cir,SUMMERVILLE,SUMMERVILLE Crysencio,SUMMERVILLE,2001-10-30,West Ham United FC (ENG),172,KOEMAN Ronald,True,True,True,False,False
FIFA World Cup 2026,FIFA official final 26 squad docx,Netherlands,netherlands,wc2026_netherlands_25_hato_jorrel,25,DF,Jorrel Evan,HATO,HATO Jorrel,HATO,2006-03-07,Chelsea FC (ENG),182,KOEMAN Ronald,True,True,True,False,False
FIFA World Cup 2026,FIFA official final 26 squad docx,Netherlands,netherlands,wc2026_netherlands_26_timber_quinten,26,MF,Quinten Ryan Crispito,TIMBER,TIMBER Quinten,Q. TIMBER,2001-06-17,Olympique Marseille (FRA),176,KOEMAN Ronald,True,True,True,False,False
FIFA World Cup 2026,FIFA official final 26 squad docx,New Zealand,new_zealand,wc2026_new_zealand_01_crocombe_max,1,GK,Maxime Teremoana,CROCOMBE,CROCOMBE Max,CROCOMBE,1993-08-12,Millwall FC (ENG),190,BAZELEY Darren,True,True,True,False,False
FIFA World Cup 2026,FIFA official final 26 squad docx,New Zealand,new_zealand,wc2026_new_zealand_02_payne_tim,2,DF,Timothy John,PAYNE,PAYNE Tim,PAYNE,1994-01-10,Wellington Phoenix FC (NZL),179,BAZELEY Darren,True,True,True,False,False
FIFA World Cup 2026,FIFA official final 26 squad docx,New Zealand,new_zealand,wc2026_new_zealand_03_de_vries_francis,3,DF,Francis,DE VRIES,DE VRIES Francis,DE VRIES,1994-11-28,Auckland FC (NZL),181,BAZELEY Darren,True,True,True,False,False
FIFA World Cup 2026,FIFA official final 26 squad docx,New Zealand,new_zealand,wc2026_new_zealand_04_bindon_tyler,4,DF,Tyler Grant,BINDON,BINDON Tyler,BINDON,2005-01-27,She eld United FC (ENG),190,BAZELEY Darren,True,True,True,False,False
FIFA World Cup 2026,FIFA official final 26 squad docx,New Zealand,new_zealand,wc2026_new_zealand_05_boxall_michael,5,DF,Michael Joseph,BOXALL,BOXALL Michael,BOXALL,1988-08-18,Minnesota United FC (USA),191,BAZELEY Darren,True,True,True,False,False
FIFA World Cup 2026,FIFA official final 26 squad docx,New Zealand,new_zealand,wc2026_new_zealand_06_bell_joe,6,MF,Joe Zen Robert,BELL,BELL Joe,BELL,1999-04-27,Viking Stavanger (NOR),182,BAZELEY Darren,True,True,True,False,False
FIFA World Cup 2026,FIFA official final 26 squad docx,New Zealand,new_zealand,wc2026_new_zealand_07_garbett_matthew,7,MF,Matthew Jimmy David,GARBETT,GARBETT Matthew,GARBETT,2002-04-13,Peterborough United FC (ENG),192,BAZELEY Darren,True,True,True,False,False
FIFA World Cup 2026,FIFA official final 26 squad docx,New Zealand,new_zealand,wc2026_new_zealand_08_stamenic_marko,8,MF,Marko Seufatu Nikola,STAMENIC,STAMENIC Marko,STAMENIC,2002-02-19,Swansea City AFC (WAL),188,BAZELEY Darren,True,True,True,False,False
FIFA World Cup 2026,FIFA official final 26 squad docx,New Zealand,new_zealand,wc2026_new_zealand_09_wood_chris,9,FW,Christopher Grant,WOOD,WOOD Chris,WOOD,1991-12-07,Nottingham Forest FC (ENG),191,BAZELEY Darren,True,True,True,False,False
FIFA World Cup 2026,FIFA official final 26 squad docx,New Zealand,new_zealand,wc2026_new_zealand_10_singh_sarpreet,10,MF,Sarpreet,SINGH,SINGH Sarpreet,SINGH,1999-02-20,Wellington Phoenix FC (NZL),180,BAZELEY Darren,True,True,True,False,False
FIFA World Cup 2026,FIFA official final 26 squad docx,New Zealand,new_zealand,wc2026_new_zealand_11_just_elijah,11,MF,Elijah Henry,JUST,JUST Elijah,JUST,2000-05-01,Motherwell FC (SCO),176,BAZELEY Darren,True,True,True,False,False
FIFA World Cup 2026,FIFA official final 26 squad docx,New Zealand,new_zealand,wc2026_new_zealand_12_paulsen_alex,12,GK,Alexander Noah,PAULSEN,PAULSEN Alex,PAULSEN,2002-07-04,Lechia Gdańsk (POL),193,BAZELEY Darren,True,True,True,False,False
FIFA World Cup 2026,FIFA official final 26 squad docx,New Zealand,new_zealand,wc2026_new_zealand_13_cacace_liberato,13,DF,Liberato Gianpaolo,CACACE,CACACE Liberato,CACACE,2000-09-27,Wrexham AFC (WAL),182,BAZELEY Darren,True,True,True,False,False
FIFA World Cup 2026,FIFA official final 26 squad docx,New Zealand,new_zealand,wc2026_new_zealand_14_rufer_alex,14,MF,Alex Arthur,RUFER,RUFER Alex,RUFER,1996-06-12,Wellington Phoenix FC (NZL),180,BAZELEY Darren,True,True,True,False,False
FIFA World Cup 2026,FIFA official final 26 squad docx,New Zealand,new_zealand,wc2026_new_zealand_15_pijnaker_nando,15,DF,Nando Zen,PIJNAKER,PIJNAKER Nando,PIJNAKER,1999-02-25,Auckland FC (NZL),185,BAZELEY Darren,True,True,True,False,False
FIFA World Cup 2026,FIFA official final 26 squad docx,New Zealand,new_zealand,wc2026_new_zealand_16_surman_finn,16,DF,Finn,SURMAN,SURMAN Finn,SURMAN,2003-09-23,Portland Timbers (USA),190,BAZELEY Darren,True,True,True,False,False
FIFA World Cup 2026,FIFA official final 26 squad docx,New Zealand,new_zealand,wc2026_new_zealand_17_barbarouses_kosta,17,FW,Kosta,BARBAROUSES,BARBAROUSES Kosta,BARBAROUSES,1990-02-19,WS Wanderers FC (AUS),171,BAZELEY Darren,True,True,True,False,False
FIFA World Cup 2026,FIFA official final 26 squad docx,New Zealand,new_zealand,wc2026_new_zealand_18_waine_ben,18,FW,Benjamin Peter,WAINE,WAINE Ben,WAINE,2001-06-11,Port Vale FC (ENG),185,BAZELEY Darren,True,True,True,False,False
FIFA World Cup 2026,FIFA official final 26 squad docx,New Zealand,new_zealand,wc2026_new_zealand_19_old_ben,19,MF,Benjamin Craig,OLD,OLD Ben,OLD,2002-08-13,AS Saint-Etienne (FRA),173,BAZELEY Darren,True,True,True,False,False
FIFA World Cup 2026,FIFA official final 26 squad docx,New Zealand,new_zealand,wc2026_new_zealand_20_mccowatt_callum,20,MF,Callum William,MCCOWATT,McCOWATT Callum,MCCOWATT,1999-04-30,Silkeborg IF (DEN),180,BAZELEY Darren,True,True,True,False,False
FIFA World Cup 2026,FIFA official final 26 squad docx,New Zealand,new_zealand,wc2026_new_zealand_21_randall_jesse,21,FW,Jesse Carmichael,RANDALL,RANDALL Jesse,RANDALL,2002-08-19,Auckland FC (NZL),176,BAZELEY Darren,True,True,True,False,False
FIFA World Cup 2026,FIFA official final 26 squad docx,New Zealand,new_zealand,wc2026_new_zealand_22_woud_michael,22,GK,Michael Cornelis,WOUD,WOUD Michael,WOUD,1999-01-16,Auckland FC (NZL),196,BAZELEY Darren,True,True,True,False,False
FIFA World Cup 2026,FIFA official final 26 squad docx,New Zealand,new_zealand,wc2026_new_zealand_23_thomas_ryan,23,MF,Ryan Jared,THOMAS,THOMAS Ryan,THOMAS,1994-12-20,PEC Zwolle (NED),176,BAZELEY Darren,True,True,True,False,False
FIFA World Cup 2026,FIFA official final 26 squad docx,New Zealand,new_zealand,wc2026_new_zealand_24_elliot_callan,24,DF,Callan Rennie,ELLIOT,ELLIOT Callan,ELLIOT,1999-07-07,Auckland FC (NZL),177,BAZELEY Darren,True,True,True,False,False
FIFA World Cup 2026,FIFA official final 26 squad docx,New Zealand,new_zealand,wc2026_new_zealand_25_bayliss_lachlan,25,MF,Lachlan Ryan,BAYLISS,BAYLISS Lachlan,BAYLISS,2002-07-24,Newcastle United Jets FC (AUS),178,BAZELEY Darren,True,True,True,False,False
FIFA World Cup 2026,FIFA official final 26 squad docx,New Zealand,new_zealand,wc2026_new_zealand_26_smith_tommy,26,DF,Thomas Jefferson,SMITH,SMITH Tommy,SMITH,1990-03-31,Braintree Town FC (ENG),188,BAZELEY Darren,True,True,True,False,False
FIFA World Cup 2026,FIFA official final 26 squad docx,Norway,norway,wc2026_norway_01_nyland_orjan,1,GK,Ørjan Haskjold,NYLAND,NYLAND Orjan,NYLAND,1990-09-10,Sevilla FC (ESP),192,SOLBAKKEN Stale,True,True,True,False,False
FIFA World Cup 2026,FIFA official final 26 squad docx,Norway,norway,wc2026_norway_02_thorsby_morten,2,MF,Morten,THORSBY,THORSBY Morten,THORSBY,1996-05-05,US Cremonese (ITA),188,SOLBAKKEN Stale,True,True,True,False,False
FIFA World Cup 2026,FIFA official final 26 squad docx,Norway,norway,wc2026_norway_03_ajer_kristoffer,3,DF,Kristoffer Vassbakk Köpp,AJER,AJER Kristoffer,VASSBAKK AJER,1998-04-17,Brentford FC (ENG),198,SOLBAKKEN Stale,True,True,True,False,False
FIFA World Cup 2026,FIFA official final 26 squad docx,Norway,norway,wc2026_norway_04_ostigard_leo,4,DF,Leo Skiri,ØSTIGÅRD,OSTIGARD Leo,ØSTIGÅRD,1999-11-28,Genoa CFC (ITA),183,SOLBAKKEN Stale,True,True,True,False,False
FIFA World Cup 2026,FIFA official final 26 squad docx,Norway,norway,wc2026_norway_05_moller_wolfe_david,5,DF,David Møller,WOLFE,MOLLER WOLFE David,MØLLER WOLFE,2002-04-23,Wolverhampton Wanderers FC (ENG),185,SOLBAKKEN Stale,True,True,True,False,False
FIFA World Cup 2026,FIFA official final 26 squad docx,Norway,norway,wc2026_norway_06_berg_patrick,6,MF,Patrick,BERG,BERG Patrick,BERG,1997-11-24,FK Bodø/Glimt (NOR),178,SOLBAKKEN Stale,True,True,True,False,False
FIFA World Cup 2026,FIFA official final 26 squad docx,Norway,norway,wc2026_norway_07_sorloth_alexander,7,FW,Alexander,SØRLOTH,SORLOTH Alexander,SØRLOTH,1995-12-05,Atlético De Madrid (ESP),196,SOLBAKKEN Stale,True,True,True,False,False
FIFA World Cup 2026,FIFA official final 26 squad docx,Norway,norway,wc2026_norway_08_berge_sander,8,MF,Sander Gard Bolin,BERGE,BERGE Sander,BERGE,1998-02-14,Fulham FC (ENG),195,SOLBAKKEN Stale,True,True,True,False,False
FIFA World Cup 2026,FIFA official final 26 squad docx,Norway,norway,wc2026_norway_09_haaland_erling,9,FW,Erling Braut,HAALAND,HAALAND Erling,BRAUT HAALAND,2000-07-21,Manchester City FC (ENG),195,SOLBAKKEN Stale,True,True,True,False,False
FIFA World Cup 2026,FIFA official final 26 squad docx,Norway,norway,wc2026_norway_10_odegaard_martin,10,MF,Martín,ØDEGAARD,ODEGAARD Martin,ØDEGAARD,1998-12-17,Arsenal FC (ENG),178,SOLBAKKEN Stale,True,True,True,False,False
FIFA World Cup 2026,FIFA official final 26 squad docx,Norway,norway,wc2026_norway_11_strand_larsen_jorgen,11,FW,Jørgen Strand,LARSEN,STRAND LARSEN Jorgen,STRAND LARSEN,2000-02-06,Crystal Palace FC (ENG),193,SOLBAKKEN Stale,True,True,True,False,False
FIFA World Cup 2026,FIFA official final 26 squad docx,Norway,norway,wc2026_norway_12_tangvik_sander,12,GK,Sander,TANGVIK,TANGVIK Sander,TANGVIK,2002-11-29,Hamburger SV (GER),193,SOLBAKKEN Stale,True,True,True,False,False
FIFA World Cup 2026,FIFA official final 26 squad docx,Norway,norway,wc2026_norway_13_selvik_egil,13,GK,Egil,SELVIK,SELVIK Egil,SELVIK,1997-07-30,Watford FC (ENG),187,SOLBAKKEN Stale,True,True,True,False,False
FIFA World Cup 2026,FIFA official final 26 squad docx,Norway,norway,wc2026_norway_14_aursnes_fredrik,14,MF,Fredrik,AURSNES,AURSNES Fredrik,AURSNES,1995-12-10,SL Ben ca (POR),181,SOLBAKKEN Stale,True,True,True,False,False
FIFA World Cup 2026,FIFA official final 26 squad docx,Norway,norway,wc2026_norway_15_bjorkan_fredrik_andre,15,DF,Fredrik André,BJØRKAN,BJORKAN Fredrik Andre,BJØRKAN,1998-08-21,FK Bodø/Glimt (NOR),180,SOLBAKKEN Stale,True,True,True,False,False
FIFA World Cup 2026,FIFA official final 26 squad docx,Norway,norway,wc2026_norway_16_holmgren_pedersen_marcus,16,DF,Marcus Holmgren,PEDERSEN,HOLMGREN PEDERSEN Marcus,HOLMGREN,2000-07-16,Torino FC (ITA),184,SOLBAKKEN Stale,True,True,True,False,False
FIFA World Cup 2026,FIFA official final 26 squad docx,Norway,norway,wc2026_norway_17_heggem_torbjorn,17,DF,Torbjørn Lysaker,HEGGEM,HEGGEM Torbjorn,HEGGEM,1999-01-12,Bologna FC (ITA),192,SOLBAKKEN Stale,True,True,True,False,False
FIFA World Cup 2026,FIFA official final 26 squad docx,Norway,norway,wc2026_norway_18_thorstvedt_kristian,18,MF,Kristian,THORSTVEDT,THORSTVEDT Kristian,THORSTVEDT,1999-03-13,US Sassuolo (ITA),189,SOLBAKKEN Stale,True,True,True,False,False
FIFA World Cup 2026,FIFA official final 26 squad docx,Norway,norway,wc2026_norway_19_aasgaard_thelo,19,MF,Thelonious Gerard,AASGAARD,AASGAARD Thelo,AASGAARD,2002-05-02,Rangers FC (SCO),188,SOLBAKKEN Stale,True,True,True,False,False
FIFA World Cup 2026,FIFA official final 26 squad docx,Norway,norway,wc2026_norway_20_nusa_antonio,20,FW,Antonio Eromonsele Nordby,NUSA,NUSA Antonio,NUSA,2005-04-17,RB Leipzig (GER),183,SOLBAKKEN Stale,True,True,True,False,False
FIFA World Cup 2026,FIFA official final 26 squad docx,Norway,norway,wc2026_norway_21_schjelderup_andreas,21,MF,Andreas Rædergård,SCHJELDERUP,SCHJELDERUP Andreas,SCHJELDERUP,2004-06-01,SL Ben ca (POR),177,SOLBAKKEN Stale,True,True,True,False,False
FIFA World Cup 2026,FIFA official final 26 squad docx,Norway,norway,wc2026_norway_22_bobb_oscar,22,MF,Oscar,BOBB,BOBB Oscar,BOBB,2003-07-12,Fulham FC (ENG),177,SOLBAKKEN Stale,True,True,True,False,False
FIFA World Cup 2026,FIFA official final 26 squad docx,Norway,norway,wc2026_norway_23_hauge_jens_petter,23,MF,Jens Petter,HAUGE,HAUGE Jens Petter,HAUGE,1999-10-12,FK Bodø/Glimt (NOR),184,SOLBAKKEN Stale,True,True,True,False,False
FIFA World Cup 2026,FIFA official final 26 squad docx,Norway,norway,wc2026_norway_24_langas_sondre,24,DF,Sondre Klingen,LANGÅS,LANGAS Sondre,LANGÅS,2001-02-02,Derby County FC (ENG),190,SOLBAKKEN Stale,True,True,True,False,False
FIFA World Cup 2026,FIFA official final 26 squad docx,Norway,norway,wc2026_norway_25_falchener_henrik,25,DF,Henrik Sælebakke,FALCHENER,FALCHENER Henrik,FALCHENER,2003-05-08,Viking Stavanger (NOR),194,SOLBAKKEN Stale,True,True,True,False,False
FIFA World Cup 2026,FIFA official final 26 squad docx,Norway,norway,wc2026_norway_26_ryerson_julian,26,FW,Julian,RYERSON,RYERSON Julian,RYERSON,1997-11-17,Borussia Dortmund (GER),186,SOLBAKKEN Stale,True,True,True,False,False
FIFA World Cup 2026,FIFA official final 26 squad docx,Panama,panama,wc2026_panama_01_mejia_luis,1,GK,Luis Ricardo,MEJÍA CAJAR,MEJIA Luis,MEJÍA,1991-03-16,Club Nacional (URU),193,CHRISTIANSEN Thomas,True,True,True,False,False
FIFA World Cup 2026,FIFA official final 26 squad docx,Panama,panama,wc2026_panama_02_blackman_cesar,2,DF,César Rodolfo,BLACKMAN CAMARENA,BLACKMAN Cesar,BLACKMAN,1998-04-02,ŠK Slovan Bratislava (SVK),174,CHRISTIANSEN Thomas,True,True,True,False,False
FIFA World Cup 2026,FIFA official final 26 squad docx,Panama,panama,wc2026_panama_03_cordoba_jose,3,DF,Jose Angel,CÓRDOBA CHAMBERS,CORDOBA Jose,CORDOBA,2001-06-03,Norwich City FC (ENG),189,CHRISTIANSEN Thomas,True,True,True,False,False
FIFA World Cup 2026,FIFA official final 26 squad docx,Panama,panama,wc2026_panama_04_escobar_fidel,4,DF,Fidel,ESCOBAR MENDIETA,ESCOBAR Fidel,F. ESCOBAR,1995-01-09,Deportivo Saprissa (CRC),184,CHRISTIANSEN Thomas,True,True,True,False,False
FIFA World Cup 2026,FIFA official final 26 squad docx,Panama,panama,wc2026_panama_05_farina_edgardo,5,DF,Edgardo Issac,FARIÑA WYNTER,FARINA Edgardo,FARIÑA,2001-10-19,FC Pari Nizhny Novgorod (RUS),195,CHRISTIANSEN Thomas,True,True,True,False,False
FIFA World Cup 2026,FIFA official final 26 squad docx,Panama,panama,wc2026_panama_06_martinez_cristian,6,MF,Cristian Jesus,MARTÍNEZ,MARTINEZ Cristian,MARTÍNEZ,1997-02-06,Hapoel Kiryat Shmona FC (ISR),170,CHRISTIANSEN Thomas,True,True,True,False,False
FIFA World Cup 2026,FIFA official final 26 squad docx,Panama,panama,wc2026_panama_07_rodriguez_jose_luis,7,MF,José Luis,RODRÍGUEZ FRANCIS,RODRIGUEZ Jose Luis,J.L. RODRÍGUEZ,1998-06-19,FC Juárez (MEX),180,CHRISTIANSEN Thomas,True,True,True,False,False
FIFA World Cup 2026,FIFA official final 26 squad docx,Panama,panama,wc2026_panama_08_carrasquilla_adalberto,8,MF,Adalberto Eliecer,CARRASQUILLA ALCAZAR,CARRASQUILLA Adalberto,CARRASQUILLA,1998-11-28,Pumas UNAM (MEX),171,CHRISTIANSEN Thomas,True,True,True,False,False
FIFA World Cup 2026,FIFA official final 26 squad docx,Panama,panama,wc2026_panama_09_rodriguez_tomas,9,FW,Tomas Abdiel,RODRIGUEZ MENA,RODRIGUEZ Tomas,T. RODRÍGUEZ,1999-03-09,Deportivo Saprissa (CRC),183,CHRISTIANSEN Thomas,True,True,True,False,False
FIFA World Cup 2026,FIFA official final 26 squad docx,Panama,panama,wc2026_panama_10_diaz_ismael,10,MF,Ismael,DÍAZ DE LEON,DIAZ Ismael,ISMAEL,1997-05-12,Club León (MEX),184,CHRISTIANSEN Thomas,True,True,True,False,False
FIFA World Cup 2026,FIFA official final 26 squad docx,Panama,panama,wc2026_panama_11_barcenas_edgar_yoel,11,MF,Édgar Yoel,BÁRCENAS HERRERA,BARCENAS Edgar Yoel,BÁRCENAS,1993-10-23,Mazatlán FC (MEX),175,CHRISTIANSEN Thomas,True,True,True,False,False
FIFA World Cup 2026,FIFA official final 26 squad docx,Panama,panama,wc2026_panama_12_samudio_cesar,12,GK,César Jair,SAMUDIO MURILLO,SAMUDIO Cesar,SAMUDIO,1994-02-23,CD Marathón (HON),189,CHRISTIANSEN Thomas,True,True,True,False,False
FIFA World Cup 2026,FIFA official final 26 squad docx,Panama,panama,wc2026_panama_13_ramos_jiovany,13,DF,Jiovany Javier,RAMOS DIAZ,RAMOS Jiovany,RAMOS,1997-01-26,Puerto Cabello CF (VEN),188,CHRISTIANSEN Thomas,True,True,True,False,False
FIFA World Cup 2026,FIFA official final 26 squad docx,Panama,panama,wc2026_panama_14_harvey_carlos,14,DF,Carlos Miguel,HARVEY CESNEROS,HARVEY Carlos,HARVEY,2000-02-03,Minnesota United FC (USA),184,CHRISTIANSEN Thomas,True,True,True,False,False
FIFA World Cup 2026,FIFA official final 26 squad docx,Panama,panama,wc2026_panama_15_davis_eric,15,DF,Eric Javier,DAVIS GRAJALES,DAVIS Eric,DAVIS,1991-03-31,CD Plaza Amador (PAN),180,CHRISTIANSEN Thomas,True,True,True,False,False
FIFA World Cup 2026,FIFA official final 26 squad docx,Panama,panama,wc2026_panama_16_andrade_andres,16,DF,Andres Alberto,ANDRADE CEDENO,ANDRADE Andres,ANDRADE,1998-10-16,LASK Linz (AUT),187,CHRISTIANSEN Thomas,True,True,True,False,False
FIFA World Cup 2026,FIFA official final 26 squad docx,Panama,panama,wc2026_panama_17_fajardo_jose,17,FW,José,FAJARDO NELSON,FAJARDO Jose,FAJARDO,1993-08-18,CD Universidad Católica (ECU),184,CHRISTIANSEN Thomas,True,True,True,False,False
FIFA World Cup 2026,FIFA official final 26 squad docx,Panama,panama,wc2026_panama_18_waterman_cecilio,18,FW,Cecilio Alfonso,WATERMAN RUIZ,WATERMAN Cecilio,WATERMAN,1991-04-13,CD Universidad De Concepción (CHI),180,CHRISTIANSEN Thomas,True,True,True,False,False
FIFA World Cup 2026,FIFA official final 26 squad docx,Panama,panama,wc2026_panama_19_quintero_alberto,19,MF,Alberto Abdiel,QUINTERO MEDINA,QUINTERO Alberto,QUINTERO,1987-12-18,CD Plaza Amador (PAN),165,CHRISTIANSEN Thomas,True,True,True,False,False
FIFA World Cup 2026,FIFA official final 26 squad docx,Panama,panama,wc2026_panama_20_godoy_anibal,20,MF,Aníbal Casis,GODOY LEMUS,GODOY Anibal,GODOY,1990-02-10,San Diego FC (USA),184,CHRISTIANSEN Thomas,True,True,True,False,False
FIFA World Cup 2026,FIFA official final 26 squad docx,Panama,panama,wc2026_panama_21_yanis_cesar,21,MF,César Augusto,YANIS VELASCO,YANIS Cesar,YANIS,1996-01-28,CD Cobresal (CHI),160,CHRISTIANSEN Thomas,True,True,True,False,False
FIFA World Cup 2026,FIFA official final 26 squad docx,Panama,panama,wc2026_panama_22_mosquera_orlando,22,GK,Orlando,MOSQUERA,MOSQUERA Orlando,MOSQUERA,1994-12-25,Al Fayha FC (KSA),191,CHRISTIANSEN Thomas,True,True,True,False,False
FIFA World Cup 2026,FIFA official final 26 squad docx,Panama,panama,wc2026_panama_23_murillo_amir,23,DF,Michael Amir,MURILLO BERMUDEZ,MURILLO Amir,A. MURILLO,1996-02-11,Beşiktaş JK (TUR),185,CHRISTIANSEN Thomas,True,True,True,False,False
FIFA World Cup 2026,FIFA official final 26 squad docx,Panama,panama,wc2026_panama_24_londono_azarias,24,FW,Azarias Emmanuel,LONDOÑO GONZALEZ,LONDONO Azarias,LONDOÑO,2001-06-21,CD Universidad Católica (ECU),185,CHRISTIANSEN Thomas,True,True,True,False,False
FIFA World Cup 2026,FIFA official final 26 squad docx,Panama,panama,wc2026_panama_25_miller_roderick,25,DF,Roderick Alonso,MILLER MOLINA,MILLER Roderick,MILLER,1992-04-03,Turan Tovuz (AZE),190,CHRISTIANSEN Thomas,True,True,True,False,False
FIFA World Cup 2026,FIFA official final 26 squad docx,Panama,panama,wc2026_panama_26_gutierrez_jorge,26,DF,Jorge Abdiel,GUTIERREZ CORNEJO,GUTIERREZ Jorge,GUTIÉRREZ,1998-09-01,Deportivo La Guaira (VEN),171,CHRISTIANSEN Thomas,True,True,True,False,False
FIFA World Cup 2026,FIFA official final 26 squad docx,Paraguay,paraguay,wc2026_paraguay_01_fernandez_gatito,1,GK,Roberto Junior,FERNANDEZ TORRES,FERNANDEZ Gatito,FERNANDEZ,1988-03-29,Cerro Porteño (PAR),191,ALFARO Gustavo,True,True,True,False,False
FIFA World Cup 2026,FIFA official final 26 squad docx,Paraguay,paraguay,wc2026_paraguay_02_velazquez_gustavo,2,DF,Víctor Gustavo,VELÁZQUEZ RAMOS,VELAZQUEZ Gustavo,VELAZQUEZ,1991-04-17,Cerro Porteño (PAR),189,ALFARO Gustavo,True,True,True,False,False
FIFA World Cup 2026,FIFA official final 26 squad docx,Paraguay,paraguay,wc2026_paraguay_03_alderete_omar,3,DF,Omar Federico,ALDERETE FERNÁNDEZ,ALDERETE Omar,ALDERETE,1996-12-26,Sunderland AFC (ENG),190,ALFARO Gustavo,True,True,True,False,False
FIFA World Cup 2026,FIFA official final 26 squad docx,Paraguay,paraguay,wc2026_paraguay_04_caceres_juan_jose,4,DF,Juan Jose,CACERES,CACERES Juan Jose,CACERES,2000-06-01,FC Dynamo Moscow (RUS),187,ALFARO Gustavo,True,True,True,False,False
FIFA World Cup 2026,FIFA official final 26 squad docx,Paraguay,paraguay,wc2026_paraguay_05_balbuena_fabian,5,DF,Fabián Cornelio,BALBUENA GONZÁLEZ,BALBUENA Fabian,BALBUENA,1991-08-23,Grêmio FBPA (BRA),188,ALFARO Gustavo,True,True,True,False,False
FIFA World Cup 2026,FIFA official final 26 squad docx,Paraguay,paraguay,wc2026_paraguay_06_alonso_junior,6,DF,Júnior Osmar Ignacio,ALONSO MUJICA,ALONSO Junior,ALONSO,1993-02-09,Atlético Mineiro (BRA),184,ALFARO Gustavo,True,True,True,False,False
FIFA World Cup 2026,FIFA official final 26 squad docx,Paraguay,paraguay,wc2026_paraguay_07_sosa_ramon,7,MF,Ramón,SOSA ACOSTA,SOSA Ramon,SOSA,1999-08-31,SE Palmeiras (BRA),178,ALFARO Gustavo,True,True,True,False,False
FIFA World Cup 2026,FIFA official final 26 squad docx,Paraguay,paraguay,wc2026_paraguay_08_gomez_diego,8,MF,Diego Alexander,GOMEZ AMARILLA,GOMEZ Diego,D. GOMEZ,2003-03-27,Brighton & Hove Albion FC (ENG),183,ALFARO Gustavo,True,True,True,False,False
FIFA World Cup 2026,FIFA official final 26 squad docx,Paraguay,paraguay,wc2026_paraguay_09_sanabria_antonio,9,FW,Arnaldo Antonio,SANABRIA AYALA,SANABRIA Antonio,SANABRIA,1996-03-04,US Cremonese (ITA),180,ALFARO Gustavo,True,True,True,False,False
FIFA World Cup 2026,FIFA official final 26 squad docx,Paraguay,paraguay,wc2026_paraguay_10_almiron_miguel,10,MF,Miguel Angel,ALMIRÓN REJALA,ALMIRON Miguel,M. ALMIRON,1994-02-10,Atlanta United FC (USA),178,ALFARO Gustavo,True,True,True,False,False
FIFA World Cup 2026,FIFA official final 26 squad docx,Paraguay,paraguay,wc2026_paraguay_11_mauricio,11,MF,Mauricio,MAGALHÃES PRADO,MAURICIO,MAURICIO,2001-06-22,SE Palmeiras (BRA),175,ALFARO Gustavo,True,True,True,False,False
FIFA World Cup 2026,FIFA official final 26 squad docx,Paraguay,paraguay,wc2026_paraguay_12_gill_orlando,12,GK,Orlando Daniel,GILL NOLDIN,GILL Orlando,O. GILL,2000-06-11,CA San Lorenzo (ARG),190,ALFARO Gustavo,True,True,True,False,False
FIFA World Cup 2026,FIFA official final 26 squad docx,Paraguay,paraguay,wc2026_paraguay_13_canale_jose,13,DF,Jose Maria,CANALE DOMINGUEZ,CANALE Jose,CANALE,1996-07-20,CA Lanús (ARG),192,ALFARO Gustavo,True,True,True,False,False
FIFA World Cup 2026,FIFA official final 26 squad docx,Paraguay,paraguay,wc2026_paraguay_14_cubas_andres,14,MF,Adrián Andrés,CUBAS,CUBAS Andres,CUBAS,1996-05-11,Vancouver Whitecaps FC (CAN),166,ALFARO Gustavo,True,True,True,False,False
FIFA World Cup 2026,FIFA official final 26 squad docx,Paraguay,paraguay,wc2026_paraguay_15_gomez_gustavo,15,DF,Gustavo Raul,GÓMEZ PORTILLO,GOMEZ Gustavo,G. GOMEZ,1993-05-06,SE Palmeiras (BRA),179,ALFARO Gustavo,True,True,True,False,False
FIFA World Cup 2026,FIFA official final 26 squad docx,Paraguay,paraguay,wc2026_paraguay_16_bobadilla_damian,16,MF,Damián Josue,BOBADILLA BENITEZ,BOBADILLA Damian,BOBADILLA,2001-07-11,São Paulo FC (BRA),180,ALFARO Gustavo,True,True,True,False,False
FIFA World Cup 2026,FIFA official final 26 squad docx,Paraguay,paraguay,wc2026_paraguay_17_romero_gamarra_alejandro,17,FW,Alejandro Sebastian,ROMERO GAMARRA,ROMERO GAMARRA Alejandro,R. GAMARRA,1995-01-11,Al Ain FC (UAE),165,ALFARO Gustavo,True,True,True,False,False
FIFA World Cup 2026,FIFA official final 26 squad docx,Paraguay,paraguay,wc2026_paraguay_18_arce_alex,18,FW,Alex Adrian,ARCE BARRIOS,ARCE Alex,ARCE,1995-06-16,CS Independiente Rivadavia (ARG),188,ALFARO Gustavo,True,True,True,False,False
FIFA World Cup 2026,FIFA official final 26 squad docx,Paraguay,paraguay,wc2026_paraguay_19_enciso_julio,19,FW,Julio Cesar,ENCISO ESPINOLA,ENCISO Julio,ENCISO,2004-01-23,RC Strasbourg (FRA),168,ALFARO Gustavo,True,True,True,False,False
FIFA World Cup 2026,FIFA official final 26 squad docx,Paraguay,paraguay,wc2026_paraguay_20_ojeda_braian,20,MF,Braian Oscar,OJEDA RODRIGUEZ,OJEDA Braian,OJEDA,2000-06-27,Orlando City SC (USA),173,ALFARO Gustavo,True,True,True,False,False
FIFA World Cup 2026,FIFA official final 26 squad docx,Paraguay,paraguay,wc2026_paraguay_21_avalos_gabriel,21,FW,Gabriel,AVALOS STUMPFS,AVALOS Gabriel,AVALOS,1990-10-12,CA Independiente (ARG),185,ALFARO Gustavo,True,True,True,False,False
FIFA World Cup 2026,FIFA official final 26 squad docx,Paraguay,paraguay,wc2026_paraguay_22_olveira_gaston,22,GK,Gastón Hernán,OLVEIRA ECHEVERRIA,OLVEIRA Gaston,OLVEIRA,1993-04-21,Club Olimpia (PAR),191,ALFARO Gustavo,True,True,True,False,False
FIFA World Cup 2026,FIFA official final 26 squad docx,Paraguay,paraguay,wc2026_paraguay_23_galarza_matias,23,MF,Matias,GALARZA FONDA,GALARZA Matias,GALARZA,2002-02-11,Atlanta United FC (USA),175,ALFARO Gustavo,True,True,True,False,False
FIFA World Cup 2026,FIFA official final 26 squad docx,Paraguay,paraguay,wc2026_paraguay_24_caballero_gustavo,24,MF,Gustavo Ruben,CABALLERO GONZALEZ,CABALLERO Gustavo,CABALLERO,2001-09-21,Portsmouth FC (ENG),189,ALFARO Gustavo,True,True,True,False,False
FIFA World Cup 2026,FIFA official final 26 squad docx,Paraguay,paraguay,wc2026_paraguay_25_pitta_isidro,25,FW,Isidro Miguel,PITTA SALDIVAR,PITTA Isidro,PITTA,1999-08-14,Red Bull Bragantino (BRA),185,ALFARO Gustavo,True,True,True,False,False
FIFA World Cup 2026,FIFA official final 26 squad docx,Paraguay,paraguay,wc2026_paraguay_26_maidana_alexandro,26,DF,Alexandro,MAIDANA MENDIETA,MAIDANA Alexandro,MAIDANA,2005-07-26,CA Talleres (ARG),173,ALFARO Gustavo,True,True,True,False,False
FIFA World Cup 2026,FIFA official final 26 squad docx,Portugal,portugal,wc2026_portugal_01_diogo_costa,1,GK,Diogo,MEIRELES DA COSTA,DIOGO COSTA,DIOGO COSTA,1999-09-19,FC Porto (POR),188,MARTINEZ Roberto,True,True,True,False,False
FIFA World Cup 2026,FIFA official final 26 squad docx,Portugal,portugal,wc2026_portugal_02_nelson_semedo,2,DF,Nélson,CABRAL SEMEDO,NELSON SEMEDO,N. SEMEDO,1993-11-16,Fenerbahçe SK (TUR),179,MARTINEZ Roberto,True,True,True,False,False
FIFA World Cup 2026,FIFA official final 26 squad docx,Portugal,portugal,wc2026_portugal_03_ruben_dias,3,DF,Rúben,DOS SANTOS GATO ALVES DIAS,RUBEN DIAS,RÚBEN DIAS,1997-05-14,Manchester City FC (ENG),187,MARTINEZ Roberto,True,True,True,False,False
FIFA World Cup 2026,FIFA official final 26 squad docx,Portugal,portugal,wc2026_portugal_04_tomas_araujo,4,DF,Tomás,LEMOS ARAÚJO,TOMAS ARAUJO,TOMÁS A.,2002-05-16,SL Ben ca (POR),187,MARTINEZ Roberto,True,True,True,False,False
FIFA World Cup 2026,FIFA official final 26 squad docx,Portugal,portugal,wc2026_portugal_05_diogo_dalot,5,DF,José Diogo,DALOT TEIXEIRA,DIOGO DALOT,DALOT,1999-03-18,Manchester United FC (ENG),184,MARTINEZ Roberto,True,True,True,False,False
FIFA World Cup 2026,FIFA official final 26 squad docx,Portugal,portugal,wc2026_portugal_06_matheus_nunes,6,MF,Matheus Luiz,NUNES,MATHEUS NUNES,MATHEUS N.,1998-08-27,Manchester City FC (ENG),183,MARTINEZ Roberto,True,True,True,False,False
FIFA World Cup 2026,FIFA official final 26 squad docx,Portugal,portugal,wc2026_portugal_07_cristiano_ronaldo,7,FW,Cristiano Ronaldo,DOS SANTOS AVEIRO,CRISTIANO RONALDO,RONALDO,1985-02-05,Al Nassr FC (KSA),185,MARTINEZ Roberto,True,True,True,False,False
FIFA World Cup 2026,FIFA official final 26 squad docx,Portugal,portugal,wc2026_portugal_08_bruno_fernandes,8,MF,Bruno Miguel,BORGES FERNANDES,BRUNO FERNANDES,B. FERNANDES,1994-09-08,Manchester United FC (ENG),183,MARTINEZ Roberto,True,True,True,False,False
FIFA World Cup 2026,FIFA official final 26 squad docx,Portugal,portugal,wc2026_portugal_09_goncalo_ramos,9,FW,Gonçalo,MATIAS RAMOS,GONCALO RAMOS,G. RAMOS,2001-06-20,Paris Saint-Germain (FRA),185,MARTINEZ Roberto,True,True,True,False,False
FIFA World Cup 2026,FIFA official final 26 squad docx,Portugal,portugal,wc2026_portugal_10_bernardo_silva,10,MF,Bernardo,MOTA VEIGA DE CARVALHO E SILVA,BERNARDO SILVA,BERNARDO,1994-08-10,Manchester City FC (ENG),173,MARTINEZ Roberto,True,True,True,False,False
FIFA World Cup 2026,FIFA official final 26 squad docx,Portugal,portugal,wc2026_portugal_11_joao_felix,11,FW,João,FÉLIX SEQUEIRA,JOAO FELIX,JOÃO FÉLIX,1999-11-10,Al Nassr FC (KSA),179,MARTINEZ Roberto,True,True,True,False,False
FIFA World Cup 2026,FIFA official final 26 squad docx,Portugal,portugal,wc2026_portugal_12_jose_sa,12,GK,José Pedro,MALHEIRO DE SÁ,JOSE SA,JOSÉ SÁ,1993-01-17,Wolverhampton Wanderers FC (ENG),192,MARTINEZ Roberto,True,True,True,False,False
FIFA World Cup 2026,FIFA official final 26 squad docx,Portugal,portugal,wc2026_portugal_13_renato_veiga,13,DF,Renato,DA PALMA VEIGA,RENATO VEIGA,RENATO VEIGA,2003-07-29,Villarreal CF (ESP),188,MARTINEZ Roberto,True,True,True,False,False
FIFA World Cup 2026,FIFA official final 26 squad docx,Portugal,portugal,wc2026_portugal_14_goncalo_inacio,14,DF,Gonçalo,BERNARDO INÁCIO,GONCALO INACIO,G. INÁCIO,2001-08-25,Sporting CP (POR),185,MARTINEZ Roberto,True,True,True,False,False
FIFA World Cup 2026,FIFA official final 26 squad docx,Portugal,portugal,wc2026_portugal_15_joao_neves,15,MF,João Pedro,GONÇALVES NEVES,JOAO NEVES,JOÃO NEVES,2004-09-27,Paris Saint-Germain (FRA),171,MARTINEZ Roberto,True,True,True,False,False
FIFA World Cup 2026,FIFA official final 26 squad docx,Portugal,portugal,wc2026_portugal_16_francisco_trincao,16,FW,Francisco António,MACHADO MOTA DE CASTRO TRINCÃO,FRANCISCO TRINCAO,TRINCÃO,1999-12-29,Sporting CP (POR),184,MARTINEZ Roberto,True,True,True,False,False
FIFA World Cup 2026,FIFA official final 26 squad docx,Portugal,portugal,wc2026_portugal_17_rafael_leao,17,FW,Rafael Alexandre,DA CONCEIÇÃO LEÃO,RAFAEL LEAO,RAFA LEÃO,1999-06-10,AC Milan (ITA),188,MARTINEZ Roberto,True,True,True,False,False
FIFA World Cup 2026,FIFA official final 26 squad docx,Portugal,portugal,wc2026_portugal_18_pedro_neto,18,FW,Pedro,LOMBA NETO,PEDRO NETO,NETO,2000-03-09,Chelsea FC (ENG),174,MARTINEZ Roberto,True,True,True,False,False
FIFA World Cup 2026,FIFA official final 26 squad docx,Portugal,portugal,wc2026_portugal_19_goncalo_guedes,19,FW,Gonçalo Manuel,GANCHINHO GUEDES,GONCALO GUEDES,G. GUEDES,1996-11-29,Real Sociedad (ESP),179,MARTINEZ Roberto,True,True,True,False,False
FIFA World Cup 2026,FIFA official final 26 squad docx,Portugal,portugal,wc2026_portugal_20_joao_cancelo,20,DF,João Pedro,CAVACO CANCELO,JOAO CANCELO,JOÃO CANCELO,1994-05-27,FC Barcelona (ESP),173,MARTINEZ Roberto,True,True,True,False,False
FIFA World Cup 2026,FIFA official final 26 squad docx,Portugal,portugal,wc2026_portugal_21_ruben_neves,21,MF,Rúben Diogo,DA SILVA NEVES,RUBEN NEVES,R. NEVES,1997-03-13,Al Hilal SC (KSA),183,MARTINEZ Roberto,True,True,True,False,False
FIFA World Cup 2026,FIFA official final 26 squad docx,Portugal,portugal,wc2026_portugal_22_rui_silva,22,GK,Rui Tiago,DANTAS DA SILVA,RUI SILVA,RUI SILVA,1994-02-07,Sporting CP (POR),191,MARTINEZ Roberto,True,True,True,False,False
FIFA World Cup 2026,FIFA official final 26 squad docx,Portugal,portugal,wc2026_portugal_23_vitinha,23,MF,Vitor,MACHADO FERREIRA,VITINHA,VITINHA,2000-02-13,Paris Saint-Germain (FRA),170,MARTINEZ Roberto,True,True,True,False,False
FIFA World Cup 2026,FIFA official final 26 squad docx,Portugal,portugal,wc2026_portugal_24_samu_costa,24,DF,Samuel,DE ALMEIDA COSTA,SAMU COSTA,SAMÚ,2000-11-27,RCD Mallorca (ESP),185,MARTINEZ Roberto,True,True,True,False,False
FIFA World Cup 2026,FIFA official final 26 squad docx,Portugal,portugal,wc2026_portugal_25_nuno_mendes,25,DF,Nuno Alexandre,TAVARES MENDES,NUNO MENDES,N. MENDES,2002-06-19,Paris Saint-Germain (FRA),177,MARTINEZ Roberto,True,True,True,False,False
FIFA World Cup 2026,FIFA official final 26 squad docx,Portugal,portugal,wc2026_portugal_26_francisco_conceicao,26,FW,Francisco,FERNANDES DA CONCEIÇÃO,FRANCISCO CONCEICAO,F. CONCEIÇÃO,2002-12-14,Juventus FC (ITA),166,MARTINEZ Roberto,True,True,True,False,False
FIFA World Cup 2026,FIFA official final 26 squad docx,Qatar,qatar,wc2026_qatar_01_mahmoud_abunada,1,GK,Mahmoud Ibrahim M,ABUNADA,MAHMOUD ABUNADA,ABUNADA,2000-02-05,Al Rayyan SC (QAT),185,LOPETEGUI Julen,True,True,True,False,False
FIFA World Cup 2026,FIFA official final 26 squad docx,Qatar,qatar,wc2026_qatar_02_pedro_miguel,2,DF,Pedro Miguel D D,CORREIA,PEDRO MIGUEL,PEDRO,1990-08-06,Al Sadd SC (QAT),180,LOPETEGUI Julen,True,True,True,False,False
FIFA World Cup 2026,FIFA official final 26 squad docx,Qatar,qatar,wc2026_qatar_03_lucas_mendes,3,DF,Lucas Michel,MENDES,LUCAS MENDES,L.MENDES,1990-07-03,Al Wakrah SC (QAT),179,LOPETEGUI Julen,True,True,True,False,False
FIFA World Cup 2026,FIFA official final 26 squad docx,Qatar,qatar,wc2026_qatar_04_issa_laye,4,DF,Gueye,SEYDINAISSALAYE,ISSA LAYE,GUEYE,1997-12-22,Al Arabi SC (QAT),178,LOPETEGUI Julen,True,True,True,False,False
FIFA World Cup 2026,FIFA official final 26 squad docx,Qatar,qatar,wc2026_qatar_05_jassem_gaber,5,DF,Jassem Gaber E,ABDULSALLAM,JASSEM GABER,JASSEM,2002-02-20,Al Rayyan SC (QAT),181,LOPETEGUI Julen,True,True,True,False,False
FIFA World Cup 2026,FIFA official final 26 squad docx,Qatar,qatar,wc2026_qatar_06_abdulaziz_hatem,6,MF,Abdelaziz Hatim A,MOHAMED,ABDULAZIZ HATEM,A. AZIZ,1990-01-01,Al Rayyan SC (QAT),179,LOPETEGUI Julen,True,True,True,False,False
FIFA World Cup 2026,FIFA official final 26 squad docx,Qatar,qatar,wc2026_qatar_07_ahmed_alaaeldin,7,FW,Ahmed Alaaeldin B M,ABDELMOTAAL,AHMED ALAAELDIN,ALAAELDIN,1993-01-31,Al Rayyan SC (QAT),179,LOPETEGUI Julen,True,True,True,False,False
FIFA World Cup 2026,FIFA official final 26 squad docx,Qatar,qatar,wc2026_qatar_08_edmilson_junior,8,FW,Edmilson Junior P,DASILVA,EDMILSON JUNIOR,EDMILSON JR.,1994-08-19,Al Duhail SC (QAT),180,LOPETEGUI Julen,True,True,True,False,False
FIFA World Cup 2026,FIFA official final 26 squad docx,Qatar,qatar,wc2026_qatar_09_mohammed_muntari,9,FW,Mohammed,MUNTARI,MOHAMMED MUNTARI,MUNTARI,1993-12-20,Al Gharafa SC (QAT),192,LOPETEGUI Julen,True,True,True,False,False
FIFA World Cup 2026,FIFA official final 26 squad docx,Qatar,qatar,wc2026_qatar_10_hassan_alhaydos,10,FW,Hasan Khalid H,ALHAYDOS,HASSAN ALHAYDOS,ALHAYDOS,1990-12-11,Al Sadd SC (QAT),174,LOPETEGUI Julen,True,True,True,False,False
FIFA World Cup 2026,FIFA official final 26 squad docx,Qatar,qatar,wc2026_qatar_11_akram_afif,11,FW,Akram Hassan A Y,AFIF,AKRAM AFIF,AFIF,1996-11-18,Al Sadd SC (QAT),176,LOPETEGUI Julen,True,True,True,False,False
FIFA World Cup 2026,FIFA official final 26 squad docx,Qatar,qatar,wc2026_qatar_12_karim_boudiaf,12,MF,Karim,BOUDIAF,KARIM BOUDIAF,KARIM,1990-09-16,Al Duhail SC (QAT),190,LOPETEGUI Julen,True,True,True,False,False
FIFA World Cup 2026,FIFA official final 26 squad docx,Qatar,qatar,wc2026_qatar_13_ayoub_aloui,13,DF,Ayoub Mohamed,ALOUI,AYOUB ALOUI,AYOUB,2005-03-11,Al Gharafa SC (QAT),181,LOPETEGUI Julen,True,True,True,False,False
FIFA World Cup 2026,FIFA official final 26 squad docx,Qatar,qatar,wc2026_qatar_14_homam_ahmed,14,DF,Homam Elamin M,AHMED,HOMAM AHMED,HOMAM,1999-08-25,Cultural Leonesa (ESP),188,LOPETEGUI Julen,True,True,True,False,False
FIFA World Cup 2026,FIFA official final 26 squad docx,Qatar,qatar,wc2026_qatar_15_yusuf_abdurisag,15,FW,Yusuf Abdurisag,YUSUF,YUSUF ABDURISAG,YUSUF,1999-08-06,Al Wakrah SC (QAT),171,LOPETEGUI Julen,True,True,True,False,False
FIFA World Cup 2026,FIFA official final 26 squad docx,Qatar,qatar,wc2026_qatar_16_boualem_khoukhi,16,DF,Boualem,KHOUKHI,BOUALEM KHOUKHI,KHOUKHI,1990-07-09,Al Sadd SC (QAT),185,LOPETEGUI Julen,True,True,True,False,False
FIFA World Cup 2026,FIFA official final 26 squad docx,Qatar,qatar,wc2026_qatar_17_ahmed_alganehi,17,MF,Ahmed Mohamed H K,ALGANEHI,AHMED ALGANEHI,A. ALGANEHI,2000-09-22,Al Gharafa SC (QAT),175,LOPETEGUI Julen,True,True,True,False,False
FIFA World Cup 2026,FIFA official final 26 squad docx,Qatar,qatar,wc2026_qatar_18_sultan_albrake,18,DF,Sultan Hussain M H,AL-BRAKE,SULTAN ALBRAKE,SULTAN,1996-04-07,Al Duhail SC (QAT),178,LOPETEGUI Julen,True,True,True,False,False
FIFA World Cup 2026,FIFA official final 26 squad docx,Qatar,qatar,wc2026_qatar_19_almoez_ali,19,FW,Almoez Ali Zainelabdeen M,ABDULLA,ALMOEZ ALI,ALMOEZ,1996-08-19,Al Duhail SC (QAT),180,LOPETEGUI Julen,True,True,True,False,False
FIFA World Cup 2026,FIFA official final 26 squad docx,Qatar,qatar,wc2026_qatar_20_ahmed_fathy,20,MF,Ahmed Fathy M,ABDOULLA,AHMED FATHY,A. FATHY,1993-01-25,Al Arabi SC (QAT),171,LOPETEGUI Julen,True,True,True,False,False
FIFA World Cup 2026,FIFA official final 26 squad docx,Qatar,qatar,wc2026_qatar_21_salah_zakaria,21,GK,Salah Zakaria M M,HASSAN,SALAH ZAKARIA,SALAH,1999-04-24,Al Duhail SC (QAT),186,LOPETEGUI Julen,True,True,True,False,False
FIFA World Cup 2026,FIFA official final 26 squad docx,Qatar,qatar,wc2026_qatar_22_meshaal_barsham,22,GK,Meshaal Aissa M,BARSHAM,MESHAAL BARSHAM,BARSHAM,1998-02-14,Al Sadd SC (QAT),180,LOPETEGUI Julen,True,True,True,False,False
FIFA World Cup 2026,FIFA official final 26 squad docx,Qatar,qatar,wc2026_qatar_23_assim_madibo,23,MF,Assim Omer A,MADIBO,ASSIM MADIBO,MADIBO,1996-10-22,Al Wakrah SC (QAT),168,LOPETEGUI Julen,True,True,True,False,False
FIFA World Cup 2026,FIFA official final 26 squad docx,Qatar,qatar,wc2026_qatar_24_tahsin_jamshid,24,FW,Tahsin Mohammad,JAMSHID,TAHSIN JAMSHID,TAHSIN,2006-06-16,Al Duhail SC (QAT),166,LOPETEGUI Julen,True,True,True,False,False
FIFA World Cup 2026,FIFA official final 26 squad docx,Qatar,qatar,wc2026_qatar_25_alhashmi_alhussein,25,DF,Alhashmi Alhussein A,MOHIALDIN,ALHASHMI ALHUSSEIN,ALHASHMI,2003-08-15,Al Arabi SC (QAT),182,LOPETEGUI Julen,True,True,True,False,False
FIFA World Cup 2026,FIFA official final 26 squad docx,Qatar,qatar,wc2026_qatar_26_mohamed_manai,26,FW,Mohamed Naceur,MANAI,MOHAMED MANAI,MANAI,2002-10-25,Al Shamal SC (QAT),180,LOPETEGUI Julen,True,True,True,False,False
FIFA World Cup 2026,FIFA official final 26 squad docx,Saudi Arabia,saudi_arabia,wc2026_saudi_arabia_01_nawaf_alaqidi,1,GK,Nawaf Dhahi F,ALAQIDI,NAWAF ALAQIDI,ALAQIDI,2000-05-10,Al Nassr FC (KSA),186,DONIS Georgios,True,True,True,False,False
FIFA World Cup 2026,FIFA official final 26 squad docx,Saudi Arabia,saudi_arabia,wc2026_saudi_arabia_02_ali_majrashi,2,DF,Ali Hassan M,MAJRASHI,ALI MAJRASHI,MAJRASHI,1999-10-02,Al Ahli FC (KSA),169,DONIS Georgios,True,True,True,False,False
FIFA World Cup 2026,FIFA official final 26 squad docx,Saudi Arabia,saudi_arabia,wc2026_saudi_arabia_03_ali_lajami,3,DF,Ali Mohammed A,LAJAMI,ALI LAJAMI,LAJAMI,1996-04-24,Al Hilal SC (KSA),177,DONIS Georgios,True,True,True,False,False
FIFA World Cup 2026,FIFA official final 26 squad docx,Saudi Arabia,saudi_arabia,wc2026_saudi_arabia_04_abdulelah_alamri,4,DF,Abdulelah Ali A,ALAMRI,ABDULELAH ALAMRI,ALAMRI,1997-01-15,Al Nassr FC (KSA),185,DONIS Georgios,True,True,True,False,False
FIFA World Cup 2026,FIFA official final 26 squad docx,Saudi Arabia,saudi_arabia,wc2026_saudi_arabia_05_hassan_altambakti,5,DF,Hassan Mohammed O,ALTAMBAKTI,HASSAN ALTAMBAKTI,ALTAMBAKTI,1999-02-09,Al Hilal SC (KSA),183,DONIS Georgios,True,True,True,False,False
FIFA World Cup 2026,FIFA official final 26 squad docx,Saudi Arabia,saudi_arabia,wc2026_saudi_arabia_06_nasser_aldawsari,6,MF,Nasser Essa S,ALDAWSARI,NASSER ALDAWSARI,NASSER,1998-12-19,Al Hilal SC (KSA),178,DONIS Georgios,True,True,True,False,False
FIFA World Cup 2026,FIFA official final 26 squad docx,Saudi Arabia,saudi_arabia,wc2026_saudi_arabia_07_musab_aljuwayr,7,MF,Musab Fahad Z,ALJUWAYR,MUSAB ALJUWAYR,MUSAB,2003-06-20,Al Qadsiah FC (KSA),175,DONIS Georgios,True,True,True,False,False
FIFA World Cup 2026,FIFA official final 26 squad docx,Saudi Arabia,saudi_arabia,wc2026_saudi_arabia_08_aiman_yahya,8,FW,Aiman Yahya Y,AHMED,AIMAN YAHYA,AIMAN,2001-05-14,Al Nassr FC (KSA),173,DONIS Georgios,True,True,True,False,False
FIFA World Cup 2026,FIFA official final 26 squad docx,Saudi Arabia,saudi_arabia,wc2026_saudi_arabia_09_feras_albrikan,9,FW,Feras Tariq N,ALBRIKAN,FERAS ALBRIKAN,FERAS,2000-05-14,Al Ahli FC (KSA),185,DONIS Georgios,True,True,True,False,False
FIFA World Cup 2026,FIFA official final 26 squad docx,Saudi Arabia,saudi_arabia,wc2026_saudi_arabia_10_salem_aldawsari,10,FW,Salem Mohammed S,ALDAWSARI,SALEM ALDAWSARI,SALEM,1991-08-19,Al Hilal SC (KSA),173,DONIS Georgios,True,True,True,False,False
FIFA World Cup 2026,FIFA official final 26 squad docx,Saudi Arabia,saudi_arabia,wc2026_saudi_arabia_11_saleh_alshehri,11,FW,Saleh Khalid M,ALSHEHRI,SALEH ALSHEHRI,ALSHEHRI,1993-11-01,Al Ittihad (KSA),184,DONIS Georgios,True,True,True,False,False
FIFA World Cup 2026,FIFA official final 26 squad docx,Saudi Arabia,saudi_arabia,wc2026_saudi_arabia_12_saud_abdulhamid,12,DF,Saud Abdullah S,ABDULHAMID,SAUD ABDULHAMID,SAUD,1999-07-18,RC Lens (FRA),172,DONIS Georgios,True,True,True,False,False
FIFA World Cup 2026,FIFA official final 26 squad docx,Saudi Arabia,saudi_arabia,wc2026_saudi_arabia_13_nawaf_bu_washl,13,DF,Nawaf Meshari M,BU WASHL,NAWAF BU WASHL,NAWAF,1999-09-16,Al Nassr FC (KSA),173,DONIS Georgios,True,True,True,False,False
FIFA World Cup 2026,FIFA official final 26 squad docx,Saudi Arabia,saudi_arabia,wc2026_saudi_arabia_14_hassan_kadish,14,DF,Hassan Kadish Y,MAHBUB,HASSAN KADISH,KADISH,1992-09-26,Al Ittihad (KSA),179,DONIS Georgios,True,True,True,False,False
FIFA World Cup 2026,FIFA official final 26 squad docx,Saudi Arabia,saudi_arabia,wc2026_saudi_arabia_15_abdullah_alkhaibari,15,MF,Abdullah Mohammed H,ALKHAIBARI,ABDULLAH ALKHAIBARI,ALKHAIBARI,1996-08-16,Al Nassr FC (KSA),175,DONIS Georgios,True,True,True,False,False
FIFA World Cup 2026,FIFA official final 26 squad docx,Saudi Arabia,saudi_arabia,wc2026_saudi_arabia_16_ziyad_aljohani,16,MF,Ziyad Mubarak E,ALJOHANI,ZIYAD ALJOHANI,ZIYAD,2001-11-11,Al Ahli FC (KSA),180,DONIS Georgios,True,True,True,False,False
FIFA World Cup 2026,FIFA official final 26 squad docx,Saudi Arabia,saudi_arabia,wc2026_saudi_arabia_17_khalid_alghannam,17,FW,Khalid Essa M,ALGHANNAM,KHALID ALGHANNAM,KHALID,2000-11-08,Al Ettifaq FC (KSA),171,DONIS Georgios,True,True,True,False,False
FIFA World Cup 2026,FIFA official final 26 squad docx,Saudi Arabia,saudi_arabia,wc2026_saudi_arabia_18_ala_alhajji,18,MF,Ala Mohsen A,ALHAJJI,ALA ALHAJJI,ALHAJJI,1995-12-03,Neom SC (KSA),178,DONIS Georgios,True,True,True,False,False
FIFA World Cup 2026,FIFA official final 26 squad docx,Saudi Arabia,saudi_arabia,wc2026_saudi_arabia_19_abdullah_alhamddan,19,FW,Abdullah Abdulrahman A,ALHAMDDAN,ABDULLAH ALHAMDDAN,ALHAMDDAN,1999-09-13,Al Nassr FC (KSA),186,DONIS Georgios,True,True,True,False,False
FIFA World Cup 2026,FIFA official final 26 squad docx,Saudi Arabia,saudi_arabia,wc2026_saudi_arabia_20_sultan_mandash,20,FW,Sultan Ahmed M,MANDASH,SULTAN MANDASH,MANDASH,1994-10-17,Al Hilal SC (KSA),172,DONIS Georgios,True,True,True,False,False
FIFA World Cup 2026,FIFA official final 26 squad docx,Saudi Arabia,saudi_arabia,wc2026_saudi_arabia_21_mohammed_alowais,21,GK,Mohammed Khalil I,ALOWAIS,MOHAMMED ALOWAIS,ALOWAIS,1991-10-10,Al Ula Saudi FC (KSA),185,DONIS Georgios,True,True,True,False,False
FIFA World Cup 2026,FIFA official final 26 squad docx,Saudi Arabia,saudi_arabia,wc2026_saudi_arabia_22_ahmed_alkassar,22,GK,Ahmed Ali H,ALKASSAR,AHMED ALKASSAR,ALKASSAR,1991-05-08,Al Qadsiah FC (KSA),178,DONIS Georgios,True,True,True,False,False
FIFA World Cup 2026,FIFA official final 26 squad docx,Saudi Arabia,saudi_arabia,wc2026_saudi_arabia_23_mohamed_kanno,23,MF,Mohamed Ibrahim A,KANNO,MOHAMED KANNO,KANNO,1994-09-22,Al Hilal SC (KSA),191,DONIS Georgios,True,True,True,False,False
FIFA World Cup 2026,FIFA official final 26 squad docx,Saudi Arabia,saudi_arabia,wc2026_saudi_arabia_24_moteb_alharbi,24,DF,Moteb Saad S,ALHARBI,MOTEB ALHARBI,MOTEB,2000-02-20,Al Hilal SC (KSA),177,DONIS Georgios,True,True,True,False,False
FIFA World Cup 2026,FIFA official final 26 squad docx,Saudi Arabia,saudi_arabia,wc2026_saudi_arabia_25_jehad_thikri,25,DF,Jehad Abdullatif A,THIKRI,JEHAD THIKRI,JEHAD,2001-07-21,Al Qadsiah FC (KSA),184,DONIS Georgios,True,True,True,False,False
FIFA World Cup 2026,FIFA official final 26 squad docx,Saudi Arabia,saudi_arabia,wc2026_saudi_arabia_26_mohammed_abu_alshamat,26,DF,Mohammed Waheeb S,ABU ALSHAMAT,MOHAMMED ABU ALSHAMAT,MOHAMMED,2002-08-11,Al Qadsiah FC (KSA),170,DONIS Georgios,True,True,True,False,False
FIFA World Cup 2026,FIFA official final 26 squad docx,Scotland,scotland,wc2026_scotland_01_gunn_angus,1,GK,Angus Fraser James,GUNN,GUNN Angus,GUNN,1996-01-22,Nottingham Forest FC (ENG),196,CLARKE Steve,True,True,True,False,False
FIFA World Cup 2026,FIFA official final 26 squad docx,Scotland,scotland,wc2026_scotland_02_hickey_aaron,2,DF,Aaron Buchanan,HICKEY,HICKEY Aaron,HICKEY,2002-06-10,Brentford FC (ENG),185,CLARKE Steve,True,True,True,False,False
FIFA World Cup 2026,FIFA official final 26 squad docx,Scotland,scotland,wc2026_scotland_03_robertson_andy,3,DF,Andrew Henry,ROBERTSON,ROBERTSON Andy,ROBERTSON,1994-03-11,Liverpool FC (ENG),178,CLARKE Steve,True,True,True,False,False
FIFA World Cup 2026,FIFA official final 26 squad docx,Scotland,scotland,wc2026_scotland_04_mctominay_scott,4,MF,Scott Francis,MCTOMINAY,McTOMINAY Scott,MCTOMINAY,1996-12-08,SSC Napoli (ITA),193,CLARKE Steve,True,True,True,False,False
FIFA World Cup 2026,FIFA official final 26 squad docx,Scotland,scotland,wc2026_scotland_05_hanley_grant,5,DF,Grant Campbell,HANLEY,HANLEY Grant,HANLEY,1991-11-20,Hibernian FC (SCO),188,CLARKE Steve,True,True,True,False,False
FIFA World Cup 2026,FIFA official final 26 squad docx,Scotland,scotland,wc2026_scotland_06_tierney_kieran,6,DF,Kieran,TIERNEY,TIERNEY Kieran,TIERNEY,1997-06-05,Celtic FC (SCO),180,CLARKE Steve,True,True,True,False,False
FIFA World Cup 2026,FIFA official final 26 squad docx,Scotland,scotland,wc2026_scotland_07_mcginn_john,7,MF,John,MCGINN,McGINN John,MCGINN,1994-10-18,Aston Villa FC (ENG),178,CLARKE Steve,True,True,True,False,False
FIFA World Cup 2026,FIFA official final 26 squad docx,Scotland,scotland,wc2026_scotland_08_fletcher_tyler,8,MF,Tyler Robert,FLETCHER,FLETCHER Tyler,FLETCHER,2007-03-19,Manchester United FC (ENG),183,CLARKE Steve,True,True,True,False,False
FIFA World Cup 2026,FIFA official final 26 squad docx,Scotland,scotland,wc2026_scotland_09_dykes_lyndon,9,FW,Lyndon John,DYKES,DYKES Lyndon,DYKES,1995-10-07,Charlton Athletic FC (ENG),188,CLARKE Steve,True,True,True,False,False
FIFA World Cup 2026,FIFA official final 26 squad docx,Scotland,scotland,wc2026_scotland_10_adams_che,10,FW,Che Sac Everton Fred,ADAMS,ADAMS Che,ADAMS,1996-07-13,Torino FC (ITA),175,CLARKE Steve,True,True,True,False,False
FIFA World Cup 2026,FIFA official final 26 squad docx,Scotland,scotland,wc2026_scotland_11_christie_ryan,11,MF,Ryan,CHRISTIE,CHRISTIE Ryan,CHRISTIE,1995-02-22,AFC Bournemouth (ENG),178,CLARKE Steve,True,True,True,False,False
FIFA World Cup 2026,FIFA official final 26 squad docx,Scotland,scotland,wc2026_scotland_12_kelly_liam,12,GK,Liam Patrick,KELLY,KELLY Liam,KELLY,1996-01-23,Rangers FC (SCO),184,CLARKE Steve,True,True,True,False,False
FIFA World Cup 2026,FIFA official final 26 squad docx,Scotland,scotland,wc2026_scotland_13_hendry_jack,13,DF,Jack William,HENDRY,HENDRY Jack,HENDRY,1995-05-07,Al Ettifaq FC (KSA),192,CLARKE Steve,True,True,True,False,False
FIFA World Cup 2026,FIFA official final 26 squad docx,Scotland,scotland,wc2026_scotland_14_stewart_ross,14,FW,Ross Cameron,STEWART,STEWART Ross,STEWART,1996-07-11,Southampton FC (ENG),188,CLARKE Steve,True,True,True,False,False
FIFA World Cup 2026,FIFA official final 26 squad docx,Scotland,scotland,wc2026_scotland_15_souttar_john,15,DF,John Francis,SOUTTAR,SOUTTAR John,SOUTTAR,1996-09-25,Rangers FC (SCO),186,CLARKE Steve,True,True,True,False,False
FIFA World Cup 2026,FIFA official final 26 squad docx,Scotland,scotland,wc2026_scotland_16_hyam_dominic,16,DF,Dominic John,HYAM,HYAM Dominic,HYAM,1995-12-20,Wrexham AFC (WAL),188,CLARKE Steve,True,True,True,False,False
FIFA World Cup 2026,FIFA official final 26 squad docx,Scotland,scotland,wc2026_scotland_17_gannon_doak_ben,17,FW,Ben Gannon,DOAK,GANNON-DOAK Ben,GANNON DOAK,2005-11-11,AFC Bournemouth (ENG),173,CLARKE Steve,True,True,True,False,False
FIFA World Cup 2026,FIFA official final 26 squad docx,Scotland,scotland,wc2026_scotland_18_hirst_george,18,FW,George David Eric,HIRST,HIRST George,HIRST,1999-02-15,Ipswich Town FC (ENG),191,CLARKE Steve,True,True,True,False,False
FIFA World Cup 2026,FIFA official final 26 squad docx,Scotland,scotland,wc2026_scotland_19_ferguson_lewis,19,MF,Lewis,FERGUSON,FERGUSON Lewis,FERGUSON,1999-08-24,Bologna FC (ITA),181,CLARKE Steve,True,True,True,False,False
FIFA World Cup 2026,FIFA official final 26 squad docx,Scotland,scotland,wc2026_scotland_20_shankland_lawrence,20,FW,Lawrence,SHANKLAND,SHANKLAND Lawrence,SHANKLAND,1995-08-10,Heart Of Midlothian FC (SCO),185,CLARKE Steve,True,True,True,False,False
FIFA World Cup 2026,FIFA official final 26 squad docx,Scotland,scotland,wc2026_scotland_21_gordon_craig,21,GK,Craig Sinclair,GORDON,GORDON Craig,GORDON,1982-12-31,Heart Of Midlothian FC (SCO),193,CLARKE Steve,True,True,True,False,False
FIFA World Cup 2026,FIFA official final 26 squad docx,Scotland,scotland,wc2026_scotland_22_patterson_nathan,22,DF,Nathan Kenneth,PATTERSON,PATTERSON Nathan,PATTERSON,2001-10-16,Everton FC (ENG),183,CLARKE Steve,True,True,True,False,False
FIFA World Cup 2026,FIFA official final 26 squad docx,Scotland,scotland,wc2026_scotland_23_mclean_kenny,23,MF,Kenneth,MCLEAN,McLEAN Kenny,MCLEAN,1992-01-08,Norwich City FC (ENG),183,CLARKE Steve,True,True,True,False,False
FIFA World Cup 2026,FIFA official final 26 squad docx,Scotland,scotland,wc2026_scotland_24_ralston_anthony,24,DF,Anthony,RALSTON,RALSTON Anthony,RALSTON,1998-11-16,Celtic FC (SCO),178,CLARKE Steve,True,True,True,False,False
FIFA World Cup 2026,FIFA official final 26 squad docx,Scotland,scotland,wc2026_scotland_25_curtis_findlay,25,FW,Findlay Kenneth,CURTIS,CURTIS Findlay,CURTIS,2006-06-09,Kilmarnock FC (SCO),180,CLARKE Steve,True,True,True,False,False
FIFA World Cup 2026,FIFA official final 26 squad docx,Scotland,scotland,wc2026_scotland_26_mckenna_scott,26,DF,Scott Fraser,MCKENNA,McKENNA Scott,MCKENNA,1996-11-12,GNK Dinamo Zagreb (CRO),189,CLARKE Steve,True,True,True,False,False
FIFA World Cup 2026,FIFA official final 26 squad docx,Senegal,senegal,wc2026_senegal_01_diouf_yehvann,1,GK,Yehvann Djibril Victor,DIOUF,DIOUF Yehvann,Y. DIOUF,1999-11-16,OGC Nice (FRA),188,THIAW Pape,True,True,True,False,False
FIFA World Cup 2026,FIFA official final 26 squad docx,Senegal,senegal,wc2026_senegal_02_sarr_mamadou,2,DF,Mamadou,SARR,SARR Mamadou,SARR,2005-08-29,Chelsea FC (ENG),194,THIAW Pape,True,True,True,False,False
FIFA World Cup 2026,FIFA official final 26 squad docx,Senegal,senegal,wc2026_senegal_03_koulibaly_kalidou,3,DF,Kalidou,KOULIBALY,KOULIBALY Kalidou,KOULIBALY,1991-06-20,Al Hilal SC (KSA),186,THIAW Pape,True,True,True,False,False
FIFA World Cup 2026,FIFA official final 26 squad docx,Senegal,senegal,wc2026_senegal_04_seck_abdoulaye,4,DF,Abdoulaye,SECK,SECK Abdoulaye,SECK,1992-06-04,Maccabi Haifa FC (ISR),192,THIAW Pape,True,True,True,False,False
FIFA World Cup 2026,FIFA official final 26 squad docx,Senegal,senegal,wc2026_senegal_05_gueye_idrissa_gana,5,MF,Idrissa Gana,GUEYE,GUEYE Idrissa Gana,GANA,1989-09-26,Everton FC (ENG),174,THIAW Pape,True,True,True,False,False
FIFA World Cup 2026,FIFA official final 26 squad docx,Senegal,senegal,wc2026_senegal_06_ciss_pathe,6,MF,Ismaila Pathe,CISS,CISS Pathe,P.I. CISS,1994-03-16,Rayo Vallecano (ESP),186,THIAW Pape,True,True,True,False,False
FIFA World Cup 2026,FIFA official final 26 squad docx,Senegal,senegal,wc2026_senegal_07_diao_assane,7,FW,Assane,DIAO,DIAO Assane,DIAO,2005-09-07,Como (ITA),185,THIAW Pape,True,True,True,False,False
FIFA World Cup 2026,FIFA official final 26 squad docx,Senegal,senegal,wc2026_senegal_08_camara_lamine,8,MF,Lamine,CAMARA,CAMARA Lamine,LAMINE,2004-01-01,AS Monaco (FRA),174,THIAW Pape,True,True,True,False,False
FIFA World Cup 2026,FIFA official final 26 squad docx,Senegal,senegal,wc2026_senegal_09_dieng_bamba,9,FW,Cheikh Ahmadou Bamba Mbacke,DIENG,DIENG Bamba,B. DIENG,2000-03-23,FC Lorient (FRA),178,THIAW Pape,True,True,True,False,False
FIFA World Cup 2026,FIFA official final 26 squad docx,Senegal,senegal,wc2026_senegal_10_mane_sadio,10,FW,Sadio,MANÉ,MANE Sadio,MANÉ,1992-04-10,Al Nassr FC (KSA),175,THIAW Pape,True,True,True,False,False
FIFA World Cup 2026,FIFA official final 26 squad docx,Senegal,senegal,wc2026_senegal_11_jackson_nicolas,11,FW,Nicolas,JACKSON,JACKSON Nicolas,JACKSON,2001-06-20,FC Bayern München (GER),187,THIAW Pape,True,True,True,False,False
FIFA World Cup 2026,FIFA official final 26 squad docx,Senegal,senegal,wc2026_senegal_12_ndiaye_cherif,12,FW,Pape Cherif,NDIAYE,NDIAYE Cherif,CHERIF,1996-01-23,Samsunspor (TUR),190,THIAW Pape,True,True,True,False,False
FIFA World Cup 2026,FIFA official final 26 squad docx,Senegal,senegal,wc2026_senegal_13_ndiaye_iliman,13,FW,Iliman Cheikh Baroy,NDIAYE,NDIAYE Iliman,NDIAYE,2000-03-06,Everton FC (ENG),180,THIAW Pape,True,True,True,False,False
FIFA World Cup 2026,FIFA official final 26 squad docx,Senegal,senegal,wc2026_senegal_14_jakobs_ismail,14,DF,Ismail Joshua,JAKOBS,JAKOBS Ismail,JAKOBS,1999-08-17,Galatasaray SK (TUR),184,THIAW Pape,True,True,True,False,False
FIFA World Cup 2026,FIFA official final 26 squad docx,Senegal,senegal,wc2026_senegal_15_diatta_krepin,15,DF,Krépin,DIATTA,DIATTA Krepin,KRÉPIN,1999-02-25,AS Monaco (FRA),173,THIAW Pape,True,True,True,False,False
FIFA World Cup 2026,FIFA official final 26 squad docx,Senegal,senegal,wc2026_senegal_16_mendy_edouard,16,GK,Edouard Osoque,MENDY,MENDY Edouard,MENDY,1992-03-01,Al Ahli FC (KSA),194,THIAW Pape,True,True,True,False,False
FIFA World Cup 2026,FIFA official final 26 squad docx,Senegal,senegal,wc2026_senegal_17_sarr_pape_matar,17,MF,Pape Matar,SARR,SARR Pape Matar,P.M. SARR,2002-09-14,Tottenham Hotspur FC (ENG),185,THIAW Pape,True,True,True,False,False
FIFA World Cup 2026,FIFA official final 26 squad docx,Senegal,senegal,wc2026_senegal_18_sarr_ismaila,18,FW,Ismaila,SARR,SARR Ismaila,SARR,1998-02-25,Crystal Palace FC (ENG),185,THIAW Pape,True,True,True,False,False
FIFA World Cup 2026,FIFA official final 26 squad docx,Senegal,senegal,wc2026_senegal_19_niakhate_moussa,19,DF,Moussa,NIAKHATÉ,NIAKHATE Moussa,NIAKHATE,1996-03-08,Olympique Lyonnais (FRA),190,THIAW Pape,True,True,True,False,False
FIFA World Cup 2026,FIFA official final 26 squad docx,Senegal,senegal,wc2026_senegal_20_mbaye_ibrahim,20,FW,Ibrahim,MBAYE,MBAYE Ibrahim,MBAYE,2008-01-24,Paris Saint-Germain (FRA),175,THIAW Pape,True,True,True,False,False
FIFA World Cup 2026,FIFA official final 26 squad docx,Senegal,senegal,wc2026_senegal_21_diarra_habib,21,MF,Mouhamadou Habib Mbacke,DIARRA,DIARRA Habib,H. DIARRA,2004-01-03,Sunderland AFC (ENG),178,THIAW Pape,True,True,True,False,False
FIFA World Cup 2026,FIFA official final 26 squad docx,Senegal,senegal,wc2026_senegal_22_ndiaye_bara_sapoko,22,MF,Bara Sapoko,NDIAYE,NDIAYE Bara Sapoko,BARA,2007-12-31,FC Bayern München (GER),180,THIAW Pape,True,True,True,False,False
FIFA World Cup 2026,FIFA official final 26 squad docx,Senegal,senegal,wc2026_senegal_23_diaw_mory,23,GK,Mory,DIAW,DIAW Mory,DIAW,1993-06-22,Le Havre AC (FRA),197,THIAW Pape,True,True,True,False,False
FIFA World Cup 2026,FIFA official final 26 squad docx,Senegal,senegal,wc2026_senegal_24_mendy_antoine,24,DF,Antoine Alpha,MENDY,MENDY Antoine,A. MENDY,2004-05-27,OGC Nice (FRA),187,THIAW Pape,True,True,True,False,False
FIFA World Cup 2026,FIFA official final 26 squad docx,Senegal,senegal,wc2026_senegal_25_diouf_el_hadji_malick,25,DF,El Hadji Malick,DIOUF,DIOUF El Hadji Malick,DIOUF,2004-12-29,West Ham United FC (ENG),177,THIAW Pape,True,True,True,False,False
FIFA World Cup 2026,FIFA official final 26 squad docx,Senegal,senegal,wc2026_senegal_26_gueye_pape,26,MF,Pape Alassane,GUEYE,GUEYE Pape,GUEYE,1999-01-24,Villarreal CF (ESP),189,THIAW Pape,True,True,True,False,False
FIFA World Cup 2026,FIFA official final 26 squad docx,South Africa,south_africa,wc2026_south_africa_01_williams_ronwen,1,GK,Ronwen Hayden,WILLIAMS,WILLIAMS Ronwen,WILLIAMS,1992-01-21,Mamelodi Sundowns FC (RSA),184,BROOS Hugo,True,True,True,False,False
FIFA World Cup 2026,FIFA official final 26 squad docx,South Africa,south_africa,wc2026_south_africa_02_matuludi_thabang,2,DF,Tholo Thabang,MATULUDI,MATULUDI Thabang,MATULUDI,1999-01-14,Polokwane City FC (RSA),189,BROOS Hugo,True,True,True,False,False
FIFA World Cup 2026,FIFA official final 26 squad docx,South Africa,south_africa,wc2026_south_africa_03_ndamane_khulumani,3,DF,Khulumani,NDAMANE,NDAMANE Khulumani,NDAMANE,2004-02-05,Mamelodi Sundowns FC (RSA),183,BROOS Hugo,True,True,True,False,False
FIFA World Cup 2026,FIFA official final 26 squad docx,South Africa,south_africa,wc2026_south_africa_04_mokoena_teboho,4,MF,Teboho,MOKOENA,MOKOENA Teboho,MOKOENA,1997-01-24,Mamelodi Sundowns FC (RSA),177,BROOS Hugo,True,True,True,False,False
FIFA World Cup 2026,FIFA official final 26 squad docx,South Africa,south_africa,wc2026_south_africa_05_mbatha_thalente,5,MF,Thalente Wandile,MBATHA,MBATHA Thalente,MBATHA,2000-03-06,Orlando Pirates FC (RSA),179,BROOS Hugo,True,True,True,False,False
FIFA World Cup 2026,FIFA official final 26 squad docx,South Africa,south_africa,wc2026_south_africa_06_modiba_aubrey,6,DF,Aubrey Maphosa,MODIBA,MODIBA Aubrey,MODIBA,1995-07-22,Mamelodi Sundowns FC (RSA),171,BROOS Hugo,True,True,True,False,False
FIFA World Cup 2026,FIFA official final 26 squad docx,South Africa,south_africa,wc2026_south_africa_07_appollis_oswin,7,FW,Oswin Reagan,APPOLLIS,APPOLLIS Oswin,APPOLLIS,2001-08-25,Orlando Pirates FC (RSA),171,BROOS Hugo,True,True,True,False,False
FIFA World Cup 2026,FIFA official final 26 squad docx,South Africa,south_africa,wc2026_south_africa_08_moremi_tshepang,8,FW,Tshepang,MOREMI,MOREMI Tshepang,MOREMI,2000-10-02,Orlando Pirates FC (RSA),169,BROOS Hugo,True,True,True,False,False
FIFA World Cup 2026,FIFA official final 26 squad docx,South Africa,south_africa,wc2026_south_africa_09_foster_lyle,9,FW,Lyle Brent,FOSTER,FOSTER Lyle,FOSTER,2000-09-03,Burnley FC (ENG),185,BROOS Hugo,True,True,True,False,False
FIFA World Cup 2026,FIFA official final 26 squad docx,South Africa,south_africa,wc2026_south_africa_10_mofokeng_relebohile,10,FW,Relebohile,MOFOKENG,MOFOKENG Relebohile,MOFOKENG,2004-10-23,Orlando Pirates FC (RSA),168,BROOS Hugo,True,True,True,False,False
FIFA World Cup 2026,FIFA official final 26 squad docx,South Africa,south_africa,wc2026_south_africa_11_zwane_themba,11,MF,Themba,ZWANE,ZWANE Themba,ZWANE,1989-08-03,Mamelodi Sundowns FC (RSA),178,BROOS Hugo,True,True,True,False,False
FIFA World Cup 2026,FIFA official final 26 squad docx,South Africa,south_africa,wc2026_south_africa_12_maseko_thapelo,12,FW,Thapelo,MASEKO,MASEKO Thapelo,MASEKO,2003-11-11,AEL Limassol (CYP),178,BROOS Hugo,True,True,True,False,False
FIFA World Cup 2026,FIFA official final 26 squad docx,South Africa,south_africa,wc2026_south_africa_13_sithole_sphephelo,13,MF,Sphephelo S'miso,SITHOLE,SITHOLE Sphephelo,SITHOLE,1999-03-03,CD Tondela (POR),197,BROOS Hugo,True,True,True,False,False
FIFA World Cup 2026,FIFA official final 26 squad docx,South Africa,south_africa,wc2026_south_africa_14_mbokazi_mbekezeli,14,DF,Mbekezeli Mfanu kile,MBOKAZI,MBOKAZI Mbekezeli,MBOKAZI,2005-09-19,Chicago Fire FC (USA),177,BROOS Hugo,True,True,True,False,False
FIFA World Cup 2026,FIFA official final 26 squad docx,South Africa,south_africa,wc2026_south_africa_15_rayners_iqraam,15,FW,Iqraam,RAYNERS,RAYNERS Iqraam,RAYNERS,1995-12-19,Mamelodi Sundowns FC (RSA),174,BROOS Hugo,True,True,True,False,False
FIFA World Cup 2026,FIFA official final 26 squad docx,South Africa,south_africa,wc2026_south_africa_16_chaine_sipho,16,GK,Sipho Justin,CHAINE,CHAINE Sipho,CHAINE,1996-12-14,Orlando Pirates FC (RSA),186,BROOS Hugo,True,True,True,False,False
FIFA World Cup 2026,FIFA official final 26 squad docx,South Africa,south_africa,wc2026_south_africa_17_makgopa_evidence,17,FW,Sekotori Evidence,MAKGOPA,MAKGOPA Evidence,MAKGPA,2000-06-05,Orlando Pirates FC (RSA),183,BROOS Hugo,True,True,True,False,False
FIFA World Cup 2026,FIFA official final 26 squad docx,South Africa,south_africa,wc2026_south_africa_18_kabini_samukelo,18,DF,Samukele Alucious,KABINI,KABINI Samukelo,KABINI,2004-03-15,Molde FK (NOR),179,BROOS Hugo,True,True,True,False,False
FIFA World Cup 2026,FIFA official final 26 squad docx,South Africa,south_africa,wc2026_south_africa_19_sibisi_nkosinathi,19,DF,Nkosinathi Emmanuel,SIBISI,SIBISI Nkosinathi,SIBISI,1995-09-22,Orlando Pirates FC (RSA),172,BROOS Hugo,True,True,True,False,False
FIFA World Cup 2026,FIFA official final 26 squad docx,South Africa,south_africa,wc2026_south_africa_20_mudau_khuliso,20,DF,Khuliso Johnson,MUDAU,MUDAU Khuliso,MUDAU,1995-04-26,Mamelodi Sundowns FC (RSA),179,BROOS Hugo,True,True,True,False,False
FIFA World Cup 2026,FIFA official final 26 squad docx,South Africa,south_africa,wc2026_south_africa_21_okon_ime,21,DF,Ime Daniel,OKON,OKON Ime,OKON,2004-02-20,Hannover 96 (GER),187,BROOS Hugo,True,True,True,False,False
FIFA World Cup 2026,FIFA official final 26 squad docx,South Africa,south_africa,wc2026_south_africa_22_goss_ricardo,22,GK,Stuart Ricardo,GOSS,GOSS Ricardo,GOSS,1994-04-02,Siwelele FC (RSA),181,BROOS Hugo,True,True,True,False,False
FIFA World Cup 2026,FIFA official final 26 squad docx,South Africa,south_africa,wc2026_south_africa_23_adams_jayden,23,MF,Jayden Oswin,ADAMS,ADAMS Jayden,ADAMS,2001-05-05,Mamelodi Sundowns FC (RSA),177,BROOS Hugo,True,True,True,False,False
FIFA World Cup 2026,FIFA official final 26 squad docx,South Africa,south_africa,wc2026_south_africa_24_makhanya_olwethu,24,DF,Olwethu Mpilwenhle,MAKHANYA,MAKHANYA Olwethu,MAKHANYA,2004-04-30,Philadelphia Union (USA),185,BROOS Hugo,True,True,True,False,False
FIFA World Cup 2026,FIFA official final 26 squad docx,South Africa,south_africa,wc2026_south_africa_25_sebelebele_kamogelo,25,FW,Kamogelo Michael,SEBELEBELE,SEBELEBELE Kamogelo,SEBELEBELE,2002-07-21,Orlando Pirates FC (RSA),166,BROOS Hugo,True,True,True,False,False
FIFA World Cup 2026,FIFA official final 26 squad docx,South Africa,south_africa,wc2026_south_africa_26_cross_bradley,26,DF,Bradley Paul,CROSS,CROSS Bradley,CROSS,2001-01-30,Kaizer Chiefs FC (RSA),175,BROOS Hugo,True,True,True,False,False
FIFA World Cup 2026,FIFA official final 26 squad docx,Spain,spain,wc2026_spain_01_raya_david,1,GK,David,RAYA MARTÍN,RAYA David,RAYA,1995-09-15,Arsenal FC (ENG),186,DE LA FUENTE Luis,True,True,True,False,False
FIFA World Cup 2026,FIFA official final 26 squad docx,Spain,spain,wc2026_spain_02_pubill_marc,2,DF,Marc,PUBILL PAGES,PUBILL Marc,MARC PUBILL,2003-06-20,Atlético De Madrid (ESP),191,DE LA FUENTE Luis,True,True,True,False,False
FIFA World Cup 2026,FIFA official final 26 squad docx,Spain,spain,wc2026_spain_03_grimaldo_alex,3,DF,Alejandro,GRIMALDO GARCÍA,GRIMALDO Alex,GRIMALDO,1995-09-20,Bayer Leverkusen (GER),171,DE LA FUENTE Luis,True,True,True,False,False
FIFA World Cup 2026,FIFA official final 26 squad docx,Spain,spain,wc2026_spain_04_garcia_eric,4,DF,Eric,GARCÍA MARTRET,GARCIA Eric,ERIC,2001-01-09,FC Barcelona (ESP),183,DE LA FUENTE Luis,True,True,True,False,False
FIFA World Cup 2026,FIFA official final 26 squad docx,Spain,spain,wc2026_spain_05_llorente_marcos,5,DF,Marcos,LLORENTE MORENO,LLORENTE Marcos,M. LLORENTE,1995-01-30,Atlético De Madrid (ESP),183,DE LA FUENTE Luis,True,True,True,False,False
FIFA World Cup 2026,FIFA official final 26 squad docx,Spain,spain,wc2026_spain_06_merino_mikel,6,MF,Mikel,MERINO ZAZÓN,MERINO Mikel,MERINO,1996-06-22,Arsenal FC (ENG),188,DE LA FUENTE Luis,True,True,True,False,False
FIFA World Cup 2026,FIFA official final 26 squad docx,Spain,spain,wc2026_spain_07_torres_ferran,7,FW,Ferran,TORRES GARCÍA,TORRES Ferran,FERRAN,2000-02-29,FC Barcelona (ESP),183,DE LA FUENTE Luis,True,True,True,False,False
FIFA World Cup 2026,FIFA official final 26 squad docx,Spain,spain,wc2026_spain_08_ruiz_fabian,8,MF,Fabian,RUIZ PEÑA,RUIZ Fabian,FABIÁN,1996-04-03,Paris Saint-Germain (FRA),188,DE LA FUENTE Luis,True,True,True,False,False
FIFA World Cup 2026,FIFA official final 26 squad docx,Spain,spain,wc2026_spain_09_gavi,9,MF,Pablo,PAEZ GAVIRA,GAVI,GAVI,2004-08-05,FC Barcelona (ESP),173,DE LA FUENTE Luis,True,True,True,False,False
FIFA World Cup 2026,FIFA official final 26 squad docx,Spain,spain,wc2026_spain_10_olmo_dani,10,FW,Daniel,OLMO CARVAJAL,OLMO Dani,OLMO,1998-05-07,FC Barcelona (ESP),179,DE LA FUENTE Luis,True,True,True,False,False
FIFA World Cup 2026,FIFA official final 26 squad docx,Spain,spain,wc2026_spain_11_pino_yeremy,11,FW,Yeremy Jesús,PINO SANTOS,PINO Yeremy,YEREMY,2002-10-20,Crystal Palace FC (ENG),174,DE LA FUENTE Luis,True,True,True,False,False
FIFA World Cup 2026,FIFA official final 26 squad docx,Spain,spain,wc2026_spain_12_porro_pedro,12,DF,Pedro Antonio,PORRO SAUCEDA,PORRO Pedro,PEDRO PORRO,1999-09-13,Tottenham Hotspur FC (ENG),173,DE LA FUENTE Luis,True,True,True,False,False
FIFA World Cup 2026,FIFA official final 26 squad docx,Spain,spain,wc2026_spain_13_garcia_joan,13,GK,Joan,GARCIA PONS,GARCIA Joan,JOAN GARCIA,2001-05-04,FC Barcelona (ESP),194,DE LA FUENTE Luis,True,True,True,False,False
FIFA World Cup 2026,FIFA official final 26 squad docx,Spain,spain,wc2026_spain_14_laporte_aymeric,14,DF,Aymeric,LAPORTE FEVRE,LAPORTE Aymeric,LAPORTE,1994-05-27,Athletic Club (ESP),191,DE LA FUENTE Luis,True,True,True,False,False
FIFA World Cup 2026,FIFA official final 26 squad docx,Spain,spain,wc2026_spain_15_baena_alex,15,MF,Alejandro,BAENA RODRÍGUEZ,BAENA Alex,ALEX B.,2001-07-20,Atlético De Madrid (ESP),172,DE LA FUENTE Luis,True,True,True,False,False
FIFA World Cup 2026,FIFA official final 26 squad docx,Spain,spain,wc2026_spain_16_rodri,16,MF,Rodrigo,HERNÁNDEZ CASCANTE,RODRI,RODRIGO,1996-06-22,Manchester City FC (ENG),190,DE LA FUENTE Luis,True,True,True,False,False
FIFA World Cup 2026,FIFA official final 26 squad docx,Spain,spain,wc2026_spain_17_williams_nico,17,FW,Nicholas,WILLIAMS ARTHUER,WILLIAMS Nico,WILLIAMS JR,2002-07-12,Athletic Club (ESP),181,DE LA FUENTE Luis,True,True,True,False,False
FIFA World Cup 2026,FIFA official final 26 squad docx,Spain,spain,wc2026_spain_18_zubimendi_martin,18,MF,Martin,ZUBIMENDI IBAÑEZ,ZUBIMENDI Martin,ZUBIMENDI,1999-02-02,Arsenal FC (ENG),181,DE LA FUENTE Luis,True,True,True,False,False
FIFA World Cup 2026,FIFA official final 26 squad docx,Spain,spain,wc2026_spain_19_yamal_lamine,19,FW,Lamine Yamal,NASRAOUI EBANA,YAMAL Lamine,LAMINE YAMAL,2007-07-13,FC Barcelona (ESP),183,DE LA FUENTE Luis,True,True,True,False,False
FIFA World Cup 2026,FIFA official final 26 squad docx,Spain,spain,wc2026_spain_20_pedri,20,MF,Pedro,GONZÁLEZ LÓPEZ,PEDRI,PEDRI,2002-11-25,FC Barcelona (ESP),174,DE LA FUENTE Luis,True,True,True,False,False
FIFA World Cup 2026,FIFA official final 26 squad docx,Spain,spain,wc2026_spain_21_oyarzabal_mikel,21,FW,Mikel,OYARZABAL UGARTE,OYARZABAL Mikel,OYARZABAL,1997-04-21,Real Sociedad (ESP),181,DE LA FUENTE Luis,True,True,True,False,False
FIFA World Cup 2026,FIFA official final 26 squad docx,Spain,spain,wc2026_spain_22_cubarsi_pau,22,DF,Pau,CUBARSI I PAREDES,CUBARSI Pau,CUBARSÍ,2007-01-22,FC Barcelona (ESP),183,DE LA FUENTE Luis,True,True,True,False,False
FIFA World Cup 2026,FIFA official final 26 squad docx,Spain,spain,wc2026_spain_23_simon_unai,23,GK,Unai,SIMÓN MENDIBIL,SIMON Unai,UNAI SIMÓN,1997-06-11,Athletic Club (ESP),190,DE LA FUENTE Luis,True,True,True,False,False
FIFA World Cup 2026,FIFA official final 26 squad docx,Spain,spain,wc2026_spain_24_cucurella_marc,24,DF,Marc,CUCURELLA SASETA,CUCURELLA Marc,CUCURELLA,1998-07-22,Chelsea FC (ENG),173,DE LA FUENTE Luis,True,True,True,False,False
FIFA World Cup 2026,FIFA official final 26 squad docx,Spain,spain,wc2026_spain_25_munoz_victor,25,FW,Victor,MUÑOZ VILLANUEVA,MUNOZ Victor,VICTOR M.V.,2003-07-13,CA Osasuna (ESP),173,DE LA FUENTE Luis,True,True,True,False,False
FIFA World Cup 2026,FIFA official final 26 squad docx,Spain,spain,wc2026_spain_26_iglesias_borja,26,FW,Borja,IGLESIAS QUINTÁS,IGLESIAS Borja,B. IGLESIAS,1993-01-17,RC Celta Vigo (ESP),187,DE LA FUENTE Luis,True,True,True,False,False
FIFA World Cup 2026,FIFA official final 26 squad docx,Sweden,sweden,wc2026_sweden_01_widell_zetterstrom_jacob,1,GK,Jacob Mikael,WIDELL ZETTERSTRÖM,WIDELL ZETTERSTROM Jacob,ZETTERSTRÖM,1998-07-11,Derby County FC (ENG),197,POTTER Graham,True,True,True,False,False
FIFA World Cup 2026,FIFA official final 26 squad docx,Sweden,sweden,wc2026_sweden_02_lagerbielke_gustaf,2,DF,Gustaf Johan,LAGERBIELKE,LAGERBIELKE Gustaf,LAGERBIELKE,2000-04-10,SC Braga (POR),193,POTTER Graham,True,True,True,False,False
FIFA World Cup 2026,FIFA official final 26 squad docx,Sweden,sweden,wc2026_sweden_03_lindelof_victor,3,DF,Victor Jörgen,NILSSON LINDELÖF,LINDELOF Victor,LINDELÖF,1994-07-17,Aston Villa FC (ENG),187,POTTER Graham,True,True,True,False,False
FIFA World Cup 2026,FIFA official final 26 squad docx,Sweden,sweden,wc2026_sweden_04_hien_isak,4,DF,Isak Malcolm Kwaku,HIEN,HIEN Isak,HIEN,1999-01-13,Atalanta Bergamo (ITA),191,POTTER Graham,True,True,True,False,False
FIFA World Cup 2026,FIFA official final 26 squad docx,Sweden,sweden,wc2026_sweden_05_gudmundsson_gabriel,5,DF,Gabriel Johan,GUDMUNDSSON,GUDMUNDSSON Gabriel,GUDMUNDSSON,1999-04-29,Leeds United FC (ENG),181,POTTER Graham,True,True,True,False,False
FIFA World Cup 2026,FIFA official final 26 squad docx,Sweden,sweden,wc2026_sweden_06_johansson_herman,6,DF,Herman Nils,JOHANSSON,JOHANSSON Herman,H. JOHANSSON,1997-10-16,FC Dallas (USA),190,POTTER Graham,True,True,True,False,False
FIFA World Cup 2026,FIFA official final 26 squad docx,Sweden,sweden,wc2026_sweden_07_bergvall_lucas,7,MF,Lucas Erik Holger,BERGVALL,BERGVALL Lucas,BERGVALL,2006-02-02,Tottenham Hotspur FC (ENG),187,POTTER Graham,True,True,True,False,False
FIFA World Cup 2026,FIFA official final 26 squad docx,Sweden,sweden,wc2026_sweden_08_svensson_daniel,8,DF,Daniel Jonathan,SVENSSON,SVENSSON Daniel,SVENSSON,2002-02-12,Borussia Dortmund (GER),183,POTTER Graham,True,True,True,False,False
FIFA World Cup 2026,FIFA official final 26 squad docx,Sweden,sweden,wc2026_sweden_09_isak_alexander,9,FW,Alexander,ISAK,ISAK Alexander,ISAK,1999-09-21,Liverpool FC (ENG),190,POTTER Graham,True,True,True,False,False
FIFA World Cup 2026,FIFA official final 26 squad docx,Sweden,sweden,wc2026_sweden_10_nygren_benjamin,10,MF,Erik Benjamin,NYGREN,NYGREN Benjamin,NYGREN,2001-07-08,Celtic FC (SCO),187,POTTER Graham,True,True,True,False,False
FIFA World Cup 2026,FIFA official final 26 squad docx,Sweden,sweden,wc2026_sweden_11_elanga_anthony,11,FW,Anthony David Junior,ELANGA,ELANGA Anthony,ELANGA,2002-04-27,Newcastle United FC (ENG),178,POTTER Graham,True,True,True,False,False
FIFA World Cup 2026,FIFA official final 26 squad docx,Sweden,sweden,wc2026_sweden_12_johansson_viktor,12,GK,Tobias Viktor,JOHANSSON,JOHANSSON Viktor,V. JOHANSSON,1998-09-14,Stoke City FC (ENG),187,POTTER Graham,True,True,True,False,False
FIFA World Cup 2026,FIFA official final 26 squad docx,Sweden,sweden,wc2026_sweden_13_sema_ken,13,MF,Ken,SEMA,SEMA Ken,SEMA,1993-09-30,Pafos FC (CYP),180,POTTER Graham,True,True,True,False,False
FIFA World Cup 2026,FIFA official final 26 squad docx,Sweden,sweden,wc2026_sweden_14_ekdal_hjalmar,14,DF,Hjalmar,EKDAL,EKDAL Hjalmar,EKDAL,1998-10-21,Burnley FC (ENG),187,POTTER Graham,True,True,True,False,False
FIFA World Cup 2026,FIFA official final 26 squad docx,Sweden,sweden,wc2026_sweden_15_starfelt_carl,15,DF,Carl Anders Theodor,STARFELT,STARFELT Carl,STARFELT,1995-06-01,RC Celta Vigo (ESP),185,POTTER Graham,True,True,True,False,False
FIFA World Cup 2026,FIFA official final 26 squad docx,Sweden,sweden,wc2026_sweden_16_karlstrom_jesper,16,MF,Jesper Kewe,KARLSTRÖM,KARLSTROM Jesper,KARLSTRÖM,1995-06-21,Udinese (ITA),182,POTTER Graham,True,True,True,False,False
FIFA World Cup 2026,FIFA official final 26 squad docx,Sweden,sweden,wc2026_sweden_17_gyokeres_viktor,17,FW,Viktor Einar,GYÖKERES,GYOKERES Viktor,GYÖKERES,1998-06-04,Arsenal FC (ENG),189,POTTER Graham,True,True,True,False,False
FIFA World Cup 2026,FIFA official final 26 squad docx,Sweden,sweden,wc2026_sweden_18_ayari_yasin,18,MF,Yasin,AYARI,AYARI Yasin,AYARI,2003-10-06,Brighton & Hove Albion FC (ENG),172,POTTER Graham,True,True,True,False,False
FIFA World Cup 2026,FIFA official final 26 squad docx,Sweden,sweden,wc2026_sweden_19_svanberg_mattias,19,MF,Mattias Olof,SVANBERG,SVANBERG Mattias,SVANBERG,1999-01-05,VfL Wolfsburg (GER),186,POTTER Graham,True,True,True,False,False
FIFA World Cup 2026,FIFA official final 26 squad docx,Sweden,sweden,wc2026_sweden_20_smith_eric,20,DF,Eric Anders,SMITH,SMITH Eric,SMITH,1997-01-08,FC St. Pauli (GER),192,POTTER Graham,True,True,True,False,False
FIFA World Cup 2026,FIFA official final 26 squad docx,Sweden,sweden,wc2026_sweden_21_bernhardsson_alexander,21,DF,Alexander Olof,BERNHARDSSON,BERNHARDSSON Alexander,BERNHARDSSON,1998-09-08,Holstein Kiel (GER),184,POTTER Graham,True,True,True,False,False
FIFA World Cup 2026,FIFA official final 26 squad docx,Sweden,sweden,wc2026_sweden_22_zeneli_besfort,22,MF,Besfort,ZENELI,ZENELI Besfort,ZENELI,2002-11-21,Royale Union Saint-Gilloise (BEL),187,POTTER Graham,True,True,True,False,False
FIFA World Cup 2026,FIFA official final 26 squad docx,Sweden,sweden,wc2026_sweden_23_nordfeldt_kristoffer,23,GK,Bo Kristoffer,NORDFELDT,NORDFELDT Kristoffer,NORDFELDT,1989-06-23,AIK Stockholm (SWE),190,POTTER Graham,True,True,True,False,False
FIFA World Cup 2026,FIFA official final 26 squad docx,Sweden,sweden,wc2026_sweden_24_stroud_elliot,24,DF,Elliot Karl,STROUD,STROUD Elliot,STROUD,2002-06-22,Mjällby AIF (SWE),185,POTTER Graham,True,True,True,False,False
FIFA World Cup 2026,FIFA official final 26 squad docx,Sweden,sweden,wc2026_sweden_25_nilsson_gustaf,25,FW,Håkan Gustaf,NILSSON,NILSSON Gustaf,NILSSON,1997-05-23,Club Brugge (BEL),197,POTTER Graham,True,True,True,False,False
FIFA World Cup 2026,FIFA official final 26 squad docx,Sweden,sweden,wc2026_sweden_26_ali_taha,26,FW,Taha Abdi,ALI,ALI Taha,ALI,1998-07-01,Malmö FF (SWE),174,POTTER Graham,True,True,True,False,False
FIFA World Cup 2026,FIFA official final 26 squad docx,Switzerland,switzerland,wc2026_switzerland_01_kobel_gregor,1,GK,Gregor,KOBEL,KOBEL Gregor,KOBEL,1997-12-06,Borussia Dortmund (GER),196,YAKIN Murat,True,True,True,False,False
FIFA World Cup 2026,FIFA official final 26 squad docx,Switzerland,switzerland,wc2026_switzerland_02_muheim_miro,2,DF,Miro Max Maria,MUHEIM,MUHEIM Miro,MUHEIM,1998-03-24,Hamburger SV (GER),182,YAKIN Murat,True,True,True,False,False
FIFA World Cup 2026,FIFA official final 26 squad docx,Switzerland,switzerland,wc2026_switzerland_03_widmer_silvan,3,DF,Silvan Dominic,WIDMER,WIDMER Silvan,WIDMER,1993-03-05,1. FSV Mainz 05 (GER),183,YAKIN Murat,True,True,True,False,False
FIFA World Cup 2026,FIFA official final 26 squad docx,Switzerland,switzerland,wc2026_switzerland_04_elvedi_nico,4,DF,Nico,ELVEDI,ELVEDI Nico,ELVEDI,1996-09-30,Borussia Mönchengladbach (GER),189,YAKIN Murat,True,True,True,False,False
FIFA World Cup 2026,FIFA official final 26 squad docx,Switzerland,switzerland,wc2026_switzerland_05_akanji_manuel,5,DF,Manuel Obafemi,AKANJI,AKANJI Manuel,AKANJI,1995-07-19,FC Internazionale Milano (ITA),188,YAKIN Murat,True,True,True,False,False
FIFA World Cup 2026,FIFA official final 26 squad docx,Switzerland,switzerland,wc2026_switzerland_06_zakaria_denis,6,MF,Denis Lemi,ZAKARIA LAKO LADO,ZAKARIA Denis,ZAKARIA,1996-11-20,AS Monaco (FRA),189,YAKIN Murat,True,True,True,False,False
FIFA World Cup 2026,FIFA official final 26 squad docx,Switzerland,switzerland,wc2026_switzerland_07_embolo_breel,7,FW,Breel Donald,EMBOLO,EMBOLO Breel,EMBOLO,1997-02-14,Stade Rennais FC (FRA),184,YAKIN Murat,True,True,True,False,False
FIFA World Cup 2026,FIFA official final 26 squad docx,Switzerland,switzerland,wc2026_switzerland_08_freuler_remo,8,MF,Remo Marco,FREULER,FREULER Remo,FREULER,1992-04-15,Bologna FC (ITA),181,YAKIN Murat,True,True,True,False,False
FIFA World Cup 2026,FIFA official final 26 squad docx,Switzerland,switzerland,wc2026_switzerland_09_manzambi_johan,9,MF,Johan Kula,MANZAMBI,MANZAMBI Johan,MANZAMBI,2005-10-14,SC Freiburg (GER),182,YAKIN Murat,True,True,True,False,False
FIFA World Cup 2026,FIFA official final 26 squad docx,Switzerland,switzerland,wc2026_switzerland_10_xhaka_granit,10,MF,Granit,XHAKA,XHAKA Granit,XHAKA,1992-09-27,Sunderland AFC (ENG),183,YAKIN Murat,True,True,True,False,False
FIFA World Cup 2026,FIFA official final 26 squad docx,Switzerland,switzerland,wc2026_switzerland_11_ndoye_dan,11,FW,Dan,NDOYE,NDOYE Dan,NODYE,2000-10-25,Nottingham Forest FC (ENG),184,YAKIN Murat,True,True,True,False,False
FIFA World Cup 2026,FIFA official final 26 squad docx,Switzerland,switzerland,wc2026_switzerland_12_mvogo_yvon,12,GK,Yvon Landry,MVOGO NGANOMA,MVOGO Yvon,MVOGO,1994-06-06,FC Lorient (FRA),190,YAKIN Murat,True,True,True,False,False
FIFA World Cup 2026,FIFA official final 26 squad docx,Switzerland,switzerland,wc2026_switzerland_13_rodriguez_ricardo,13,DF,Ricardo Ivan,RODRIGUEZ ARAYA,RODRIGUEZ Ricardo,RODRIGUEZ,1992-08-25,Real Betis (ESP),182,YAKIN Murat,True,True,True,False,False
FIFA World Cup 2026,FIFA official final 26 squad docx,Switzerland,switzerland,wc2026_switzerland_14_jashari_ardon,14,MF,Ardon,JASHARI,JASHARI Ardon,JASHARI,2002-07-30,AC Milan (ITA),181,YAKIN Murat,True,True,True,False,False
FIFA World Cup 2026,FIFA official final 26 squad docx,Switzerland,switzerland,wc2026_switzerland_15_sow_djibril,15,MF,Mohameth Djibril Ibrahima,SOW,SOW Djibril,SOW,1997-02-06,Sevilla FC (ESP),183,YAKIN Murat,True,True,True,False,False
FIFA World Cup 2026,FIFA official final 26 squad docx,Switzerland,switzerland,wc2026_switzerland_16_fassnacht_christian,16,FW,Christian Andreas,FASSNACHT,FASSNACHT Christian,FASSNACHT,1993-11-11,BSC Young Boys (SUI),185,YAKIN Murat,True,True,True,False,False
FIFA World Cup 2026,FIFA official final 26 squad docx,Switzerland,switzerland,wc2026_switzerland_17_vargas_ruben,17,FW,Ruben Estephan,VARGAS MARITNEZ,VARGAS Ruben,VARGAS,1998-08-05,Sevilla FC (ESP),179,YAKIN Murat,True,True,True,False,False
FIFA World Cup 2026,FIFA official final 26 squad docx,Switzerland,switzerland,wc2026_switzerland_18_coemert_eray,18,DF,Eray Ervin,CÖMERT,COEMERT Eray,CÖMERT,1998-02-04,Valencia CF (ESP),183,YAKIN Murat,True,True,True,False,False
FIFA World Cup 2026,FIFA official final 26 squad docx,Switzerland,switzerland,wc2026_switzerland_19_okafor_noah,19,FW,Noah Arinzechukwu,OKAFOR,OKAFOR Noah,OKAFOR,2000-05-24,Leeds United FC (ENG),185,YAKIN Murat,True,True,True,False,False
FIFA World Cup 2026,FIFA official final 26 squad docx,Switzerland,switzerland,wc2026_switzerland_20_aebischer_michel,20,MF,Michel,AEBISCHER,AEBISCHER Michel,AEBISCHER,1997-01-06,Pisa SC (ITA),183,YAKIN Murat,True,True,True,False,False
FIFA World Cup 2026,FIFA official final 26 squad docx,Switzerland,switzerland,wc2026_switzerland_21_keller_marvin,21,GK,Marvin,KELLER,KELLER Marvin,KELLER,2002-07-03,BSC Young Boys (SUI),189,YAKIN Murat,True,True,True,False,False
FIFA World Cup 2026,FIFA official final 26 squad docx,Switzerland,switzerland,wc2026_switzerland_22_rieder_fabian,22,MF,Fabian,RIEDER,RIEDER Fabian,RIEDER,2002-02-16,FC Augsburg (GER),181,YAKIN Murat,True,True,True,False,False
FIFA World Cup 2026,FIFA official final 26 squad docx,Switzerland,switzerland,wc2026_switzerland_23_amdouni_zeki,23,FW,Mohamed Zeki,AMDOUNI,AMDOUNI Zeki,AMDOUNI,2000-12-04,Burnley FC (ENG),183,YAKIN Murat,True,True,True,False,False
FIFA World Cup 2026,FIFA official final 26 squad docx,Switzerland,switzerland,wc2026_switzerland_24_amenda_aurele,24,DF,Aurèle Florian,AMENDA,AMENDA Aurele,AMENDA,2003-07-31,Eintracht Frankfurt (GER),194,YAKIN Murat,True,True,True,False,False
FIFA World Cup 2026,FIFA official final 26 squad docx,Switzerland,switzerland,wc2026_switzerland_25_jaquez_luca,25,DF,Luca Antony,JAQUEZ,JAQUEZ Luca,JAQUEZ,2003-06-02,VfB Stuttgart (GER),187,YAKIN Murat,True,True,True,False,False
FIFA World Cup 2026,FIFA official final 26 squad docx,Switzerland,switzerland,wc2026_switzerland_26_itten_cedric,26,FW,Cedric Jan,ITTEN,ITTEN Cedric,ITTEN,1996-12-27,Fortuna Düsseldorf (GER),190,YAKIN Murat,True,True,True,False,False
FIFA World Cup 2026,FIFA official final 26 squad docx,Tunisia,tunisia,wc2026_tunisia_01_chamakh_mouhib,1,GK,Abdelmouhib,CHAMAKH,CHAMAKH Mouhib,CHAMAKH,2001-08-25,Club Africain (TUN),189,LAMOUCHI Sabri,True,True,True,False,False
FIFA World Cup 2026,FIFA official final 26 squad docx,Tunisia,tunisia,wc2026_tunisia_02_abdi_ali,2,DF,Ali,ELABDI,ABDI Ali,ABDI,1993-12-20,OGC Nice (FRA),177,LAMOUCHI Sabri,True,True,True,False,False
FIFA World Cup 2026,FIFA official final 26 squad docx,Tunisia,tunisia,wc2026_tunisia_03_talbi_montassar,3,DF,Montassar Omar,TALBI,TALBI Montassar,TALBI,1998-05-26,FC Lorient (FRA),190,LAMOUCHI Sabri,True,True,True,False,False
FIFA World Cup 2026,FIFA official final 26 squad docx,Tunisia,tunisia,wc2026_tunisia_04_rekik_omar,4,DF,Omar,REKIK,REKIK Omar,REKIK,2001-12-20,NK Maribor (SVN),188,LAMOUCHI Sabri,True,True,True,False,False
FIFA World Cup 2026,FIFA official final 26 squad docx,Tunisia,tunisia,wc2026_tunisia_05_arous_adam,5,DF,Adam,AROUS,AROUS Adam,AROUS,2004-07-17,Kasımpaşa SK (TUR),188,LAMOUCHI Sabri,True,True,True,False,False
FIFA World Cup 2026,FIFA official final 26 squad docx,Tunisia,tunisia,wc2026_tunisia_06_bronn_dylan,6,DF,Dylan Daniel Mahmoud,BRONN,BRONN Dylan,BRONN,1995-06-19,Servette FC (SUI),186,LAMOUCHI Sabri,True,True,True,False,False
FIFA World Cup 2026,FIFA official final 26 squad docx,Tunisia,tunisia,wc2026_tunisia_07_achouri_elias,7,FW,Mohamed Elyes,ACHOURI,ACHOURI Elias,ACHOURI,1999-02-10,FC København (DEN),187,LAMOUCHI Sabri,True,True,True,False,False
FIFA World Cup 2026,FIFA official final 26 squad docx,Tunisia,tunisia,wc2026_tunisia_08_saad_elias,8,FW,Elias,SAAD,SAAD Elias,SAAD,1999-12-27,Hannover 96 (GER),185,LAMOUCHI Sabri,True,True,True,False,False
FIFA World Cup 2026,FIFA official final 26 squad docx,Tunisia,tunisia,wc2026_tunisia_09_mastouri_hazem,9,FW,Hazem,MASTOURI,MASTOURI Hazem,MASTOURI,1997-06-18,FC Dynamo Makhachkala (RUS),191,LAMOUCHI Sabri,True,True,True,False,False
FIFA World Cup 2026,FIFA official final 26 squad docx,Tunisia,tunisia,wc2026_tunisia_10_mejbri_hannibal,10,MF,Hannibal,MEJBRI,MEJBRI Hannibal,MEJBRI,2003-01-21,Burnley FC (ENG),177,LAMOUCHI Sabri,True,True,True,False,False
FIFA World Cup 2026,FIFA official final 26 squad docx,Tunisia,tunisia,wc2026_tunisia_11_gharbi_ismael,11,MF,Ismael Seifallah,GHARBI,GHARBI Ismael,GHARBI,2004-04-10,FC Augsburg (GER),180,LAMOUCHI Sabri,True,True,True,False,False
FIFA World Cup 2026,FIFA official final 26 squad docx,Tunisia,tunisia,wc2026_tunisia_12_ben_ouanes_mortadha,12,DF,Ahmed Mortadha,BEN OUANES,BEN OUANES Mortadha,BEN OUANES,1994-07-02,Kasımpaşa SK (TUR),188,LAMOUCHI Sabri,True,True,True,False,False
FIFA World Cup 2026,FIFA official final 26 squad docx,Tunisia,tunisia,wc2026_tunisia_13_khedira_rani,13,MF,Rani,KHEDIRA,KHEDIRA Rani,KHEDIRA,1994-01-27,1. FC Union Berlin (GER),188,LAMOUCHI Sabri,True,True,True,False,False
FIFA World Cup 2026,FIFA official final 26 squad docx,Tunisia,tunisia,wc2026_tunisia_14_ayari_khalil,14,MF,Khalil,AYARI,AYARI Khalil,AYARI,2005-02-02,Paris Saint-Germain (FRA),174,LAMOUCHI Sabri,True,True,True,False,False
FIFA World Cup 2026,FIFA official final 26 squad docx,Tunisia,tunisia,wc2026_tunisia_15_hadj_mahmoud_mohamed,15,MF,Mohamed,BELHADJ MAHMOUD,HADJ MAHMOUD Mohamed,BELHADJ MAHMOUD,2000-04-24,FC Lugano (SUI),179,LAMOUCHI Sabri,True,True,True,False,False
FIFA World Cup 2026,FIFA official final 26 squad docx,Tunisia,tunisia,wc2026_tunisia_16_dahmen_aymen,16,GK,Aymen,DAHMEN,DAHMEN Aymen,DAHMEN,1997-01-28,CS Sfaxien (TUN),188,LAMOUCHI Sabri,True,True,True,False,False
FIFA World Cup 2026,FIFA official final 26 squad docx,Tunisia,tunisia,wc2026_tunisia_17_skhiri_ellyes,17,MF,Ellyes Joris,SKHIRI,SKHIRI Ellyes,SKHIRI,1995-05-10,Eintracht Frankfurt (GER),185,LAMOUCHI Sabri,True,True,True,False,False
FIFA World Cup 2026,FIFA official final 26 squad docx,Tunisia,tunisia,wc2026_tunisia_18_elloumi_rayan,18,FW,Rayan,ELLOUMI,ELLOUMI Rayan,ELLOUMI,2007-09-17,Vancouver Whitecaps FC (CAN),180,LAMOUCHI Sabri,True,True,True,False,False
FIFA World Cup 2026,FIFA official final 26 squad docx,Tunisia,tunisia,wc2026_tunisia_19_chaouat_firas,19,FW,Firas,CHAOUAT,CHAOUAT Firas,CHAOUAT,1996-05-08,Club Africain (TUN),185,LAMOUCHI Sabri,True,True,True,False,False
FIFA World Cup 2026,FIFA official final 26 squad docx,Tunisia,tunisia,wc2026_tunisia_20_valery_yan,20,DF,Yan,VALERY,VALERY Yan,VALERY,1999-02-22,BSC Young Boys (SUI),181,LAMOUCHI Sabri,True,True,True,False,False
FIFA World Cup 2026,FIFA official final 26 squad docx,Tunisia,tunisia,wc2026_tunisia_21_ben_hmida_mohamed_amine,21,DF,Mohamed Amine,BEN HMIDA,BEN HMIDA Mohamed Amine,BEN HMIDA,1995-12-15,Espérance De Tunisie (TUN),181,LAMOUCHI Sabri,True,True,True,False,False
FIFA World Cup 2026,FIFA official final 26 squad docx,Tunisia,tunisia,wc2026_tunisia_22_ben_hessen_sabri,22,GK,Sabri,BEN HSAN,BEN HESSEN Sabri,BEN HSAN,1996-06-13,Étoile Du Sahel (TUN),189,LAMOUCHI Sabri,True,True,True,False,False
FIFA World Cup 2026,FIFA official final 26 squad docx,Tunisia,tunisia,wc2026_tunisia_23_neffati_moutaz,23,DF,Moutaz,NEFFATI,NEFFATI Moutaz,NEFFATI,2004-09-04,IFK Norrköping FK (SWE),182,LAMOUCHI Sabri,True,True,True,False,False
FIFA World Cup 2026,FIFA official final 26 squad docx,Tunisia,tunisia,wc2026_tunisia_24_chikhaoui_raed,24,DF,Raed,CHIKHAOUI,CHIKHAOUI Raed,CHIKHAOUI,2004-06-09,US Monastir (TUN),191,LAMOUCHI Sabri,True,True,True,False,False
FIFA World Cup 2026,FIFA official final 26 squad docx,Tunisia,tunisia,wc2026_tunisia_25_slimane_anis,25,MF,Anis,BEN SLIMANE,SLIMANE Anis,SLIMANE,2001-03-16,Norwich City FC (ENG),188,LAMOUCHI Sabri,True,True,True,False,False
FIFA World Cup 2026,FIFA official final 26 squad docx,Tunisia,tunisia,wc2026_tunisia_26_tounekti_sebastian,26,MF,Sebastian,TOUNEKTI,TOUNEKTI Sebastian,TOUNEKTI,2002-07-13,Celtic FC (SCO),182,LAMOUCHI Sabri,True,True,True,False,False
FIFA World Cup 2026,FIFA official final 26 squad docx,Türkiye,turkiye,wc2026_turkiye_01_gunok_mert,1,GK,Fehmi Mert,GÜNOK,GUNOK Mert,MERT,1989-03-01,Fenerbahçe SK (TUR),196,MONTELLA Vincenzo,True,True,True,False,False
FIFA World Cup 2026,FIFA official final 26 squad docx,Türkiye,turkiye,wc2026_turkiye_02_celik_zeki,2,DF,Mehmet Zeki,ÇELIK,CELIK Zeki,ZEKİ ÇELİK,1997-02-17,AS Roma (ITA),180,MONTELLA Vincenzo,True,True,True,False,False
FIFA World Cup 2026,FIFA official final 26 squad docx,Türkiye,turkiye,wc2026_turkiye_03_demiral_merih,3,DF,Merih,DEMİRAL,DEMIRAL Merih,DEMİRAL,1998-03-05,Al Ahli FC (KSA),190,MONTELLA Vincenzo,True,True,True,False,False
FIFA World Cup 2026,FIFA official final 26 squad docx,Türkiye,turkiye,wc2026_turkiye_04_soyuncu_caglar,4,DF,Çağlar,SÖYÜNCÜ,SOYUNCU Caglar,ÇAĞLAR,1996-05-23,Fenerbahçe SK (TUR),185,MONTELLA Vincenzo,True,True,True,False,False
FIFA World Cup 2026,FIFA official final 26 squad docx,Türkiye,turkiye,wc2026_turkiye_05_ozcan_salih,5,MF,Salih,ÖZCAN,OZCAN Salih,ÖZCAN,1998-01-11,Borussia Dortmund (GER),182,MONTELLA Vincenzo,True,True,True,False,False
FIFA World Cup 2026,FIFA official final 26 squad docx,Türkiye,turkiye,wc2026_turkiye_06_kokcu_orkun,6,MF,Orkun,KÖKÇÜ,KOKCU Orkun,ORKUN KÖKÇÜ,2000-12-29,Beşiktaş JK (TUR),175,MONTELLA Vincenzo,True,True,True,False,False
FIFA World Cup 2026,FIFA official final 26 squad docx,Türkiye,turkiye,wc2026_turkiye_07_akturkoglu_kerem,7,FW,Muhammed Kerem,AKTÜRKOĞLU,AKTURKOGLU Kerem,AKTÜRKOĞLU,1998-10-21,Fenerbahçe SK (TUR),172,MONTELLA Vincenzo,True,True,True,False,False
FIFA World Cup 2026,FIFA official final 26 squad docx,Türkiye,turkiye,wc2026_turkiye_08_guler_arda,8,FW,Arda,GÜLER,GULER Arda,ARDA GÜLER,2005-02-25,Real Madrid C. F. (ESP),175,MONTELLA Vincenzo,True,True,True,False,False
FIFA World Cup 2026,FIFA official final 26 squad docx,Türkiye,turkiye,wc2026_turkiye_09_gul_deniz,9,FW,Deniz Daniel,GÜL,GUL Deniz,DENİZ GÜL,2004-07-02,FC Porto (POR),192,MONTELLA Vincenzo,True,True,True,False,False
FIFA World Cup 2026,FIFA official final 26 squad docx,Türkiye,turkiye,wc2026_turkiye_10_calhanoglu_hakan,10,MF,Hakan,ÇALHANOĞLU,CALHANOGLU Hakan,ÇALHANOĞLU,1994-02-08,FC Internazionale Milano (ITA),178,MONTELLA Vincenzo,True,True,True,False,False
FIFA World Cup 2026,FIFA official final 26 squad docx,Türkiye,turkiye,wc2026_turkiye_11_yildiz_kenan,11,FW,Kenan,YILDIZ,YILDIZ Kenan,YILDIZ,2005-05-04,Juventus FC (ITA),187,MONTELLA Vincenzo,True,True,True,False,False
FIFA World Cup 2026,FIFA official final 26 squad docx,Türkiye,turkiye,wc2026_turkiye_12_bayindir_altay,12,GK,Altay,BAYINDIR,BAYINDIR Altay,ALTAY,1998-04-14,Manchester United FC (ENG),198,MONTELLA Vincenzo,True,True,True,False,False
FIFA World Cup 2026,FIFA official final 26 squad docx,Türkiye,turkiye,wc2026_turkiye_13_elmali_eren,13,DF,Evren Eren,ELMALI,ELMALI Eren,EREN ELMALI,2000-07-07,Galatasaray SK (TUR),181,MONTELLA Vincenzo,True,True,True,False,False
FIFA World Cup 2026,FIFA official final 26 squad docx,Türkiye,turkiye,wc2026_turkiye_14_bardakci_abdulkerim,14,DF,Abdülkerİm,BARDAKCI,BARDAKCI Abdulkerim,ABDÜLKERİM,1994-09-07,Galatasaray SK (TUR),185,MONTELLA Vincenzo,True,True,True,False,False
FIFA World Cup 2026,FIFA official final 26 squad docx,Türkiye,turkiye,wc2026_turkiye_15_kabak_ozan,15,DF,Ozan Muhammed,KABAK,KABAK Ozan,OZAN KABAK,2000-03-25,TSG Hoffenheim (GER),187,MONTELLA Vincenzo,True,True,True,False,False
FIFA World Cup 2026,FIFA official final 26 squad docx,Türkiye,turkiye,wc2026_turkiye_16_yuksek_ismail,16,MF,İsmaİl,YÜKSEK,YUKSEK Ismail,İSMAİL,1999-01-26,Fenerbahçe SK (TUR),183,MONTELLA Vincenzo,True,True,True,False,False
FIFA World Cup 2026,FIFA official final 26 squad docx,Türkiye,turkiye,wc2026_turkiye_17_kahveci_irfan_can,17,FW,İrfan,KAHVECİ,KAHVECI Irfan Can,KAHVECİ,1995-07-15,Kasımpaşa SK (TUR),180,MONTELLA Vincenzo,True,True,True,False,False
FIFA World Cup 2026,FIFA official final 26 squad docx,Türkiye,turkiye,wc2026_turkiye_18_muldur_mert,18,DF,Mert,MÜLDÜR,MULDUR Mert,MERT MÜLDÜR,1999-04-03,Fenerbahçe SK (TUR),184,MONTELLA Vincenzo,True,True,True,False,False
FIFA World Cup 2026,FIFA official final 26 squad docx,Türkiye,turkiye,wc2026_turkiye_19_akgun_yunus,19,FW,Yunus,AKGÜN,AKGUN Yunus,YUNUS,2000-07-07,Galatasaray SK (TUR),173,MONTELLA Vincenzo,True,True,True,False,False
FIFA World Cup 2026,FIFA official final 26 squad docx,Türkiye,turkiye,wc2026_turkiye_20_kadioglu_ferdi,20,DF,Ferdi Erenay,KADIOĞLU,KADIOGLU Ferdi,F. KADIOĞLU,1999-10-07,Brighton & Hove Albion FC (ENG),174,MONTELLA Vincenzo,True,True,True,False,False
FIFA World Cup 2026,FIFA official final 26 squad docx,Türkiye,turkiye,wc2026_turkiye_21_yilmaz_baris_alper,21,FW,Barış Alper,YILMAZ,YILMAZ Baris Alper,BARIŞ,2000-05-23,Galatasaray SK (TUR),186,MONTELLA Vincenzo,True,True,True,False,False
FIFA World Cup 2026,FIFA official final 26 squad docx,Türkiye,turkiye,wc2026_turkiye_22_ayhan_kaan,22,MF,Kaan,AYHAN,AYHAN Kaan,KAAN,1994-11-10,Galatasaray SK (TUR),185,MONTELLA Vincenzo,True,True,True,False,False
FIFA World Cup 2026,FIFA official final 26 squad docx,Türkiye,turkiye,wc2026_turkiye_23_cakir_ugurcan,23,GK,Uğurcan,ÇAKIR,CAKIR Ugurcan,UĞURCAN,1996-04-05,Galatasaray SK (TUR),191,MONTELLA Vincenzo,True,True,True,False,False
FIFA World Cup 2026,FIFA official final 26 squad docx,Türkiye,turkiye,wc2026_turkiye_24_aydin_oguz,24,FW,Oğuz,AYDIN,AYDIN Oguz,OĞUZ,2000-10-27,Fenerbahçe SK (TUR),183,MONTELLA Vincenzo,True,True,True,False,False
FIFA World Cup 2026,FIFA official final 26 squad docx,Türkiye,turkiye,wc2026_turkiye_25_akaydin_samet,25,DF,Samet,AKAYDIN,AKAYDIN Samet,SAMET AKAYDIN,1994-03-13,Çaykur Rizespor (TUR),190,MONTELLA Vincenzo,True,True,True,False,False
FIFA World Cup 2026,FIFA official final 26 squad docx,Türkiye,turkiye,wc2026_turkiye_26_uzun_can,26,FW,Can Yılmaz,UZUN,UZUN Can,CAN UZUN,2005-11-11,Eintracht Frankfurt (GER),186,MONTELLA Vincenzo,True,True,True,False,False
FIFA World Cup 2026,FIFA official final 26 squad docx,Uruguay,uruguay,wc2026_uruguay_01_rochet_sergio,1,GK,Sergio Ramón,ROCHET ALVAREZ,ROCHET Sergio,S. ROCHET,1993-03-23,SC Internacional (BRA),189,BIELSA Marcelo,True,True,True,False,False
FIFA World Cup 2026,FIFA official final 26 squad docx,Uruguay,uruguay,wc2026_uruguay_02_gimenez_jose_maria,2,DF,José María,GIMÉNEZ DE VARGAS,GIMENEZ Jose Maria,J.M. GIMÉNEZ,1995-01-20,Atlético De Madrid (ESP),186,BIELSA Marcelo,True,True,True,False,False
FIFA World Cup 2026,FIFA official final 26 squad docx,Uruguay,uruguay,wc2026_uruguay_03_caceres_sebastian,3,DF,Sebastián Enzo,CÁCERES RAMOS,CACERES Sebastian,S. CACERES,1999-08-18,Club América (MEX),180,BIELSA Marcelo,True,True,True,False,False
FIFA World Cup 2026,FIFA official final 26 squad docx,Uruguay,uruguay,wc2026_uruguay_04_araujo_ronald,4,DF,Ronald Federico,ARAÚJO DA SILVA,ARAUJO Ronald,R. ARAUJO,1999-03-07,FC Barcelona (ESP),185,BIELSA Marcelo,True,True,True,False,False
FIFA World Cup 2026,FIFA official final 26 squad docx,Uruguay,uruguay,wc2026_uruguay_05_ugarte_manuel,5,MF,Manuel,UGARTE RIBEIRO,UGARTE Manuel,M. UGARTE,2001-04-11,Manchester United FC (ENG),182,BIELSA Marcelo,True,True,True,False,False
FIFA World Cup 2026,FIFA official final 26 squad docx,Uruguay,uruguay,wc2026_uruguay_06_bentancur_rodrigo,6,MF,Rodrigo,BENTANCUR COLMÁN,BENTANCUR Rodrigo,R. BENTANCUR,1997-06-25,Tottenham Hotspur FC (ENG),187,BIELSA Marcelo,True,True,True,False,False
FIFA World Cup 2026,FIFA official final 26 squad docx,Uruguay,uruguay,wc2026_uruguay_07_de_la_cruz_nicolas,7,MF,Diego Nicolás,DE LA CRUZ ARCOSA,DE LA CRUZ Nicolas,N. DE LA CRUZ,1997-06-01,CR Flamengo (BRA),167,BIELSA Marcelo,True,True,True,False,False
FIFA World Cup 2026,FIFA official final 26 squad docx,Uruguay,uruguay,wc2026_uruguay_08_valverde_federico,8,MF,Federico Santiago,VALVERDE DIPETTA,VALVERDE Federico,F. VALVERDE,1998-07-22,Real Madrid C. F. (ESP),182,BIELSA Marcelo,True,True,True,False,False
FIFA World Cup 2026,FIFA official final 26 squad docx,Uruguay,uruguay,wc2026_uruguay_09_nunez_darwin,9,FW,Darwin Gabriel,NUÑEZ RIBEIRO,NUNEZ Darwin,D. NUÑEZ,1999-06-24,Al Hilal SC (KSA),185,BIELSA Marcelo,True,True,True,False,False
FIFA World Cup 2026,FIFA official final 26 squad docx,Uruguay,uruguay,wc2026_uruguay_10_de_arrascaeta_giorgian,10,MF,Giorgian Daniel,DE ARRASCAETA BENEDETTI,DE ARRASCAETA Giorgian,G. DE ARRASCAETA,1994-06-01,CR Flamengo (BRA),177,BIELSA Marcelo,True,True,True,False,False
FIFA World Cup 2026,FIFA official final 26 squad docx,Uruguay,uruguay,wc2026_uruguay_11_pellistri_facundo,11,FW,Facundo,PELLISTRI REBOLLO,PELLISTRI Facundo,F. PELLISTRI,2001-12-20,Panathinaikos FC (GRE),174,BIELSA Marcelo,True,True,True,False,False
FIFA World Cup 2026,FIFA official final 26 squad docx,Uruguay,uruguay,wc2026_uruguay_12_mele_santiago,12,GK,Santiago Andres,MELE CASTAÑERO,MELE Santiago,S. MELE,1997-09-06,CF Monterrey (MEX),185,BIELSA Marcelo,True,True,True,False,False
FIFA World Cup 2026,FIFA official final 26 squad docx,Uruguay,uruguay,wc2026_uruguay_13_varela_guillermo,13,DF,Guillermo,VARELA OLIVERA,VARELA Guillermo,G. VARELA,1993-03-24,CR Flamengo (BRA),174,BIELSA Marcelo,True,True,True,False,False
FIFA World Cup 2026,FIFA official final 26 squad docx,Uruguay,uruguay,wc2026_uruguay_14_canobbio_agustin,14,MF,Agustin,CANOBBIO,CANOBBIO Agustin,A. CANOBBIO,1998-10-01,Fluminense FC (BRA),176,BIELSA Marcelo,True,True,True,False,False
FIFA World Cup 2026,FIFA official final 26 squad docx,Uruguay,uruguay,wc2026_uruguay_15_martinez_emiliano,15,MF,Emiliano,MARTÍNEZ TORANZA,MARTINEZ Emiliano,E. MARTINEZ,1999-08-17,SE Palmeiras (BRA),184,BIELSA Marcelo,True,True,True,False,False
FIFA World Cup 2026,FIFA official final 26 squad docx,Uruguay,uruguay,wc2026_uruguay_16_olivera_mathias,16,DF,Mathías,OLIVERA MIRAMONTES,OLIVERA Mathias,M. OLIVERA,1997-10-31,SSC Napoli (ITA),174,BIELSA Marcelo,True,True,True,False,False
FIFA World Cup 2026,FIFA official final 26 squad docx,Uruguay,uruguay,wc2026_uruguay_17_vina_matias,17,DF,Matías Nicolas,VIÑA SUSPERREGUY,VINA Matias,M. VIÑA,1997-11-09,CA River Plate (ARG),180,BIELSA Marcelo,True,True,True,False,False
FIFA World Cup 2026,FIFA official final 26 squad docx,Uruguay,uruguay,wc2026_uruguay_18_rodriguez_brian,18,FW,Paul Brian,RODRÍGUEZ BRAVO,RODRIGUEZ Brian,B. RODRIGUEZ,2000-05-20,Club América (MEX),175,BIELSA Marcelo,True,True,True,False,False
FIFA World Cup 2026,FIFA official final 26 squad docx,Uruguay,uruguay,wc2026_uruguay_19_aguirre_rodrigo,19,FW,Rodrigo Sebastian,AGUIRRE SOTO,AGUIRRE Rodrigo,R. AGUIRRE,1994-10-01,Tigres UANL (MEX),182,BIELSA Marcelo,True,True,True,False,False
FIFA World Cup 2026,FIFA official final 26 squad docx,Uruguay,uruguay,wc2026_uruguay_20_araujo_maxi,20,MF,Maximiliano Javier,ARAÚJO VILCHES,ARAUJO Maxi,M. ARAUJO,2000-02-15,Sporting CP (POR),176,BIELSA Marcelo,True,True,True,False,False
FIFA World Cup 2026,FIFA official final 26 squad docx,Uruguay,uruguay,wc2026_uruguay_21_vinas_federico,21,FW,Federico Sebastian,VIÑAS BARBOZA,VINAS Federico,F. VIÑAS,1998-06-30,Real Oviedo (ESP),181,BIELSA Marcelo,True,True,True,False,False
FIFA World Cup 2026,FIFA official final 26 squad docx,Uruguay,uruguay,wc2026_uruguay_22_piquerez_joaquin,22,MF,Joaquin,PIQUEREZ MOREIRA,PIQUEREZ Joaquin,J. PIQUEREZ,1998-08-24,SE Palmeiras (BRA),185,BIELSA Marcelo,True,True,True,False,False
FIFA World Cup 2026,FIFA official final 26 squad docx,Uruguay,uruguay,wc2026_uruguay_23_muslera_fernando,23,GK,Nestor Fernando,MUSLERA MICOL,MUSLERA Fernando,F. MUSLERA,1986-06-16,Estudiantes LP (ARG),190,BIELSA Marcelo,True,True,True,False,False
FIFA World Cup 2026,FIFA official final 26 squad docx,Uruguay,uruguay,wc2026_uruguay_24_bueno_santiago,24,DF,Santiago Ignacio,BUENO SCIUTTO,BUENO Santiago,S. BUENO,1998-11-09,Wolverhampton Wanderers FC (ENG),191,BIELSA Marcelo,True,True,True,False,False
FIFA World Cup 2026,FIFA official final 26 squad docx,Uruguay,uruguay,wc2026_uruguay_25_sanabria_juan_manuel,25,MF,Juan Manuel,SANABRIA MAGOLÉ,SANABRIA Juan Manuel,J.M. SANABRIA,2000-03-29,Real Salt Lake (USA),170,BIELSA Marcelo,True,True,True,False,False
FIFA World Cup 2026,FIFA official final 26 squad docx,Uruguay,uruguay,wc2026_uruguay_26_zalazar_rodrigo,26,MF,Radrigo,ZALAZAR MARTINEZ,ZALAZAR Rodrigo,R. ZALAZAR,1999-08-12,SC Braga (POR),175,BIELSA Marcelo,True,True,True,False,False
FIFA World Cup 2026,FIFA official final 26 squad docx,USA,usa,wc2026_usa_01_turner_matt,1,GK,Matthew Charles,TURNER,TURNER Matt,TURNER,1994-06-24,New England Revolution (USA),190,POCHETTINO Mauricio,True,True,True,False,False
FIFA World Cup 2026,FIFA official final 26 squad docx,USA,usa,wc2026_usa_02_dest_sergino,2,DF,Sergiño Gianni,DEST,DEST Sergino,DEST,2000-11-03,PSV Eindhoven (NED),173,POCHETTINO Mauricio,True,True,True,False,False
FIFA World Cup 2026,FIFA official final 26 squad docx,USA,usa,wc2026_usa_03_richards_chris,3,DF,Christopher Jeffrey,RICHARDS,RICHARDS Chris,RICHARDS,2000-03-28,Crystal Palace FC (ENG),189,POCHETTINO Mauricio,True,True,True,False,False
FIFA World Cup 2026,FIFA official final 26 squad docx,USA,usa,wc2026_usa_04_adams_tyler,4,MF,Tyler Shaan,ADAMS,ADAMS Tyler,ADAMS,1999-02-14,AFC Bournemouth (ENG),175,POCHETTINO Mauricio,True,True,True,False,False
FIFA World Cup 2026,FIFA official final 26 squad docx,USA,usa,wc2026_usa_05_robinson_antonee,5,DF,Antonee,ROBINSON,ROBINSON Antonee,A. ROBINSON,1997-08-08,Fulham FC (ENG),183,POCHETTINO Mauricio,True,True,True,False,False
FIFA World Cup 2026,FIFA official final 26 squad docx,USA,usa,wc2026_usa_06_trusty_auston,6,DF,Auston Levi-Jesaiah,TRUSTY,TRUSTY Auston,TRUSTY,1998-08-12,Celtic FC (SCO),190,POCHETTINO Mauricio,True,True,True,False,False
FIFA World Cup 2026,FIFA official final 26 squad docx,USA,usa,wc2026_usa_07_reyna_giovanni,7,MF,Giovanni Alejandro,REYNA,REYNA Giovanni,REYNA,2002-11-13,Borussia Mönchengladbach (GER),187,POCHETTINO Mauricio,True,True,True,False,False
FIFA World Cup 2026,FIFA official final 26 squad docx,USA,usa,wc2026_usa_08_mckennie_weston,8,MF,Weston James Earl,MC KENNIE,McKENNIE Weston,MCKENNIE,1998-08-28,Juventus FC (ITA),180,POCHETTINO Mauricio,True,True,True,False,False
FIFA World Cup 2026,FIFA official final 26 squad docx,USA,usa,wc2026_usa_09_pepi_ricardo,9,FW,Ricardo Daniel,PEPI,PEPI Ricardo,PEPI,2003-01-09,PSV Eindhoven (NED),185,POCHETTINO Mauricio,True,True,True,False,False
FIFA World Cup 2026,FIFA official final 26 squad docx,USA,usa,wc2026_usa_10_pulisic_christian,10,FW,Christian Mate,PULISIC,PULISIC Christian,PULISIC,1998-09-18,AC Milan (ITA),177,POCHETTINO Mauricio,True,True,True,False,False
FIFA World Cup 2026,FIFA official final 26 squad docx,USA,usa,wc2026_usa_11_aaronson_brenden,11,FW,Brenden Russell,AARONSON,AARONSON Brenden,AARONSON,2000-10-22,Leeds United FC (ENG),177,POCHETTINO Mauricio,True,True,True,False,False
FIFA World Cup 2026,FIFA official final 26 squad docx,USA,usa,wc2026_usa_12_robinson_miles,12,DF,Miles Gordon,ROBINSON,ROBINSON Miles,M. ROBINSON,1997-03-14,FC Cincinnatti (USA),187,POCHETTINO Mauricio,True,True,True,False,False
FIFA World Cup 2026,FIFA official final 26 squad docx,USA,usa,wc2026_usa_13_ream_tim,13,DF,Timothy Michael,REAM,REAM Tim,REAM,1987-10-05,Charlotte FC (USA),186,POCHETTINO Mauricio,True,True,True,False,False
FIFA World Cup 2026,FIFA official final 26 squad docx,USA,usa,wc2026_usa_14_berhalter_sebastian,14,MF,Sebastian Matthew,BERHALTER,BERHALTER Sebastian,BERHALTER,2001-05-10,Vancouver Whitecaps FC (CAN),175,POCHETTINO Mauricio,True,True,True,False,False
FIFA World Cup 2026,FIFA official final 26 squad docx,USA,usa,wc2026_usa_15_roldan_cristian,15,MF,Cristian,ROLDAN,ROLDAN Cristian,ROLDAN,1995-06-03,Seattle Sounders FC (USA),173,POCHETTINO Mauricio,True,True,True,False,False
FIFA World Cup 2026,FIFA official final 26 squad docx,USA,usa,wc2026_usa_16_freeman_alex,16,DF,Alexander Michael,FREEMAN,FREEMAN Alex,FREEMAN,2004-08-09,Villarreal CF (ESP),188,POCHETTINO Mauricio,True,True,True,False,False
FIFA World Cup 2026,FIFA official final 26 squad docx,USA,usa,wc2026_usa_17_tillman_malik,17,MF,Malik Leon,TILLMAN,TILLMAN Malik,TILLMAN,2002-05-28,Bayer Leverkusen (GER),187,POCHETTINO Mauricio,True,True,True,False,False
FIFA World Cup 2026,FIFA official final 26 squad docx,USA,usa,wc2026_usa_18_arfsten_max,18,DF,Maximilian Michael,ARFSTEN,ARFSTEN Max,ARFSTEN,2001-04-19,Columbus Crew (USA),185,POCHETTINO Mauricio,True,True,True,False,False
FIFA World Cup 2026,FIFA official final 26 squad docx,USA,usa,wc2026_usa_19_wright_haji,19,FW,Haji Amir,WRIGHT,WRIGHT Haji,WRIGHT,1998-03-27,Coventry City FC (ENG),191,POCHETTINO Mauricio,True,True,True,False,False
FIFA World Cup 2026,FIFA official final 26 squad docx,USA,usa,wc2026_usa_20_balogun_folarin,20,FW,Folarin Jolaoluwa,BALOGUN,BALOGUN Folarin,BALOGUN,2001-07-03,AS Monaco (FRA),179,POCHETTINO Mauricio,True,True,True,False,False
FIFA World Cup 2026,FIFA official final 26 squad docx,USA,usa,wc2026_usa_21_weah_timothy,21,FW,Timothy Tarpeh,WEAH,WEAH Timothy,WEAH,2000-02-22,Olympique Marseille (FRA),183,POCHETTINO Mauricio,True,True,True,False,False
FIFA World Cup 2026,FIFA official final 26 squad docx,USA,usa,wc2026_usa_22_mckenzie_mark,22,DF,Mark Alexander,MCKENZIE,McKENZIE Mark,MCKENZIE,1999-02-25,Toulouse FC (FRA),186,POCHETTINO Mauricio,True,True,True,False,False
FIFA World Cup 2026,FIFA official final 26 squad docx,USA,usa,wc2026_usa_23_scally_joe,23,DF,Joseph Michael,SCALLY,SCALLY Joe,SCALLY,2002-12-31,Borussia Mönchengladbach (GER),184,POCHETTINO Mauricio,True,True,True,False,False
FIFA World Cup 2026,FIFA official final 26 squad docx,USA,usa,wc2026_usa_24_freese_matt,24,GK,Matthew Andrew Geary,FREESE,FREESE Matt,FREESE,1998-09-02,New York City FC (USA),198,POCHETTINO Mauricio,True,True,True,False,False
FIFA World Cup 2026,FIFA official final 26 squad docx,USA,usa,wc2026_usa_25_brady_chris,25,GK,Christopher Keith,BRADY,BRADY Chris,BRADY,2004-03-03,Chicago Fire FC (USA),193,POCHETTINO Mauricio,True,True,True,False,False
FIFA World Cup 2026,FIFA official final 26 squad docx,USA,usa,wc2026_usa_26_zendejas_alex,26,FW,Alejandro,ZENDEJAS SAAVEDRA,ZENDEJAS Alex,ZENDEJAS,1998-02-07,Club América (MEX),167,POCHETTINO Mauricio,True,True,True,False,False
FIFA World Cup 2026,FIFA official final 26 squad docx,Uzbekistan,uzbekistan,wc2026_uzbekistan_01_yusupov_utkir,1,GK,Utkir,YUSUPOV,YUSUPOV Utkir,YUSUPOV,1991-01-04,PFC Navbahor Namangan (UZB),185,CANNAVARO Fabio,True,True,True,False,False
FIFA World Cup 2026,FIFA official final 26 squad docx,Uzbekistan,uzbekistan,wc2026_uzbekistan_02_khusanov_abdukodir,2,DF,Abdukodir,KHUSANOV,KHUSANOV Abdukodir,KHUSANOV,2004-02-29,Manchester City FC (ENG),186,CANNAVARO Fabio,True,True,True,False,False
FIFA World Cup 2026,FIFA official final 26 squad docx,Uzbekistan,uzbekistan,wc2026_uzbekistan_03_alijonov_khojiakbar,3,DF,Khojiakbar,ALIJONOV,ALIJONOV Khojiakbar,ALIJONOV,1997-04-19,Pakhtakor Tashkent FK (UZB),180,CANNAVARO Fabio,True,True,True,False,False
FIFA World Cup 2026,FIFA official final 26 squad docx,Uzbekistan,uzbekistan,wc2026_uzbekistan_04_sayfiev_farrukh,4,DF,Farrukh,SAYFIEV,SAYFIEV Farrukh,SAYFIEV,1991-01-17,FK Neftchi Farg'ona (UZB),183,CANNAVARO Fabio,True,True,True,False,False
FIFA World Cup 2026,FIFA official final 26 squad docx,Uzbekistan,uzbekistan,wc2026_uzbekistan_05_ashurmatov_rustam,5,DF,Rustamjon,ASHURMATOV,ASHURMATOV Rustam,ASHURMATOV,1996-07-07,Esteghlal Tehran FC (IRN),186,CANNAVARO Fabio,True,True,True,False,False
FIFA World Cup 2026,FIFA official final 26 squad docx,Uzbekistan,uzbekistan,wc2026_uzbekistan_06_mozgovoy_akmal,6,MF,Akmal,MOZGOVOY,MOZGOVOY Akmal,MOZGOVOY,1999-04-02,Pakhtakor Tashkent FK (UZB),180,CANNAVARO Fabio,True,True,True,False,False
FIFA World Cup 2026,FIFA official final 26 squad docx,Uzbekistan,uzbekistan,wc2026_uzbekistan_07_shukurov_otabek,7,MF,Otabek,SHUKUROV,SHUKUROV Otabek,SHUKUROV,1996-06-22,Baniyas Club (UAE),183,CANNAVARO Fabio,True,True,True,False,False
FIFA World Cup 2026,FIFA official final 26 squad docx,Uzbekistan,uzbekistan,wc2026_uzbekistan_08_iskanderov_jamshid,8,MF,Jamshid,ISKANDEROV,ISKANDEROV Jamshid,ISKANDEROV,1993-10-16,FK Neftchi Farg'ona (UZB),171,CANNAVARO Fabio,True,True,True,False,False
FIFA World Cup 2026,FIFA official final 26 squad docx,Uzbekistan,uzbekistan,wc2026_uzbekistan_09_xamrobekov_odiljon,9,MF,Odiljon,XAMROBEKOV,XAMROBEKOV Odiljon,XAMROBEKOV,1996-02-13,Tractor Sazi Tabriz FC (IRN),180,CANNAVARO Fabio,True,True,True,False,False
FIFA World Cup 2026,FIFA official final 26 squad docx,Uzbekistan,uzbekistan,wc2026_uzbekistan_10_masharipov_jaloliddin,10,MF,Jaloliddin,MASHARIPOV,MASHARIPOV Jaloliddin,MASHARIPOV,1993-09-01,Esteghlal Tehran FC (IRN),174,CANNAVARO Fabio,True,True,True,False,False
FIFA World Cup 2026,FIFA official final 26 squad docx,Uzbekistan,uzbekistan,wc2026_uzbekistan_11_urunov_oston,11,MF,Oston,URUNOV,URUNOV Oston,URUNOV,2000-12-19,Persepolis FC (IRN),181,CANNAVARO Fabio,True,True,True,False,False
FIFA World Cup 2026,FIFA official final 26 squad docx,Uzbekistan,uzbekistan,wc2026_uzbekistan_12_nematov_abduvohid,12,GK,Abduvakhid,NEMATOV,NEMATOV Abduvohid,NEMATOV,2001-03-20,Nasaf Qarshi FC (UZB),182,CANNAVARO Fabio,True,True,True,False,False
FIFA World Cup 2026,FIFA official final 26 squad docx,Uzbekistan,uzbekistan,wc2026_uzbekistan_13_nasrullaev_sherzod,13,DF,Sherzod,NASRULLAEV,NASRULLAEV Sherzod,NASRULLAEV,1998-07-23,Pakhtakor Tashkent FK (UZB),183,CANNAVARO Fabio,True,True,True,False,False
FIFA World Cup 2026,FIFA official final 26 squad docx,Uzbekistan,uzbekistan,wc2026_uzbekistan_14_shomurodov_eldor,14,FW,Eldor,SHOMURODOV,SHOMURODOV Eldor,SHOMURODOV,1995-06-29,Başakşehir FK (TUR),190,CANNAVARO Fabio,True,True,True,False,False
FIFA World Cup 2026,FIFA official final 26 squad docx,Uzbekistan,uzbekistan,wc2026_uzbekistan_15_eshmurodov_umar,15,DF,Umarbek,ESHMURODOV,ESHMURODOV Umar,ESHMURODOV,1992-11-30,Nasaf Qarshi FC (UZB),185,CANNAVARO Fabio,True,True,True,False,False
FIFA World Cup 2026,FIFA official final 26 squad docx,Uzbekistan,uzbekistan,wc2026_uzbekistan_16_ergashev_botirali,16,GK,Botirali,ERGASHEV,ERGASHEV Botirali,ERGASHEV,1995-06-23,FK Neftchi Farg'ona (UZB),189,CANNAVARO Fabio,True,True,True,False,False
FIFA World Cup 2026,FIFA official final 26 squad docx,Uzbekistan,uzbekistan,wc2026_uzbekistan_17_khamdamov_dostonbek,17,MF,Dostonbek,KHAMDAMOV,KHAMDAMOV Dostonbek,KHAMDAMOV,1996-07-24,Pakhtakor Tashkent FK (UZB),178,CANNAVARO Fabio,True,True,True,False,False
FIFA World Cup 2026,FIFA official final 26 squad docx,Uzbekistan,uzbekistan,wc2026_uzbekistan_18_abdullaev_abdulla,18,DF,Abdulla,ABDULLAEV,ABDULLAEV Abdulla,ABDULLAEV,1997-09-01,Dibba FC (UAE),181,CANNAVARO Fabio,True,True,True,False,False
FIFA World Cup 2026,FIFA official final 26 squad docx,Uzbekistan,uzbekistan,wc2026_uzbekistan_19_ganiev_azizjon,19,MF,Azizjon,GANIEV,GANIEV Azizjon,GANIEV,1998-02-22,Al Bataeh Club (UAE),178,CANNAVARO Fabio,True,True,True,False,False
FIFA World Cup 2026,FIFA official final 26 squad docx,Uzbekistan,uzbekistan,wc2026_uzbekistan_20_amonov_azizbek,20,FW,Azizbek,AMONOV,AMONOV Azizbek,AMONOV,1997-10-30,FK Dinamo Samarkand (UZB),181,CANNAVARO Fabio,True,True,True,False,False
FIFA World Cup 2026,FIFA official final 26 squad docx,Uzbekistan,uzbekistan,wc2026_uzbekistan_21_sergeev_igor,21,FW,Igor,SERGEEV,SERGEEV Igor,SERGEEV,1993-04-30,Persepolis FC (IRN),185,CANNAVARO Fabio,True,True,True,False,False
FIFA World Cup 2026,FIFA official final 26 squad docx,Uzbekistan,uzbekistan,wc2026_uzbekistan_22_fayzullaev_abbosbek,22,MF,Abbosbek,FAYZULLAEV,FAYZULLAEV Abbosbek,FAYZULLAEV,2003-10-03,Başakşehir FK (TUR),167,CANNAVARO Fabio,True,True,True,False,False
FIFA World Cup 2026,FIFA official final 26 squad docx,Uzbekistan,uzbekistan,wc2026_uzbekistan_23_esanov_sherzod,23,MF,Sherzod,ESANOV,ESANOV Sherzod,ESANOV,2003-02-01,FK Buxoro (UZB),190,CANNAVARO Fabio,True,True,True,False,False
FIFA World Cup 2026,FIFA official final 26 squad docx,Uzbekistan,uzbekistan,wc2026_uzbekistan_24_karimov_behruzjon,24,DF,Behruzjon,KARIMOV,KARIMOV Behruzjon,KARIMOV,2007-08-07,Surkhon FK (UZB),172,CANNAVARO Fabio,True,True,True,False,False
FIFA World Cup 2026,FIFA official final 26 squad docx,Uzbekistan,uzbekistan,wc2026_uzbekistan_25_ulmasaliyev_avazbek,25,DF,Avazbek,ULMASALIYEV,ULMASALIYEV Avazbek,ULMASALIYEV,2000-03-27,OKMK FK (UZB),187,CANNAVARO Fabio,True,True,True,False,False
FIFA World Cup 2026,FIFA official final 26 squad docx,Uzbekistan,uzbekistan,wc2026_uzbekistan_26_urozov_jakhongir,26,DF,Jakhongir,UROZOV,UROZOV Jakhongir,UROZOV,2004-01-18,FK Dinamo Samarkand (UZB),190,CANNAVARO Fabio,True,True,True,False,False
