market,league_code,season,close_odds_band,asian_handicap_line_bucket,over25_price_band,home_away_side,sample_size_bucket,sample_count,settled_count,hit_count,hit_rate,avg_close_odds,roi_proxy_flat_1u,max_fail_streak,max_drawdown_proxy,price_missing_count,settlement_uncertain_count,confidence_flag,risk_flags
1X2,B1,2020/21,1_50_1_74,NOT_AH,NOT_FT_OVER25,AWAY,LT_100,24,24,13,0.541667,1.607917,-0.1375,4,-6.09,0,0,SMALL_SAMPLE,SMALL_SAMPLE_NO_EDGE_CLAIM
1X2,B1,2020/21,1_50_1_74,NOT_AH,NOT_FT_OVER25,HOME,LT_100,41,41,25,0.609756,1.610244,-0.022683,3,-4.9,0,0,SMALL_SAMPLE,SMALL_SAMPLE_NO_EDGE_CLAIM
1X2,B1,2020/21,1_75_1_99,NOT_AH,NOT_FT_OVER25,AWAY,LT_100,27,27,17,0.62963,1.875185,0.191852,3,-3.42,0,0,SMALL_SAMPLE,SMALL_SAMPLE_NO_EDGE_CLAIM
1X2,B1,2020/21,1_75_1_99,NOT_AH,NOT_FT_OVER25,HOME,LT_100,43,43,23,0.534884,1.853721,-0.001628,5,-6.4,0,0,SMALL_SAMPLE,SMALL_SAMPLE_NO_EDGE_CLAIM
1X2,B1,2020/21,2_00_2_49,NOT_AH,NOT_FT_OVER25,AWAY,LT_100,61,61,30,0.491803,2.198361,0.079016,7,-8.63,0,0,SMALL_SAMPLE,SMALL_SAMPLE_NO_EDGE_CLAIM
1X2,B1,2020/21,2_00_2_49,NOT_AH,NOT_FT_OVER25,HOME,LT_100,54,54,21,0.388889,2.176296,-0.141852,10,-13.38,0,0,SMALL_SAMPLE,SMALL_SAMPLE_NO_EDGE_CLAIM
1X2,B1,2020/21,2_50_3_49,NOT_AH,NOT_FT_OVER25,AWAY,LT_100,60,60,16,0.266667,3.000333,-0.178833,6,-13.15,0,0,SMALL_SAMPLE,SMALL_SAMPLE_NO_EDGE_CLAIM
1X2,B1,2020/21,2_50_3_49,NOT_AH,NOT_FT_OVER25,DRAW,LT_100,40,40,13,0.325,3.34875,0.085,9,-9.05,0,0,SMALL_SAMPLE,SMALL_SAMPLE_NO_EDGE_CLAIM
1X2,B1,2020/21,2_50_3_49,NOT_AH,NOT_FT_OVER25,HOME,LT_100,68,68,21,0.308824,2.983824,-0.063382,9,-14.95,0,0,SMALL_SAMPLE,SMALL_SAMPLE_NO_EDGE_CLAIM
1X2,B1,2020/21,3_50_4_99,NOT_AH,NOT_FT_OVER25,AWAY,LT_100,65,65,14,0.215385,4.014615,-0.154923,11,-15.37,0,0,SMALL_SAMPLE,SMALL_SAMPLE_NO_EDGE_CLAIM
1X2,B1,2020/21,3_50_4_99,NOT_AH,NOT_FT_OVER25,DRAW,100_299,246,246,52,0.211382,3.853171,-0.198252,23,-54.9,0,0,LOW_CONFIDENCE,LOW_CONFIDENCE_RESEARCH_ONLY
1X2,B1,2020/21,3_50_4_99,NOT_AH,NOT_FT_OVER25,HOME,LT_100,41,41,12,0.292683,3.91561,0.143415,7,-7.0,0,0,SMALL_SAMPLE,SMALL_SAMPLE_NO_EDGE_CLAIM
1X2,B1,2020/21,GE_5_00,NOT_AH,NOT_FT_OVER25,AWAY,LT_100,57,57,14,0.245614,7.29386,0.548246,12,-12.0,0,0,SMALL_SAMPLE,SMALL_SAMPLE_NO_EDGE_CLAIM
1X2,B1,2020/21,GE_5_00,NOT_AH,NOT_FT_OVER25,DRAW,LT_100,20,20,5,0.25,5.8875,0.4375,7,-7.0,0,0,SMALL_SAMPLE,SMALL_SAMPLE_NO_EDGE_CLAIM
1X2,B1,2020/21,GE_5_00,NOT_AH,NOT_FT_OVER25,HOME,LT_100,26,26,4,0.153846,6.894231,-0.096154,13,-13.0,0,0,SMALL_SAMPLE,SMALL_SAMPLE_NO_EDGE_CLAIM
1X2,B1,2020/21,LT_1_50,NOT_AH,NOT_FT_OVER25,AWAY,LT_100,12,12,9,0.75,1.359167,0.021667,3,-3.0,0,0,SMALL_SAMPLE,SMALL_SAMPLE_NO_EDGE_CLAIM
1X2,B1,2020/21,LT_1_50,NOT_AH,NOT_FT_OVER25,HOME,LT_100,33,33,17,0.515152,1.356061,-0.315152,2,-10.58,0,0,SMALL_SAMPLE,SMALL_SAMPLE_NO_EDGE_CLAIM
1X2,B1,2021/22,1_50_1_74,NOT_AH,NOT_FT_OVER25,AWAY,LT_100,26,26,18,0.692308,1.613077,0.116923,2,-3.35,0,0,SMALL_SAMPLE,SMALL_SAMPLE_NO_EDGE_CLAIM
1X2,B1,2021/22,1_50_1_74,NOT_AH,NOT_FT_OVER25,HOME,LT_100,44,44,32,0.727273,1.574773,0.142045,2,-2.31,0,0,SMALL_SAMPLE,SMALL_SAMPLE_NO_EDGE_CLAIM
1X2,B1,2021/22,1_75_1_99,NOT_AH,NOT_FT_OVER25,AWAY,LT_100,20,20,8,0.4,1.8125,-0.27,4,-6.1,0,0,SMALL_SAMPLE,SMALL_SAMPLE_NO_EDGE_CLAIM
1X2,B1,2021/22,1_75_1_99,NOT_AH,NOT_FT_OVER25,HOME,LT_100,37,37,17,0.459459,1.858378,-0.151892,4,-6.92,0,0,SMALL_SAMPLE,SMALL_SAMPLE_NO_EDGE_CLAIM
1X2,B1,2021/22,2_00_2_49,NOT_AH,NOT_FT_OVER25,AWAY,LT_100,44,44,23,0.522727,2.217273,0.139091,4,-4.0,0,0,SMALL_SAMPLE,SMALL_SAMPLE_NO_EDGE_CLAIM
1X2,B1,2021/22,2_00_2_49,NOT_AH,NOT_FT_OVER25,HOME,LT_100,60,60,21,0.35,2.225667,-0.226833,8,-14.5,0,0,SMALL_SAMPLE,SMALL_SAMPLE_NO_EDGE_CLAIM
1X2,B1,2021/22,2_50_3_49,NOT_AH,NOT_FT_OVER25,AWAY,LT_100,72,72,24,0.333333,2.930833,-0.019861,9,-12.38,0,0,SMALL_SAMPLE,SMALL_SAMPLE_NO_EDGE_CLAIM
1X2,B1,2021/22,2_50_3_49,NOT_AH,NOT_FT_OVER25,DRAW,LT_100,62,62,16,0.258065,3.331452,-0.13871,12,-19.25,0,0,SMALL_SAMPLE,SMALL_SAMPLE_NO_EDGE_CLAIM
1X2,B1,2021/22,2_50_3_49,NOT_AH,NOT_FT_OVER25,HOME,LT_100,58,58,17,0.293103,2.911552,-0.183103,6,-14.27,0,0,SMALL_SAMPLE,SMALL_SAMPLE_NO_EDGE_CLAIM
1X2,B1,2021/22,3_50_4_99,NOT_AH,NOT_FT_OVER25,AWAY,LT_100,53,53,15,0.283019,3.997736,0.119434,7,-7.25,0,0,SMALL_SAMPLE,SMALL_SAMPLE_NO_EDGE_CLAIM
1X2,B1,2021/22,3_50_4_99,NOT_AH,NOT_FT_OVER25,DRAW,100_299,203,203,44,0.216749,3.871281,-0.175468,18,-42.75,0,0,LOW_CONFIDENCE,LOW_CONFIDENCE_RESEARCH_ONLY
1X2,B1,2021/22,3_50_4_99,NOT_AH,NOT_FT_OVER25,HOME,LT_100,37,37,12,0.324324,4.279189,0.339189,13,-13.0,0,0,SMALL_SAMPLE,SMALL_SAMPLE_NO_EDGE_CLAIM
1X2,B1,2021/22,GE_5_00,NOT_AH,NOT_FT_OVER25,AWAY,LT_100,77,77,8,0.103896,7.50974,-0.36039,18,-35.25,0,0,SMALL_SAMPLE,SMALL_SAMPLE_NO_EDGE_CLAIM
1X2,B1,2021/22,GE_5_00,NOT_AH,NOT_FT_OVER25,DRAW,LT_100,41,41,8,0.195122,5.652439,0.067073,12,-14.5,0,0,SMALL_SAMPLE,SMALL_SAMPLE_NO_EDGE_CLAIM
1X2,B1,2021/22,GE_5_00,NOT_AH,NOT_FT_OVER25,HOME,LT_100,25,25,0,0.0,7.03,-1.0,25,-25.0,0,0,SMALL_SAMPLE,SMALL_SAMPLE_NO_EDGE_CLAIM
1X2,B1,2021/22,LT_1_50,NOT_AH,NOT_FT_OVER25,AWAY,LT_100,14,14,14,1.0,1.342857,0.342857,0,0.0,0,0,SMALL_SAMPLE,SMALL_SAMPLE_NO_EDGE_CLAIM
1X2,B1,2021/22,LT_1_50,NOT_AH,NOT_FT_OVER25,HOME,LT_100,45,45,29,0.644444,1.320667,-0.163333,4,-9.43,0,0,SMALL_SAMPLE,SMALL_SAMPLE_NO_EDGE_CLAIM
1X2,B1,2022/23,1_50_1_74,NOT_AH,NOT_FT_OVER25,AWAY,LT_100,21,21,14,0.666667,1.63381,0.094762,4,-4.0,0,0,SMALL_SAMPLE,SMALL_SAMPLE_NO_EDGE_CLAIM
1X2,B1,2022/23,1_50_1_74,NOT_AH,NOT_FT_OVER25,HOME,LT_100,52,52,31,0.596154,1.609808,-0.039615,2,-5.46,0,0,SMALL_SAMPLE,SMALL_SAMPLE_NO_EDGE_CLAIM
1X2,B1,2022/23,1_75_1_99,NOT_AH,NOT_FT_OVER25,AWAY,LT_100,29,29,16,0.551724,1.867586,0.026207,4,-5.29,0,0,SMALL_SAMPLE,SMALL_SAMPLE_NO_EDGE_CLAIM
1X2,B1,2022/23,1_75_1_99,NOT_AH,NOT_FT_OVER25,HOME,LT_100,29,29,15,0.517241,1.843793,-0.04,4,-5.82,0,0,SMALL_SAMPLE,SMALL_SAMPLE_NO_EDGE_CLAIM
1X2,B1,2022/23,2_00_2_49,NOT_AH,NOT_FT_OVER25,AWAY,LT_100,58,58,26,0.448276,2.252241,0.018621,7,-7.2,0,0,SMALL_SAMPLE,SMALL_SAMPLE_NO_EDGE_CLAIM
1X2,B1,2022/23,2_00_2_49,NOT_AH,NOT_FT_OVER25,HOME,LT_100,58,58,25,0.431034,2.18569,-0.070345,10,-13.7,0,0,SMALL_SAMPLE,SMALL_SAMPLE_NO_EDGE_CLAIM
1X2,B1,2022/23,2_50_3_49,NOT_AH,NOT_FT_OVER25,AWAY,LT_100,60,60,18,0.3,2.9755,-0.1175,7,-15.65,0,0,SMALL_SAMPLE,SMALL_SAMPLE_NO_EDGE_CLAIM
1X2,B1,2022/23,2_50_3_49,NOT_AH,NOT_FT_OVER25,DRAW,LT_100,94,94,28,0.297872,3.290426,-0.017021,13,-24.1,0,0,SMALL_SAMPLE,SMALL_SAMPLE_NO_EDGE_CLAIM
1X2,B1,2022/23,2_50_3_49,NOT_AH,NOT_FT_OVER25,HOME,LT_100,67,67,19,0.283582,2.908806,-0.16791,9,-16.15,0,0,SMALL_SAMPLE,SMALL_SAMPLE_NO_EDGE_CLAIM
1X2,B1,2022/23,3_50_4_99,NOT_AH,NOT_FT_OVER25,AWAY,LT_100,61,61,16,0.262295,4.085574,0.056393,6,-6.0,0,0,SMALL_SAMPLE,SMALL_SAMPLE_NO_EDGE_CLAIM
1X2,B1,2022/23,3_50_4_99,NOT_AH,NOT_FT_OVER25,DRAW,100_299,184,184,38,0.206522,3.858696,-0.208913,16,-47.75,0,0,LOW_CONFIDENCE,LOW_CONFIDENCE_RESEARCH_ONLY
1X2,B1,2022/23,3_50_4_99,NOT_AH,NOT_FT_OVER25,HOME,LT_100,42,42,9,0.214286,4.04619,-0.127857,10,-15.0,0,0,SMALL_SAMPLE,SMALL_SAMPLE_NO_EDGE_CLAIM
1X2,B1,2022/23,GE_5_00,NOT_AH,NOT_FT_OVER25,AWAY,LT_100,70,70,9,0.128571,7.378571,-0.15,27,-36.5,0,0,SMALL_SAMPLE,SMALL_SAMPLE_NO_EDGE_CLAIM
1X2,B1,2022/23,GE_5_00,NOT_AH,NOT_FT_OVER25,DRAW,LT_100,28,28,2,0.071429,5.714286,-0.625,21,-21.0,0,0,SMALL_SAMPLE,SMALL_SAMPLE_NO_EDGE_CLAIM
1X2,B1,2022/23,GE_5_00,NOT_AH,NOT_FT_OVER25,HOME,LT_100,18,18,3,0.166667,6.0,-0.041667,9,-9.0,0,0,SMALL_SAMPLE,SMALL_SAMPLE_NO_EDGE_CLAIM
1X2,B1,2022/23,LT_1_50,NOT_AH,NOT_FT_OVER25,AWAY,LT_100,7,7,4,0.571429,1.404286,-0.21,1,-1.87,0,0,SMALL_SAMPLE,SMALL_SAMPLE_NO_EDGE_CLAIM
1X2,B1,2022/23,LT_1_50,NOT_AH,NOT_FT_OVER25,HOME,LT_100,40,40,33,0.825,1.328,0.09,2,-2.0,0,0,SMALL_SAMPLE,SMALL_SAMPLE_NO_EDGE_CLAIM
1X2,B1,2023/24,1_50_1_74,NOT_AH,NOT_FT_OVER25,AWAY,LT_100,27,27,15,0.555556,1.624444,-0.095926,2,-5.74,0,0,SMALL_SAMPLE,SMALL_SAMPLE_NO_EDGE_CLAIM
1X2,B1,2023/24,1_50_1_74,NOT_AH,NOT_FT_OVER25,HOME,LT_100,49,49,34,0.693878,1.604286,0.114286,2,-2.38,0,0,SMALL_SAMPLE,SMALL_SAMPLE_NO_EDGE_CLAIM
1X2,B1,2023/24,1_75_1_99,NOT_AH,NOT_FT_OVER25,AWAY,LT_100,22,22,9,0.409091,1.87,-0.227727,6,-9.39,0,0,SMALL_SAMPLE,SMALL_SAMPLE_NO_EDGE_CLAIM
1X2,B1,2023/24,1_75_1_99,NOT_AH,NOT_FT_OVER25,HOME,LT_100,30,30,18,0.6,1.851333,0.102,3,-3.55,0,0,SMALL_SAMPLE,SMALL_SAMPLE_NO_EDGE_CLAIM
1X2,B1,2023/24,2_00_2_49,NOT_AH,NOT_FT_OVER25,AWAY,LT_100,50,50,22,0.44,2.2502,-0.0216,7,-10.19,0,0,SMALL_SAMPLE,SMALL_SAMPLE_NO_EDGE_CLAIM
1X2,B1,2023/24,2_00_2_49,NOT_AH,NOT_FT_OVER25,HOME,LT_100,66,66,22,0.333333,2.207424,-0.250606,12,-18.64,0,0,SMALL_SAMPLE,SMALL_SAMPLE_NO_EDGE_CLAIM
1X2,B1,2023/24,2_50_3_49,NOT_AH,NOT_FT_OVER25,AWAY,LT_100,76,76,19,0.25,2.974737,-0.287368,12,-29.32,0,0,SMALL_SAMPLE,SMALL_SAMPLE_NO_EDGE_CLAIM
1X2,B1,2023/24,2_50_3_49,NOT_AH,NOT_FT_OVER25,DRAW,LT_100,73,73,28,0.383562,3.30589,0.274384,5,-5.2,0,0,SMALL_SAMPLE,SMALL_SAMPLE_NO_EDGE_CLAIM
1X2,B1,2023/24,2_50_3_49,NOT_AH,NOT_FT_OVER25,HOME,LT_100,66,66,23,0.348485,2.905758,-0.006212,6,-6.92,0,0,SMALL_SAMPLE,SMALL_SAMPLE_NO_EDGE_CLAIM
1X2,B1,2023/24,3_50_4_99,NOT_AH,NOT_FT_OVER25,AWAY,LT_100,55,55,10,0.181818,4.085455,-0.332727,9,-18.8,0,0,SMALL_SAMPLE,SMALL_SAMPLE_NO_EDGE_CLAIM
1X2,B1,2023/24,3_50_4_99,NOT_AH,NOT_FT_OVER25,DRAW,100_299,203,203,49,0.241379,3.865567,-0.070345,17,-43.5,0,0,LOW_CONFIDENCE,LOW_CONFIDENCE_RESEARCH_ONLY
1X2,B1,2023/24,3_50_4_99,NOT_AH,NOT_FT_OVER25,HOME,LT_100,36,36,9,0.25,4.128056,0.038333,6,-8.5,0,0,SMALL_SAMPLE,SMALL_SAMPLE_NO_EDGE_CLAIM
1X2,B1,2023/24,GE_5_00,NOT_AH,NOT_FT_OVER25,AWAY,LT_100,72,72,8,0.111111,7.486111,-0.277778,35,-36.75,0,0,SMALL_SAMPLE,SMALL_SAMPLE_NO_EDGE_CLAIM
1X2,B1,2023/24,GE_5_00,NOT_AH,NOT_FT_OVER25,DRAW,LT_100,36,36,4,0.111111,5.930556,-0.3125,16,-18.0,0,0,SMALL_SAMPLE,SMALL_SAMPLE_NO_EDGE_CLAIM
1X2,B1,2023/24,GE_5_00,NOT_AH,NOT_FT_OVER25,HOME,LT_100,25,25,4,0.16,6.34,0.02,11,-11.5,0,0,SMALL_SAMPLE,SMALL_SAMPLE_NO_EDGE_CLAIM
1X2,B1,2023/24,LT_1_50,NOT_AH,NOT_FT_OVER25,AWAY,LT_100,10,10,9,0.9,1.357,0.228,1,-1.0,0,0,SMALL_SAMPLE,SMALL_SAMPLE_NO_EDGE_CLAIM
1X2,B1,2023/24,LT_1_50,NOT_AH,NOT_FT_OVER25,HOME,LT_100,40,40,29,0.725,1.30675,-0.065,2,-3.66,0,0,SMALL_SAMPLE,SMALL_SAMPLE_NO_EDGE_CLAIM
1X2,B1,2024/25,1_50_1_74,NOT_AH,NOT_FT_OVER25,AWAY,LT_100,20,20,11,0.55,1.649,-0.0805,3,-4.71,0,0,SMALL_SAMPLE,SMALL_SAMPLE_NO_EDGE_CLAIM
1X2,B1,2024/25,1_50_1_74,NOT_AH,NOT_FT_OVER25,HOME,LT_100,46,46,31,0.673913,1.630652,0.100652,4,-4.0,0,0,SMALL_SAMPLE,SMALL_SAMPLE_NO_EDGE_CLAIM
1X2,B1,2024/25,1_75_1_99,NOT_AH,NOT_FT_OVER25,AWAY,LT_100,18,18,8,0.444444,1.867778,-0.166667,4,-6.55,0,0,SMALL_SAMPLE,SMALL_SAMPLE_NO_EDGE_CLAIM
1X2,B1,2024/25,1_75_1_99,NOT_AH,NOT_FT_OVER25,HOME,LT_100,42,42,20,0.47619,1.863095,-0.115476,5,-7.55,0,0,SMALL_SAMPLE,SMALL_SAMPLE_NO_EDGE_CLAIM
1X2,B1,2024/25,2_00_2_49,NOT_AH,NOT_FT_OVER25,AWAY,LT_100,51,51,26,0.509804,2.225882,0.137059,5,-7.25,0,0,SMALL_SAMPLE,SMALL_SAMPLE_NO_EDGE_CLAIM
1X2,B1,2024/25,2_00_2_49,NOT_AH,NOT_FT_OVER25,HOME,LT_100,57,57,25,0.438596,2.224211,-0.02193,5,-10.8,0,0,SMALL_SAMPLE,SMALL_SAMPLE_NO_EDGE_CLAIM
1X2,B1,2024/25,2_50_3_49,NOT_AH,NOT_FT_OVER25,AWAY,LT_100,79,79,15,0.189873,2.895696,-0.456709,18,-38.16,0,0,SMALL_SAMPLE,SMALL_SAMPLE_NO_EDGE_CLAIM
1X2,B1,2024/25,2_50_3_49,NOT_AH,NOT_FT_OVER25,DRAW,LT_100,98,98,36,0.367347,3.28449,0.20102,8,-8.0,0,0,SMALL_SAMPLE,SMALL_SAMPLE_NO_EDGE_CLAIM
1X2,B1,2024/25,2_50_3_49,NOT_AH,NOT_FT_OVER25,HOME,LT_100,77,77,20,0.25974,2.885844,-0.248831,10,-22.75,0,0,SMALL_SAMPLE,SMALL_SAMPLE_NO_EDGE_CLAIM
1X2,B1,2024/25,3_50_4_99,NOT_AH,NOT_FT_OVER25,AWAY,LT_100,76,76,12,0.157895,4.133816,-0.366711,14,-32.85,0,0,SMALL_SAMPLE,SMALL_SAMPLE_NO_EDGE_CLAIM
1X2,B1,2024/25,3_50_4_99,NOT_AH,NOT_FT_OVER25,DRAW,100_299,192,192,50,0.260417,3.878385,-0.021719,17,-25.9,0,0,LOW_CONFIDENCE,LOW_CONFIDENCE_RESEARCH_ONLY
1X2,B1,2024/25,3_50_4_99,NOT_AH,NOT_FT_OVER25,HOME,LT_100,30,30,6,0.2,4.044333,-0.173333,7,-10.15,0,0,SMALL_SAMPLE,SMALL_SAMPLE_NO_EDGE_CLAIM
1X2,B1,2024/25,GE_5_00,NOT_AH,NOT_FT_OVER25,AWAY,LT_100,62,62,9,0.145161,7.096774,-0.125,12,-18.5,0,0,SMALL_SAMPLE,SMALL_SAMPLE_NO_EDGE_CLAIM
1X2,B1,2024/25,GE_5_00,NOT_AH,NOT_FT_OVER25,DRAW,LT_100,22,22,4,0.181818,6.022727,0.193182,7,-8.0,0,0,SMALL_SAMPLE,SMALL_SAMPLE_NO_EDGE_CLAIM
1X2,B1,2024/25,GE_5_00,NOT_AH,NOT_FT_OVER25,HOME,LT_100,17,17,3,0.176471,5.529412,-0.073529,9,-9.0,0,0,SMALL_SAMPLE,SMALL_SAMPLE_NO_EDGE_CLAIM
1X2,B1,2024/25,LT_1_50,NOT_AH,NOT_FT_OVER25,AWAY,LT_100,6,6,4,0.666667,1.413333,-0.045,2,-2.0,0,0,SMALL_SAMPLE,SMALL_SAMPLE_NO_EDGE_CLAIM
1X2,B1,2024/25,LT_1_50,NOT_AH,NOT_FT_OVER25,HOME,LT_100,43,43,32,0.744186,1.35907,0.008372,2,-4.54,0,0,SMALL_SAMPLE,SMALL_SAMPLE_NO_EDGE_CLAIM
1X2,D1,2020/21,1_50_1_74,NOT_AH,NOT_FT_OVER25,AWAY,LT_100,21,21,14,0.666667,1.595238,0.058095,2,-3.6,0,0,SMALL_SAMPLE,SMALL_SAMPLE_NO_EDGE_CLAIM
1X2,D1,2020/21,1_50_1_74,NOT_AH,NOT_FT_OVER25,HOME,LT_100,39,39,26,0.666667,1.605128,0.060256,2,-3.37,0,0,SMALL_SAMPLE,SMALL_SAMPLE_NO_EDGE_CLAIM
1X2,D1,2020/21,1_75_1_99,NOT_AH,NOT_FT_OVER25,AWAY,LT_100,24,24,14,0.583333,1.832917,0.062917,2,-3.8,0,0,SMALL_SAMPLE,SMALL_SAMPLE_NO_EDGE_CLAIM
1X2,D1,2020/21,1_75_1_99,NOT_AH,NOT_FT_OVER25,HOME,LT_100,32,32,13,0.40625,1.8575,-0.249062,5,-7.97,0,0,SMALL_SAMPLE,SMALL_SAMPLE_NO_EDGE_CLAIM
1X2,D1,2020/21,2_00_2_49,NOT_AH,NOT_FT_OVER25,AWAY,LT_100,49,49,14,0.285714,2.224286,-0.364286,10,-20.65,0,0,SMALL_SAMPLE,SMALL_SAMPLE_NO_EDGE_CLAIM
1X2,D1,2020/21,2_00_2_49,NOT_AH,NOT_FT_OVER25,HOME,LT_100,58,58,23,0.396552,2.223276,-0.133276,8,-17.48,0,0,SMALL_SAMPLE,SMALL_SAMPLE_NO_EDGE_CLAIM
1X2,D1,2020/21,2_50_3_49,NOT_AH,NOT_FT_OVER25,AWAY,LT_100,61,61,21,0.344262,2.898033,0.005738,11,-17.05,0,0,SMALL_SAMPLE,SMALL_SAMPLE_NO_EDGE_CLAIM
1X2,D1,2020/21,2_50_3_49,NOT_AH,NOT_FT_OVER25,DRAW,LT_100,48,48,16,0.333333,3.309375,0.104167,7,-7.45,0,0,SMALL_SAMPLE,SMALL_SAMPLE_NO_EDGE_CLAIM
1X2,D1,2020/21,2_50_3_49,NOT_AH,NOT_FT_OVER25,HOME,LT_100,61,61,18,0.295082,2.919016,-0.146066,6,-13.2,0,0,SMALL_SAMPLE,SMALL_SAMPLE_NO_EDGE_CLAIM
1X2,D1,2020/21,3_50_4_99,NOT_AH,NOT_FT_OVER25,AWAY,LT_100,57,57,12,0.210526,3.988246,-0.170526,9,-12.72,0,0,SMALL_SAMPLE,SMALL_SAMPLE_NO_EDGE_CLAIM
1X2,D1,2020/21,3_50_4_99,NOT_AH,NOT_FT_OVER25,DRAW,100_299,207,207,58,0.280193,3.942802,0.079903,17,-36.19,0,0,LOW_CONFIDENCE,LOW_CONFIDENCE_RESEARCH_ONLY|HIGH_DRAWDOWN_RISK
1X2,D1,2020/21,3_50_4_99,NOT_AH,NOT_FT_OVER25,HOME,LT_100,37,37,11,0.297297,4.025405,0.231892,9,-9.0,0,0,SMALL_SAMPLE,SMALL_SAMPLE_NO_EDGE_CLAIM
1X2,D1,2020/21,GE_5_00,NOT_AH,NOT_FT_OVER25,AWAY,LT_100,70,70,5,0.071429,8.653571,-0.478571,16,-35.0,0,0,SMALL_SAMPLE,SMALL_SAMPLE_NO_EDGE_CLAIM
1X2,D1,2020/21,GE_5_00,NOT_AH,NOT_FT_OVER25,DRAW,LT_100,51,51,7,0.137255,6.642157,-0.04902,11,-11.0,0,0,SMALL_SAMPLE,SMALL_SAMPLE_NO_EDGE_CLAIM
1X2,D1,2020/21,GE_5_00,NOT_AH,NOT_FT_OVER25,HOME,LT_100,37,37,7,0.189189,8.087838,0.554054,13,-16.5,0,0,SMALL_SAMPLE,SMALL_SAMPLE_NO_EDGE_CLAIM
1X2,D1,2020/21,LT_1_50,NOT_AH,NOT_FT_OVER25,AWAY,LT_100,24,24,16,0.666667,1.299583,-0.136667,3,-3.68,0,0,SMALL_SAMPLE,SMALL_SAMPLE_NO_EDGE_CLAIM
1X2,D1,2020/21,LT_1_50,NOT_AH,NOT_FT_OVER25,HOME,LT_100,42,42,31,0.738095,1.283571,-0.06119,3,-6.57,0,0,SMALL_SAMPLE,SMALL_SAMPLE_NO_EDGE_CLAIM
1X2,D1,2021/22,1_50_1_74,NOT_AH,NOT_FT_OVER25,AWAY,LT_100,19,19,12,0.631579,1.621579,0.007895,2,-2.0,0,0,SMALL_SAMPLE,SMALL_SAMPLE_NO_EDGE_CLAIM
1X2,D1,2021/22,1_50_1_74,NOT_AH,NOT_FT_OVER25,HOME,LT_100,34,34,25,0.735294,1.602647,0.172647,2,-2.0,0,0,SMALL_SAMPLE,SMALL_SAMPLE_NO_EDGE_CLAIM
1X2,D1,2021/22,1_75_1_99,NOT_AH,NOT_FT_OVER25,AWAY,LT_100,14,14,4,0.285714,1.875,-0.467857,5,-6.55,0,0,SMALL_SAMPLE,SMALL_SAMPLE_NO_EDGE_CLAIM
1X2,D1,2021/22,1_75_1_99,NOT_AH,NOT_FT_OVER25,HOME,LT_100,38,38,13,0.342105,1.868684,-0.368421,6,-14.75,0,0,SMALL_SAMPLE,SMALL_SAMPLE_NO_EDGE_CLAIM
1X2,D1,2021/22,2_00_2_49,NOT_AH,NOT_FT_OVER25,AWAY,LT_100,54,54,22,0.407407,2.194815,-0.098148,6,-12.16,0,0,SMALL_SAMPLE,SMALL_SAMPLE_NO_EDGE_CLAIM
1X2,D1,2021/22,2_00_2_49,NOT_AH,NOT_FT_OVER25,HOME,LT_100,51,51,17,0.333333,2.188824,-0.26,8,-20.23,0,0,SMALL_SAMPLE,SMALL_SAMPLE_NO_EDGE_CLAIM
1X2,D1,2021/22,2_50_3_49,NOT_AH,NOT_FT_OVER25,AWAY,LT_100,60,60,19,0.316667,2.951833,-0.032667,8,-8.43,0,0,SMALL_SAMPLE,SMALL_SAMPLE_NO_EDGE_CLAIM
1X2,D1,2021/22,2_50_3_49,NOT_AH,NOT_FT_OVER25,DRAW,LT_100,58,58,17,0.293103,3.332759,-0.017241,11,-11.75,0,0,SMALL_SAMPLE,SMALL_SAMPLE_NO_EDGE_CLAIM
1X2,D1,2021/22,2_50_3_49,NOT_AH,NOT_FT_OVER25,HOME,LT_100,66,66,28,0.424242,2.942273,0.208485,5,-5.0,0,0,SMALL_SAMPLE,SMALL_SAMPLE_NO_EDGE_CLAIM
1X2,D1,2021/22,3_50_4_99,NOT_AH,NOT_FT_OVER25,AWAY,LT_100,59,59,17,0.288136,4.046102,0.173898,8,-8.0,0,0,SMALL_SAMPLE,SMALL_SAMPLE_NO_EDGE_CLAIM
1X2,D1,2021/22,3_50_4_99,NOT_AH,NOT_FT_OVER25,DRAW,100_299,188,188,48,0.255319,3.922394,-0.017021,14,-23.65,0,0,LOW_CONFIDENCE,LOW_CONFIDENCE_RESEARCH_ONLY
1X2,D1,2021/22,3_50_4_99,NOT_AH,NOT_FT_OVER25,HOME,LT_100,34,34,10,0.294118,3.987353,0.199412,8,-8.5,0,0,SMALL_SAMPLE,SMALL_SAMPLE_NO_EDGE_CLAIM
1X2,D1,2021/22,GE_5_00,NOT_AH,NOT_FT_OVER25,AWAY,LT_100,83,83,7,0.084337,9.334337,-0.186747,26,-28.5,0,0,SMALL_SAMPLE,SMALL_SAMPLE_NO_EDGE_CLAIM
1X2,D1,2021/22,GE_5_00,NOT_AH,NOT_FT_OVER25,DRAW,LT_100,60,60,8,0.133333,7.045833,-0.183333,26,-33.75,0,0,SMALL_SAMPLE,SMALL_SAMPLE_NO_EDGE_CLAIM
1X2,D1,2021/22,GE_5_00,NOT_AH,NOT_FT_OVER25,HOME,LT_100,25,25,4,0.16,8.62,0.58,10,-10.0,0,0,SMALL_SAMPLE,SMALL_SAMPLE_NO_EDGE_CLAIM
1X2,D1,2021/22,LT_1_50,NOT_AH,NOT_FT_OVER25,AWAY,LT_100,17,17,9,0.529412,1.298824,-0.331765,2,-5.64,0,0,SMALL_SAMPLE,SMALL_SAMPLE_NO_EDGE_CLAIM
1X2,D1,2021/22,LT_1_50,NOT_AH,NOT_FT_OVER25,HOME,LT_100,58,58,46,0.793103,1.289655,0.020862,3,-5.35,0,0,SMALL_SAMPLE,SMALL_SAMPLE_NO_EDGE_CLAIM
1X2,D1,2022/23,1_50_1_74,NOT_AH,NOT_FT_OVER25,AWAY,LT_100,12,12,6,0.5,1.624167,-0.194167,2,-3.33,0,0,SMALL_SAMPLE,SMALL_SAMPLE_NO_EDGE_CLAIM
1X2,D1,2022/23,1_50_1_74,NOT_AH,NOT_FT_OVER25,HOME,LT_100,45,45,27,0.6,1.593778,-0.052222,3,-7.33,0,0,SMALL_SAMPLE,SMALL_SAMPLE_NO_EDGE_CLAIM
1X2,D1,2022/23,1_75_1_99,NOT_AH,NOT_FT_OVER25,AWAY,LT_100,15,15,7,0.466667,1.86,-0.146667,5,-5.5,0,0,SMALL_SAMPLE,SMALL_SAMPLE_NO_EDGE_CLAIM
1X2,D1,2022/23,1_75_1_99,NOT_AH,NOT_FT_OVER25,HOME,LT_100,33,33,21,0.636364,1.851818,0.183636,4,-4.35,0,0,SMALL_SAMPLE,SMALL_SAMPLE_NO_EDGE_CLAIM
1X2,D1,2022/23,2_00_2_49,NOT_AH,NOT_FT_OVER25,AWAY,LT_100,45,45,17,0.377778,2.226,-0.155333,8,-10.75,0,0,SMALL_SAMPLE,SMALL_SAMPLE_NO_EDGE_CLAIM
1X2,D1,2022/23,2_00_2_49,NOT_AH,NOT_FT_OVER25,HOME,LT_100,78,78,40,0.512821,2.205897,0.115641,8,-8.0,0,0,SMALL_SAMPLE,SMALL_SAMPLE_NO_EDGE_CLAIM
1X2,D1,2022/23,2_50_3_49,NOT_AH,NOT_FT_OVER25,AWAY,LT_100,91,91,27,0.296703,2.944945,-0.16011,12,-19.21,0,0,SMALL_SAMPLE,SMALL_SAMPLE_NO_EDGE_CLAIM
1X2,D1,2022/23,2_50_3_49,NOT_AH,NOT_FT_OVER25,DRAW,LT_100,57,57,11,0.192982,3.308772,-0.362281,12,-23.8,0,0,SMALL_SAMPLE,SMALL_SAMPLE_NO_EDGE_CLAIM
1X2,D1,2022/23,2_50_3_49,NOT_AH,NOT_FT_OVER25,HOME,LT_100,67,67,21,0.313433,2.897015,-0.091045,10,-10.0,0,0,SMALL_SAMPLE,SMALL_SAMPLE_NO_EDGE_CLAIM
1X2,D1,2022/23,3_50_4_99,NOT_AH,NOT_FT_OVER25,AWAY,LT_100,54,54,11,0.203704,4.041296,-0.177222,9,-18.95,0,0,SMALL_SAMPLE,SMALL_SAMPLE_NO_EDGE_CLAIM
1X2,D1,2022/23,3_50_4_99,NOT_AH,NOT_FT_OVER25,DRAW,100_299,201,201,54,0.268657,3.895473,0.021592,13,-28.52,0,0,LOW_CONFIDENCE,LOW_CONFIDENCE_RESEARCH_ONLY|HIGH_DRAWDOWN_RISK
1X2,D1,2022/23,3_50_4_99,NOT_AH,NOT_FT_OVER25,HOME,LT_100,26,26,6,0.230769,3.963846,-0.066154,5,-5.75,0,0,SMALL_SAMPLE,SMALL_SAMPLE_NO_EDGE_CLAIM
1X2,D1,2022/23,GE_5_00,NOT_AH,NOT_FT_OVER25,AWAY,LT_100,76,76,9,0.118421,7.792763,-0.207237,30,-37.5,0,0,SMALL_SAMPLE,SMALL_SAMPLE_NO_EDGE_CLAIM
1X2,D1,2022/23,GE_5_00,NOT_AH,NOT_FT_OVER25,DRAW,LT_100,48,48,10,0.208333,6.494792,0.348958,12,-12.0,0,0,SMALL_SAMPLE,SMALL_SAMPLE_NO_EDGE_CLAIM
1X2,D1,2022/23,GE_5_00,NOT_AH,NOT_FT_OVER25,HOME,LT_100,19,19,4,0.210526,7.526316,0.776316,5,-5.0,0,0,SMALL_SAMPLE,SMALL_SAMPLE_NO_EDGE_CLAIM
1X2,D1,2022/23,LT_1_50,NOT_AH,NOT_FT_OVER25,AWAY,LT_100,13,13,9,0.692308,1.353077,-0.063846,2,-2.61,0,0,SMALL_SAMPLE,SMALL_SAMPLE_NO_EDGE_CLAIM
1X2,D1,2022/23,LT_1_50,NOT_AH,NOT_FT_OVER25,HOME,LT_100,38,38,26,0.684211,1.284737,-0.121842,3,-5.44,0,0,SMALL_SAMPLE,SMALL_SAMPLE_NO_EDGE_CLAIM
1X2,D1,2023/24,1_50_1_74,NOT_AH,NOT_FT_OVER25,AWAY,LT_100,24,24,17,0.708333,1.615,0.140833,3,-3.0,0,0,SMALL_SAMPLE,SMALL_SAMPLE_NO_EDGE_CLAIM
1X2,D1,2023/24,1_50_1_74,NOT_AH,NOT_FT_OVER25,HOME,LT_100,33,33,17,0.515152,1.629394,-0.163636,3,-9.7,0,0,SMALL_SAMPLE,SMALL_SAMPLE_NO_EDGE_CLAIM
1X2,D1,2023/24,1_75_1_99,NOT_AH,NOT_FT_OVER25,AWAY,LT_100,12,12,7,0.583333,1.826667,0.0625,2,-2.4,0,0,SMALL_SAMPLE,SMALL_SAMPLE_NO_EDGE_CLAIM
1X2,D1,2023/24,1_75_1_99,NOT_AH,NOT_FT_OVER25,HOME,LT_100,39,39,19,0.487179,1.849231,-0.103846,5,-8.43,0,0,SMALL_SAMPLE,SMALL_SAMPLE_NO_EDGE_CLAIM
1X2,D1,2023/24,2_00_2_49,NOT_AH,NOT_FT_OVER25,AWAY,LT_100,33,33,16,0.484848,2.256667,0.081818,6,-9.0,0,0,SMALL_SAMPLE,SMALL_SAMPLE_NO_EDGE_CLAIM
1X2,D1,2023/24,2_00_2_49,NOT_AH,NOT_FT_OVER25,HOME,LT_100,65,65,29,0.446154,2.209385,-0.010615,7,-8.4,0,0,SMALL_SAMPLE,SMALL_SAMPLE_NO_EDGE_CLAIM
1X2,D1,2023/24,2_50_3_49,NOT_AH,NOT_FT_OVER25,AWAY,LT_100,82,82,21,0.256098,2.933293,-0.239146,9,-24.42,0,0,SMALL_SAMPLE,SMALL_SAMPLE_NO_EDGE_CLAIM
1X2,D1,2023/24,2_50_3_49,NOT_AH,NOT_FT_OVER25,DRAW,LT_100,41,41,14,0.341463,3.356098,0.154878,6,-6.0,0,0,SMALL_SAMPLE,SMALL_SAMPLE_NO_EDGE_CLAIM
1X2,D1,2023/24,2_50_3_49,NOT_AH,NOT_FT_OVER25,HOME,LT_100,55,55,14,0.254545,2.801636,-0.318182,11,-17.95,0,0,SMALL_SAMPLE,SMALL_SAMPLE_NO_EDGE_CLAIM
1X2,D1,2023/24,3_50_4_99,NOT_AH,NOT_FT_OVER25,AWAY,LT_100,69,69,12,0.173913,4.157101,-0.29058,14,-24.35,0,0,SMALL_SAMPLE,SMALL_SAMPLE_NO_EDGE_CLAIM
1X2,D1,2023/24,3_50_4_99,NOT_AH,NOT_FT_OVER25,DRAW,100_299,190,190,58,0.305263,3.933947,0.19,14,-22.62,0,0,LOW_CONFIDENCE,LOW_CONFIDENCE_RESEARCH_ONLY|HIGH_DRAWDOWN_RISK
1X2,D1,2023/24,3_50_4_99,NOT_AH,NOT_FT_OVER25,HOME,LT_100,26,26,6,0.230769,4.014615,-0.094231,9,-9.0,0,0,SMALL_SAMPLE,SMALL_SAMPLE_NO_EDGE_CLAIM
1X2,D1,2023/24,GE_5_00,NOT_AH,NOT_FT_OVER25,AWAY,LT_100,69,69,5,0.072464,9.880435,-0.286232,31,-31.0,0,0,SMALL_SAMPLE,SMALL_SAMPLE_NO_EDGE_CLAIM
1X2,D1,2023/24,GE_5_00,NOT_AH,NOT_FT_OVER25,DRAW,LT_100,75,75,9,0.12,6.573333,-0.31,25,-28.5,0,0,SMALL_SAMPLE,SMALL_SAMPLE_NO_EDGE_CLAIM
1X2,D1,2023/24,GE_5_00,NOT_AH,NOT_FT_OVER25,HOME,LT_100,30,30,4,0.133333,7.0,-0.108333,7,-7.5,0,0,SMALL_SAMPLE,SMALL_SAMPLE_NO_EDGE_CLAIM
1X2,D1,2023/24,LT_1_50,NOT_AH,NOT_FT_OVER25,AWAY,LT_100,17,17,13,0.764706,1.346471,0.020588,2,-2.07,0,0,SMALL_SAMPLE,SMALL_SAMPLE_NO_EDGE_CLAIM
1X2,D1,2023/24,LT_1_50,NOT_AH,NOT_FT_OVER25,HOME,LT_100,58,58,45,0.775862,1.278276,-0.02,4,-5.74,0,0,SMALL_SAMPLE,SMALL_SAMPLE_NO_EDGE_CLAIM
1X2,D1,2024/25,1_50_1_74,NOT_AH,NOT_FT_OVER25,AWAY,LT_100,15,15,8,0.533333,1.636667,-0.118667,2,-3.05,0,0,SMALL_SAMPLE,SMALL_SAMPLE_NO_EDGE_CLAIM
1X2,D1,2024/25,1_50_1_74,NOT_AH,NOT_FT_OVER25,HOME,LT_100,42,42,22,0.52381,1.634048,-0.144524,2,-8.16,0,0,SMALL_SAMPLE,SMALL_SAMPLE_NO_EDGE_CLAIM
1X2,D1,2024/25,1_75_1_99,NOT_AH,NOT_FT_OVER25,AWAY,LT_100,14,14,10,0.714286,1.882143,0.341429,2,-2.22,0,0,SMALL_SAMPLE,SMALL_SAMPLE_NO_EDGE_CLAIM
1X2,D1,2024/25,1_75_1_99,NOT_AH,NOT_FT_OVER25,HOME,LT_100,38,38,15,0.394737,1.872632,-0.262632,7,-14.19,0,0,SMALL_SAMPLE,SMALL_SAMPLE_NO_EDGE_CLAIM
1X2,D1,2024/25,2_00_2_49,NOT_AH,NOT_FT_OVER25,AWAY,LT_100,44,44,22,0.5,2.222273,0.120455,7,-8.25,0,0,SMALL_SAMPLE,SMALL_SAMPLE_NO_EDGE_CLAIM
1X2,D1,2024/25,2_00_2_49,NOT_AH,NOT_FT_OVER25,HOME,LT_100,67,67,27,0.402985,2.251493,-0.099851,8,-12.0,0,0,SMALL_SAMPLE,SMALL_SAMPLE_NO_EDGE_CLAIM
1X2,D1,2024/25,2_50_3_49,NOT_AH,NOT_FT_OVER25,AWAY,LT_100,73,73,27,0.369863,2.937671,0.06726,10,-12.45,0,0,SMALL_SAMPLE,SMALL_SAMPLE_NO_EDGE_CLAIM
1X2,D1,2024/25,2_50_3_49,NOT_AH,NOT_FT_OVER25,DRAW,LT_100,54,54,18,0.333333,3.325,0.108333,7,-14.35,0,0,SMALL_SAMPLE,SMALL_SAMPLE_NO_EDGE_CLAIM
1X2,D1,2024/25,2_50_3_49,NOT_AH,NOT_FT_OVER25,HOME,LT_100,54,54,9,0.166667,2.918704,-0.506852,13,-27.37,0,0,SMALL_SAMPLE,SMALL_SAMPLE_NO_EDGE_CLAIM
1X2,D1,2024/25,3_50_4_99,NOT_AH,NOT_FT_OVER25,AWAY,LT_100,70,70,23,0.328571,4.115143,0.323,8,-9.5,0,0,SMALL_SAMPLE,SMALL_SAMPLE_NO_EDGE_CLAIM
1X2,D1,2024/25,3_50_4_99,NOT_AH,NOT_FT_OVER25,DRAW,100_299,196,196,50,0.255102,3.9125,0.005204,20,-22.41,0,0,LOW_CONFIDENCE,LOW_CONFIDENCE_RESEARCH_ONLY|HIGH_DRAWDOWN_RISK
1X2,D1,2024/25,3_50_4_99,NOT_AH,NOT_FT_OVER25,HOME,LT_100,29,29,4,0.137931,4.01,-0.475862,18,-18.0,0,0,SMALL_SAMPLE,SMALL_SAMPLE_NO_EDGE_CLAIM
1X2,D1,2024/25,GE_5_00,NOT_AH,NOT_FT_OVER25,AWAY,LT_100,73,73,9,0.123288,9.075342,-0.133562,21,-31.75,0,0,SMALL_SAMPLE,SMALL_SAMPLE_NO_EDGE_CLAIM
1X2,D1,2024/25,GE_5_00,NOT_AH,NOT_FT_OVER25,DRAW,LT_100,56,56,9,0.160714,7.044643,-0.008929,8,-12.5,0,0,SMALL_SAMPLE,SMALL_SAMPLE_NO_EDGE_CLAIM
1X2,D1,2024/25,GE_5_00,NOT_AH,NOT_FT_OVER25,HOME,LT_100,23,23,3,0.130435,8.021739,-0.217391,12,-12.0,0,0,SMALL_SAMPLE,SMALL_SAMPLE_NO_EDGE_CLAIM
1X2,D1,2024/25,LT_1_50,NOT_AH,NOT_FT_OVER25,AWAY,LT_100,17,17,12,0.705882,1.328824,-0.08,2,-3.43,0,0,SMALL_SAMPLE,SMALL_SAMPLE_NO_EDGE_CLAIM
1X2,D1,2024/25,LT_1_50,NOT_AH,NOT_FT_OVER25,HOME,LT_100,53,53,38,0.716981,1.289434,-0.097547,4,-8.51,0,0,SMALL_SAMPLE,SMALL_SAMPLE_NO_EDGE_CLAIM
1X2,E0,2020/21,1_50_1_74,NOT_AH,NOT_FT_OVER25,AWAY,LT_100,30,30,19,0.633333,1.612333,0.012,4,-4.0,0,0,SMALL_SAMPLE,SMALL_SAMPLE_NO_EDGE_CLAIM
1X2,E0,2020/21,1_50_1_74,NOT_AH,NOT_FT_OVER25,HOME,LT_100,46,46,31,0.673913,1.594348,0.069348,5,-6.31,0,0,SMALL_SAMPLE,SMALL_SAMPLE_NO_EDGE_CLAIM
1X2,E0,2020/21,1_75_1_99,NOT_AH,NOT_FT_OVER25,AWAY,LT_100,24,24,13,0.541667,1.855833,0.025417,3,-5.15,0,0,SMALL_SAMPLE,SMALL_SAMPLE_NO_EDGE_CLAIM
1X2,E0,2020/21,1_75_1_99,NOT_AH,NOT_FT_OVER25,HOME,LT_100,40,40,19,0.475,1.83825,-0.1415,5,-7.39,0,0,SMALL_SAMPLE,SMALL_SAMPLE_NO_EDGE_CLAIM
1X2,E0,2020/21,2_00_2_49,NOT_AH,NOT_FT_OVER25,AWAY,LT_100,64,64,27,0.421875,2.201563,-0.08,6,-11.55,0,0,SMALL_SAMPLE,SMALL_SAMPLE_NO_EDGE_CLAIM
1X2,E0,2020/21,2_00_2_49,NOT_AH,NOT_FT_OVER25,HOME,LT_100,62,62,21,0.33871,2.192903,-0.25371,5,-17.55,0,0,SMALL_SAMPLE,SMALL_SAMPLE_NO_EDGE_CLAIM
1X2,E0,2020/21,2_50_3_49,NOT_AH,NOT_FT_OVER25,AWAY,LT_100,73,73,36,0.493151,2.957123,0.453151,8,-8.0,0,0,SMALL_SAMPLE,SMALL_SAMPLE_NO_EDGE_CLAIM
1X2,E0,2020/21,2_50_3_49,NOT_AH,NOT_FT_OVER25,DRAW,100_299,114,114,32,0.280702,3.275439,-0.085088,14,-18.65,0,0,LOW_CONFIDENCE,LOW_CONFIDENCE_RESEARCH_ONLY
1X2,E0,2020/21,2_50_3_49,NOT_AH,NOT_FT_OVER25,HOME,LT_100,75,75,21,0.28,2.9488,-0.1732,8,-17.79,0,0,SMALL_SAMPLE,SMALL_SAMPLE_NO_EDGE_CLAIM
1X2,E0,2020/21,3_50_4_99,NOT_AH,NOT_FT_OVER25,AWAY,LT_100,67,67,21,0.313433,4.072239,0.218657,11,-12.5,0,0,SMALL_SAMPLE,SMALL_SAMPLE_NO_EDGE_CLAIM
1X2,E0,2020/21,3_50_4_99,NOT_AH,NOT_FT_OVER25,DRAW,100_299,212,212,42,0.198113,3.949811,-0.231462,15,-51.52,0,0,LOW_CONFIDENCE,LOW_CONFIDENCE_RESEARCH_ONLY
1X2,E0,2020/21,3_50_4_99,NOT_AH,NOT_FT_OVER25,HOME,LT_100,51,51,11,0.215686,3.897647,-0.130392,6,-10.0,0,0,SMALL_SAMPLE,SMALL_SAMPLE_NO_EDGE_CLAIM
1X2,E0,2020/21,GE_5_00,NOT_AH,NOT_FT_OVER25,AWAY,LT_100,93,93,18,0.193548,8.427419,0.475806,14,-15.0,0,0,SMALL_SAMPLE,SMALL_SAMPLE_NO_EDGE_CLAIM
1X2,E0,2020/21,GE_5_00,NOT_AH,NOT_FT_OVER25,DRAW,LT_100,54,54,9,0.166667,6.435185,0.175926,12,-18.25,0,0,SMALL_SAMPLE,SMALL_SAMPLE_NO_EDGE_CLAIM
1X2,E0,2020/21,GE_5_00,NOT_AH,NOT_FT_OVER25,HOME,LT_100,54,54,6,0.111111,7.25,-0.314815,22,-27.5,0,0,SMALL_SAMPLE,SMALL_SAMPLE_NO_EDGE_CLAIM
1X2,E0,2020/21,LT_1_50,NOT_AH,NOT_FT_OVER25,AWAY,LT_100,29,29,19,0.655172,1.351379,-0.120345,4,-4.39,0,0,SMALL_SAMPLE,SMALL_SAMPLE_NO_EDGE_CLAIM
1X2,E0,2020/21,LT_1_50,NOT_AH,NOT_FT_OVER25,HOME,LT_100,52,52,35,0.673077,1.300192,-0.126538,2,-7.27,0,0,SMALL_SAMPLE,SMALL_SAMPLE_NO_EDGE_CLAIM
1X2,E0,2021/22,1_50_1_74,NOT_AH,NOT_FT_OVER25,AWAY,LT_100,29,29,20,0.689655,1.617241,0.107241,2,-2.0,0,0,SMALL_SAMPLE,SMALL_SAMPLE_NO_EDGE_CLAIM
1X2,E0,2021/22,1_50_1_74,NOT_AH,NOT_FT_OVER25,HOME,LT_100,50,50,28,0.56,1.6114,-0.0868,4,-7.91,0,0,SMALL_SAMPLE,SMALL_SAMPLE_NO_EDGE_CLAIM
1X2,E0,2021/22,1_75_1_99,NOT_AH,NOT_FT_OVER25,AWAY,LT_100,21,21,12,0.571429,1.867143,0.066667,3,-3.65,0,0,SMALL_SAMPLE,SMALL_SAMPLE_NO_EDGE_CLAIM
1X2,E0,2021/22,1_75_1_99,NOT_AH,NOT_FT_OVER25,HOME,LT_100,32,32,11,0.34375,1.861875,-0.36875,6,-13.35,0,0,SMALL_SAMPLE,SMALL_SAMPLE_NO_EDGE_CLAIM
1X2,E0,2021/22,2_00_2_49,NOT_AH,NOT_FT_OVER25,AWAY,LT_100,44,44,22,0.5,2.214545,0.112955,6,-6.0,0,0,SMALL_SAMPLE,SMALL_SAMPLE_NO_EDGE_CLAIM
1X2,E0,2021/22,2_00_2_49,NOT_AH,NOT_FT_OVER25,HOME,LT_100,73,73,41,0.561644,2.204521,0.229726,5,-5.0,0,0,SMALL_SAMPLE,SMALL_SAMPLE_NO_EDGE_CLAIM
1X2,E0,2021/22,2_50_3_49,NOT_AH,NOT_FT_OVER25,AWAY,LT_100,78,78,25,0.320513,2.894487,-0.084487,9,-19.63,0,0,SMALL_SAMPLE,SMALL_SAMPLE_NO_EDGE_CLAIM
1X2,E0,2021/22,2_50_3_49,NOT_AH,NOT_FT_OVER25,DRAW,100_299,117,117,28,0.239316,3.269658,-0.211111,23,-27.8,0,0,LOW_CONFIDENCE,LOW_CONFIDENCE_RESEARCH_ONLY
1X2,E0,2021/22,2_50_3_49,NOT_AH,NOT_FT_OVER25,HOME,LT_100,65,65,15,0.230769,2.881538,-0.357077,16,-27.91,0,0,SMALL_SAMPLE,SMALL_SAMPLE_NO_EDGE_CLAIM
1X2,E0,2021/22,3_50_4_99,NOT_AH,NOT_FT_OVER25,AWAY,LT_100,69,69,14,0.202899,4.013478,-0.171739,11,-14.15,0,0,SMALL_SAMPLE,SMALL_SAMPLE_NO_EDGE_CLAIM
1X2,E0,2021/22,3_50_4_99,NOT_AH,NOT_FT_OVER25,DRAW,100_299,191,191,48,0.251309,3.891099,-0.04089,28,-34.22,0,0,LOW_CONFIDENCE,LOW_CONFIDENCE_RESEARCH_ONLY
1X2,E0,2021/22,3_50_4_99,NOT_AH,NOT_FT_OVER25,HOME,LT_100,44,44,13,0.295455,4.021136,0.164773,5,-6.6,0,0,SMALL_SAMPLE,SMALL_SAMPLE_NO_EDGE_CLAIM
1X2,E0,2021/22,GE_5_00,NOT_AH,NOT_FT_OVER25,AWAY,100_299,110,110,14,0.127273,9.427273,-0.079545,25,-25.0,0,0,LOW_CONFIDENCE,LOW_CONFIDENCE_RESEARCH_ONLY
1X2,E0,2021/22,GE_5_00,NOT_AH,NOT_FT_OVER25,DRAW,LT_100,72,72,12,0.166667,6.586806,-0.059028,11,-11.75,0,0,SMALL_SAMPLE,SMALL_SAMPLE_NO_EDGE_CLAIM
1X2,E0,2021/22,GE_5_00,NOT_AH,NOT_FT_OVER25,HOME,LT_100,51,51,4,0.078431,8.034314,-0.480392,19,-28.5,0,0,SMALL_SAMPLE,SMALL_SAMPLE_NO_EDGE_CLAIM
1X2,E0,2021/22,LT_1_50,NOT_AH,NOT_FT_OVER25,AWAY,LT_100,29,29,22,0.758621,1.324483,-0.003793,2,-2.88,0,0,SMALL_SAMPLE,SMALL_SAMPLE_NO_EDGE_CLAIM
1X2,E0,2021/22,LT_1_50,NOT_AH,NOT_FT_OVER25,HOME,LT_100,65,65,51,0.784615,1.266,-0.013692,3,-4.81,0,0,SMALL_SAMPLE,SMALL_SAMPLE_NO_EDGE_CLAIM
1X2,E0,2022/23,1_50_1_74,NOT_AH,NOT_FT_OVER25,AWAY,LT_100,25,25,12,0.48,1.6156,-0.2156,3,-5.94,0,0,SMALL_SAMPLE,SMALL_SAMPLE_NO_EDGE_CLAIM
1X2,E0,2022/23,1_50_1_74,NOT_AH,NOT_FT_OVER25,HOME,LT_100,60,60,46,0.766667,1.603333,0.229833,4,-5.25,0,0,SMALL_SAMPLE,SMALL_SAMPLE_NO_EDGE_CLAIM
1X2,E0,2022/23,1_75_1_99,NOT_AH,NOT_FT_OVER25,AWAY,LT_100,30,30,14,0.466667,1.857333,-0.129333,7,-7.0,0,0,SMALL_SAMPLE,SMALL_SAMPLE_NO_EDGE_CLAIM
1X2,E0,2022/23,1_75_1_99,NOT_AH,NOT_FT_OVER25,HOME,LT_100,36,36,21,0.583333,1.853889,0.079444,2,-3.09,0,0,SMALL_SAMPLE,SMALL_SAMPLE_NO_EDGE_CLAIM
1X2,E0,2022/23,2_00_2_49,NOT_AH,NOT_FT_OVER25,AWAY,LT_100,46,46,19,0.413043,2.230217,-0.089348,4,-7.25,0,0,SMALL_SAMPLE,SMALL_SAMPLE_NO_EDGE_CLAIM
1X2,E0,2022/23,2_00_2_49,NOT_AH,NOT_FT_OVER25,HOME,LT_100,68,68,27,0.397059,2.221765,-0.113529,5,-15.22,0,0,SMALL_SAMPLE,SMALL_SAMPLE_NO_EDGE_CLAIM
1X2,E0,2022/23,2_50_3_49,NOT_AH,NOT_FT_OVER25,AWAY,LT_100,82,82,28,0.341463,2.902073,-0.012439,6,-10.32,0,0,SMALL_SAMPLE,SMALL_SAMPLE_NO_EDGE_CLAIM
1X2,E0,2022/23,2_50_3_49,NOT_AH,NOT_FT_OVER25,DRAW,LT_100,93,93,22,0.236559,3.28172,-0.226882,11,-32.2,0,0,SMALL_SAMPLE,SMALL_SAMPLE_NO_EDGE_CLAIM
1X2,E0,2022/23,2_50_3_49,NOT_AH,NOT_FT_OVER25,HOME,LT_100,73,73,28,0.383562,2.91726,0.104932,6,-8.12,0,0,SMALL_SAMPLE,SMALL_SAMPLE_NO_EDGE_CLAIM
1X2,E0,2022/23,3_50_4_99,NOT_AH,NOT_FT_OVER25,AWAY,LT_100,65,65,15,0.230769,4.047846,-0.074308,11,-14.57,0,0,SMALL_SAMPLE,SMALL_SAMPLE_NO_EDGE_CLAIM
1X2,E0,2022/23,3_50_4_99,NOT_AH,NOT_FT_OVER25,DRAW,100_299,225,225,56,0.248889,3.890711,-0.030933,11,-22.57,0,0,LOW_CONFIDENCE,LOW_CONFIDENCE_RESEARCH_ONLY
1X2,E0,2022/23,3_50_4_99,NOT_AH,NOT_FT_OVER25,HOME,LT_100,46,46,12,0.26087,4.09413,0.041304,9,-10.75,0,0,SMALL_SAMPLE,SMALL_SAMPLE_NO_EDGE_CLAIM
1X2,E0,2022/23,GE_5_00,NOT_AH,NOT_FT_OVER25,AWAY,100_299,110,110,8,0.072727,8.263636,-0.375,32,-41.25,0,0,LOW_CONFIDENCE,LOW_CONFIDENCE_RESEARCH_ONLY
1X2,E0,2022/23,GE_5_00,NOT_AH,NOT_FT_OVER25,DRAW,LT_100,62,62,9,0.145161,6.25,-0.129032,13,-18.25,0,0,SMALL_SAMPLE,SMALL_SAMPLE_NO_EDGE_CLAIM
1X2,E0,2022/23,GE_5_00,NOT_AH,NOT_FT_OVER25,HOME,LT_100,40,40,8,0.2,7.05,0.2625,6,-6.0,0,0,SMALL_SAMPLE,SMALL_SAMPLE_NO_EDGE_CLAIM
1X2,E0,2022/23,LT_1_50,NOT_AH,NOT_FT_OVER25,AWAY,LT_100,22,22,13,0.590909,1.358182,-0.201818,2,-6.41,0,0,SMALL_SAMPLE,SMALL_SAMPLE_NO_EDGE_CLAIM
1X2,E0,2022/23,LT_1_50,NOT_AH,NOT_FT_OVER25,HOME,LT_100,57,57,42,0.736842,1.291228,-0.057193,2,-5.35,0,0,SMALL_SAMPLE,SMALL_SAMPLE_NO_EDGE_CLAIM
1X2,E0,2023/24,1_50_1_74,NOT_AH,NOT_FT_OVER25,AWAY,LT_100,33,33,25,0.757576,1.63303,0.236364,2,-2.73,0,0,SMALL_SAMPLE,SMALL_SAMPLE_NO_EDGE_CLAIM
1X2,E0,2023/24,1_50_1_74,NOT_AH,NOT_FT_OVER25,HOME,LT_100,57,57,33,0.578947,1.615263,-0.066316,4,-6.29,0,0,SMALL_SAMPLE,SMALL_SAMPLE_NO_EDGE_CLAIM
1X2,E0,2023/24,1_75_1_99,NOT_AH,NOT_FT_OVER25,AWAY,LT_100,18,18,8,0.444444,1.858889,-0.178333,5,-7.25,0,0,SMALL_SAMPLE,SMALL_SAMPLE_NO_EDGE_CLAIM
1X2,E0,2023/24,1_75_1_99,NOT_AH,NOT_FT_OVER25,HOME,LT_100,37,37,27,0.72973,1.865946,0.355946,4,-4.0,0,0,SMALL_SAMPLE,SMALL_SAMPLE_NO_EDGE_CLAIM
1X2,E0,2023/24,2_00_2_49,NOT_AH,NOT_FT_OVER25,AWAY,LT_100,58,58,24,0.413793,2.215862,-0.08431,5,-12.22,0,0,SMALL_SAMPLE,SMALL_SAMPLE_NO_EDGE_CLAIM
1X2,E0,2023/24,2_00_2_49,NOT_AH,NOT_FT_OVER25,HOME,LT_100,56,56,20,0.357143,2.220179,-0.204821,8,-12.62,0,0,SMALL_SAMPLE,SMALL_SAMPLE_NO_EDGE_CLAIM
1X2,E0,2023/24,2_50_3_49,NOT_AH,NOT_FT_OVER25,AWAY,LT_100,70,70,25,0.357143,2.938714,0.049857,9,-14.59,0,0,SMALL_SAMPLE,SMALL_SAMPLE_NO_EDGE_CLAIM
1X2,E0,2023/24,2_50_3_49,NOT_AH,NOT_FT_OVER25,DRAW,LT_100,52,52,19,0.365385,3.299038,0.205769,9,-10.5,0,0,SMALL_SAMPLE,SMALL_SAMPLE_NO_EDGE_CLAIM
1X2,E0,2023/24,2_50_3_49,NOT_AH,NOT_FT_OVER25,HOME,LT_100,75,75,23,0.306667,2.9424,-0.1216,6,-9.72,0,0,SMALL_SAMPLE,SMALL_SAMPLE_NO_EDGE_CLAIM
1X2,E0,2023/24,3_50_4_99,NOT_AH,NOT_FT_OVER25,AWAY,LT_100,62,62,6,0.096774,4.113387,-0.578548,22,-35.87,0,0,SMALL_SAMPLE,SMALL_SAMPLE_NO_EDGE_CLAIM
1X2,E0,2023/24,3_50_4_99,NOT_AH,NOT_FT_OVER25,DRAW,100_299,233,233,51,0.218884,3.944506,-0.142146,14,-59.67,0,0,LOW_CONFIDENCE,LOW_CONFIDENCE_RESEARCH_ONLY
1X2,E0,2023/24,3_50_4_99,NOT_AH,NOT_FT_OVER25,HOME,LT_100,39,39,8,0.205128,4.162821,-0.183333,12,-12.0,0,0,SMALL_SAMPLE,SMALL_SAMPLE_NO_EDGE_CLAIM
1X2,E0,2023/24,GE_5_00,NOT_AH,NOT_FT_OVER25,AWAY,100_299,113,113,13,0.115044,8.924779,-0.223451,22,-33.5,0,0,LOW_CONFIDENCE,LOW_CONFIDENCE_RESEARCH_ONLY
1X2,E0,2023/24,GE_5_00,NOT_AH,NOT_FT_OVER25,DRAW,LT_100,95,95,12,0.126316,6.757895,-0.221053,16,-28.0,0,0,SMALL_SAMPLE,SMALL_SAMPLE_NO_EDGE_CLAIM
1X2,E0,2023/24,GE_5_00,NOT_AH,NOT_FT_OVER25,HOME,LT_100,43,43,5,0.116279,7.947674,-0.284884,12,-13.0,0,0,SMALL_SAMPLE,SMALL_SAMPLE_NO_EDGE_CLAIM
1X2,E0,2023/24,LT_1_50,NOT_AH,NOT_FT_OVER25,AWAY,LT_100,26,26,22,0.846154,1.310769,0.101538,1,-1.78,0,0,SMALL_SAMPLE,SMALL_SAMPLE_NO_EDGE_CLAIM
1X2,E0,2023/24,LT_1_50,NOT_AH,NOT_FT_OVER25,HOME,LT_100,73,73,59,0.808219,1.267671,0.021233,4,-5.8,0,0,SMALL_SAMPLE,SMALL_SAMPLE_NO_EDGE_CLAIM
1X2,E0,2024/25,1_50_1_74,NOT_AH,NOT_FT_OVER25,AWAY,LT_100,25,25,13,0.52,1.6288,-0.1604,5,-5.99,0,0,SMALL_SAMPLE,SMALL_SAMPLE_NO_EDGE_CLAIM
1X2,E0,2024/25,1_50_1_74,NOT_AH,NOT_FT_OVER25,HOME,LT_100,49,49,24,0.489796,1.621837,-0.20449,8,-13.3,0,0,SMALL_SAMPLE,SMALL_SAMPLE_NO_EDGE_CLAIM
1X2,E0,2024/25,1_75_1_99,NOT_AH,NOT_FT_OVER25,AWAY,LT_100,31,31,18,0.580645,1.871935,0.092903,5,-6.34,0,0,SMALL_SAMPLE,SMALL_SAMPLE_NO_EDGE_CLAIM
1X2,E0,2024/25,1_75_1_99,NOT_AH,NOT_FT_OVER25,HOME,LT_100,43,43,22,0.511628,1.865581,-0.046744,3,-5.54,0,0,SMALL_SAMPLE,SMALL_SAMPLE_NO_EDGE_CLAIM
1X2,E0,2024/25,2_00_2_49,NOT_AH,NOT_FT_OVER25,AWAY,LT_100,45,45,22,0.488889,2.230889,0.086222,5,-6.85,0,0,SMALL_SAMPLE,SMALL_SAMPLE_NO_EDGE_CLAIM
1X2,E0,2024/25,2_00_2_49,NOT_AH,NOT_FT_OVER25,HOME,LT_100,59,59,25,0.423729,2.217966,-0.068136,5,-11.85,0,0,SMALL_SAMPLE,SMALL_SAMPLE_NO_EDGE_CLAIM
1X2,E0,2024/25,2_50_3_49,NOT_AH,NOT_FT_OVER25,AWAY,LT_100,81,81,27,0.333333,2.91963,-0.041358,8,-9.53,0,0,SMALL_SAMPLE,SMALL_SAMPLE_NO_EDGE_CLAIM
1X2,E0,2024/25,2_50_3_49,NOT_AH,NOT_FT_OVER25,DRAW,LT_100,64,64,18,0.28125,3.314062,-0.067187,11,-16.4,0,0,SMALL_SAMPLE,SMALL_SAMPLE_NO_EDGE_CLAIM
1X2,E0,2024/25,2_50_3_49,NOT_AH,NOT_FT_OVER25,HOME,LT_100,69,69,21,0.304348,2.871739,-0.150435,10,-14.75,0,0,SMALL_SAMPLE,SMALL_SAMPLE_NO_EDGE_CLAIM
1X2,E0,2024/25,3_50_4_99,NOT_AH,NOT_FT_OVER25,AWAY,LT_100,65,65,16,0.246154,4.050769,0.003538,14,-19.5,0,0,SMALL_SAMPLE,SMALL_SAMPLE_NO_EDGE_CLAIM
1X2,E0,2024/25,3_50_4_99,NOT_AH,NOT_FT_OVER25,DRAW,100_299,240,240,64,0.266667,3.94275,0.056292,11,-22.56,0,0,LOW_CONFIDENCE,LOW_CONFIDENCE_RESEARCH_ONLY
1X2,E0,2024/25,3_50_4_99,NOT_AH,NOT_FT_OVER25,HOME,LT_100,45,45,9,0.2,4.001333,-0.184889,11,-15.87,0,0,SMALL_SAMPLE,SMALL_SAMPLE_NO_EDGE_CLAIM
1X2,E0,2024/25,GE_5_00,NOT_AH,NOT_FT_OVER25,AWAY,100_299,110,110,16,0.145455,8.288636,-0.002273,18,-22.5,0,0,LOW_CONFIDENCE,LOW_CONFIDENCE_RESEARCH_ONLY
1X2,E0,2024/25,GE_5_00,NOT_AH,NOT_FT_OVER25,DRAW,LT_100,76,76,11,0.144737,6.269737,-0.138158,18,-26.0,0,0,SMALL_SAMPLE,SMALL_SAMPLE_NO_EDGE_CLAIM
1X2,E0,2024/25,GE_5_00,NOT_AH,NOT_FT_OVER25,HOME,LT_100,40,40,2,0.05,6.9375,-0.68125,23,-27.25,0,0,SMALL_SAMPLE,SMALL_SAMPLE_NO_EDGE_CLAIM
1X2,E0,2024/25,LT_1_50,NOT_AH,NOT_FT_OVER25,AWAY,LT_100,23,23,20,0.869565,1.368261,0.192174,1,-1.0,0,0,SMALL_SAMPLE,SMALL_SAMPLE_NO_EDGE_CLAIM
1X2,E0,2024/25,LT_1_50,NOT_AH,NOT_FT_OVER25,HOME,LT_100,75,75,52,0.693333,1.311733,-0.1032,3,-8.94,0,0,SMALL_SAMPLE,SMALL_SAMPLE_NO_EDGE_CLAIM
1X2,F1,2020/21,1_50_1_74,NOT_AH,NOT_FT_OVER25,AWAY,LT_100,18,18,9,0.5,1.638889,-0.188333,3,-3.39,0,0,SMALL_SAMPLE,SMALL_SAMPLE_NO_EDGE_CLAIM
1X2,F1,2020/21,1_50_1_74,NOT_AH,NOT_FT_OVER25,HOME,LT_100,34,34,18,0.529412,1.613235,-0.143824,3,-6.62,0,0,SMALL_SAMPLE,SMALL_SAMPLE_NO_EDGE_CLAIM
1X2,F1,2020/21,1_75_1_99,NOT_AH,NOT_FT_OVER25,AWAY,LT_100,19,19,12,0.631579,1.84,0.159474,2,-2.4,0,0,SMALL_SAMPLE,SMALL_SAMPLE_NO_EDGE_CLAIM
1X2,F1,2020/21,1_75_1_99,NOT_AH,NOT_FT_OVER25,HOME,LT_100,44,44,23,0.522727,1.841364,-0.038182,8,-8.0,0,0,SMALL_SAMPLE,SMALL_SAMPLE_NO_EDGE_CLAIM
1X2,F1,2020/21,2_00_2_49,NOT_AH,NOT_FT_OVER25,AWAY,LT_100,48,48,23,0.479167,2.201667,0.065417,5,-6.23,0,0,SMALL_SAMPLE,SMALL_SAMPLE_NO_EDGE_CLAIM
1X2,F1,2020/21,2_00_2_49,NOT_AH,NOT_FT_OVER25,DRAW,LT_100,1,1,1,1.0,2.0,1.0,0,0.0,0,0,SMALL_SAMPLE,SMALL_SAMPLE_NO_EDGE_CLAIM
1X2,F1,2020/21,2_00_2_49,NOT_AH,NOT_FT_OVER25,HOME,LT_100,91,91,36,0.395604,2.208571,-0.133956,7,-22.21,0,0,SMALL_SAMPLE,SMALL_SAMPLE_NO_EDGE_CLAIM
1X2,F1,2020/21,2_50_3_49,NOT_AH,NOT_FT_OVER25,AWAY,100_299,102,102,37,0.362745,2.931863,0.044902,9,-12.05,0,0,LOW_CONFIDENCE,LOW_CONFIDENCE_RESEARCH_ONLY
1X2,F1,2020/21,2_50_3_49,NOT_AH,NOT_FT_OVER25,DRAW,100_299,168,168,50,0.297619,3.244464,-0.035,18,-20.95,0,0,LOW_CONFIDENCE,LOW_CONFIDENCE_RESEARCH_ONLY
1X2,F1,2020/21,2_50_3_49,NOT_AH,NOT_FT_OVER25,HOME,LT_100,80,80,22,0.275,2.86375,-0.213,9,-17.24,0,0,SMALL_SAMPLE,SMALL_SAMPLE_NO_EDGE_CLAIM
1X2,F1,2020/21,3_50_4_99,NOT_AH,NOT_FT_OVER25,AWAY,LT_100,83,83,21,0.253012,4.036265,-0.017108,14,-14.0,0,0,SMALL_SAMPLE,SMALL_SAMPLE_NO_EDGE_CLAIM
1X2,F1,2020/21,3_50_4_99,NOT_AH,NOT_FT_OVER25,DRAW,100_299,165,165,39,0.236364,3.897273,-0.092121,17,-26.75,0,0,LOW_CONFIDENCE,LOW_CONFIDENCE_RESEARCH_ONLY
1X2,F1,2020/21,3_50_4_99,NOT_AH,NOT_FT_OVER25,HOME,LT_100,42,42,7,0.166667,4.03881,-0.294048,18,-19.3,0,0,SMALL_SAMPLE,SMALL_SAMPLE_NO_EDGE_CLAIM
1X2,F1,2020/21,GE_5_00,NOT_AH,NOT_FT_OVER25,AWAY,LT_100,81,81,18,0.222222,8.58642,0.608025,10,-13.0,0,0,SMALL_SAMPLE,SMALL_SAMPLE_NO_EDGE_CLAIM
1X2,F1,2020/21,GE_5_00,NOT_AH,NOT_FT_OVER25,DRAW,LT_100,45,45,4,0.088889,6.45,-0.416667,27,-27.0,0,0,SMALL_SAMPLE,SMALL_SAMPLE_NO_EDGE_CLAIM
1X2,F1,2020/21,GE_5_00,NOT_AH,NOT_FT_OVER25,HOME,LT_100,40,40,2,0.05,7.76875,-0.525,22,-22.0,0,0,SMALL_SAMPLE,SMALL_SAMPLE_NO_EDGE_CLAIM
1X2,F1,2020/21,LT_1_50,NOT_AH,NOT_FT_OVER25,AWAY,LT_100,28,28,23,0.821429,1.351071,0.110357,1,-1.0,0,0,SMALL_SAMPLE,SMALL_SAMPLE_NO_EDGE_CLAIM
1X2,F1,2020/21,LT_1_50,NOT_AH,NOT_FT_OVER25,HOME,LT_100,48,48,34,0.708333,1.298542,-0.082292,2,-4.61,0,0,SMALL_SAMPLE,SMALL_SAMPLE_NO_EDGE_CLAIM
1X2,F1,2020/21,PRICE_MISSING,NOT_AH,NOT_FT_OVER25,AWAY,LT_100,1,1,0,0.0,,,0,0.0,1,0,SMALL_SAMPLE,SMALL_SAMPLE_NO_EDGE_CLAIM
1X2,F1,2020/21,PRICE_MISSING,NOT_AH,NOT_FT_OVER25,DRAW,LT_100,1,1,1,1.0,,,0,0.0,1,0,SMALL_SAMPLE,SMALL_SAMPLE_NO_EDGE_CLAIM
1X2,F1,2020/21,PRICE_MISSING,NOT_AH,NOT_FT_OVER25,HOME,LT_100,1,1,0,0.0,,,0,0.0,1,0,SMALL_SAMPLE,SMALL_SAMPLE_NO_EDGE_CLAIM
1X2,F1,2021/22,1_50_1_74,NOT_AH,NOT_FT_OVER25,AWAY,LT_100,22,22,12,0.545455,1.649545,-0.091818,3,-3.73,0,0,SMALL_SAMPLE,SMALL_SAMPLE_NO_EDGE_CLAIM
1X2,F1,2021/22,1_50_1_74,NOT_AH,NOT_FT_OVER25,HOME,LT_100,44,44,24,0.545455,1.601591,-0.141136,4,-6.58,0,0,SMALL_SAMPLE,SMALL_SAMPLE_NO_EDGE_CLAIM
1X2,F1,2021/22,1_75_1_99,NOT_AH,NOT_FT_OVER25,AWAY,LT_100,30,30,14,0.466667,1.856667,-0.131667,4,-9.15,0,0,SMALL_SAMPLE,SMALL_SAMPLE_NO_EDGE_CLAIM
1X2,F1,2021/22,1_75_1_99,NOT_AH,NOT_FT_OVER25,HOME,LT_100,45,45,27,0.6,1.857556,0.119111,3,-3.5,0,0,SMALL_SAMPLE,SMALL_SAMPLE_NO_EDGE_CLAIM
1X2,F1,2021/22,2_00_2_49,NOT_AH,NOT_FT_OVER25,AWAY,LT_100,45,45,18,0.4,2.224667,-0.115111,5,-8.63,0,0,SMALL_SAMPLE,SMALL_SAMPLE_NO_EDGE_CLAIM
1X2,F1,2021/22,2_00_2_49,NOT_AH,NOT_FT_OVER25,HOME,LT_100,92,92,33,0.358696,2.204239,-0.213152,8,-21.58,0,0,SMALL_SAMPLE,SMALL_SAMPLE_NO_EDGE_CLAIM
1X2,F1,2021/22,2_50_3_49,NOT_AH,NOT_FT_OVER25,AWAY,LT_100,84,84,26,0.309524,2.959881,-0.074881,10,-15.18,0,0,SMALL_SAMPLE,SMALL_SAMPLE_NO_EDGE_CLAIM
1X2,F1,2021/22,2_50_3_49,NOT_AH,NOT_FT_OVER25,DRAW,100_299,139,139,50,0.359712,3.266835,0.18036,14,-16.58,0,0,LOW_CONFIDENCE,LOW_CONFIDENCE_RESEARCH_ONLY
1X2,F1,2021/22,2_50_3_49,NOT_AH,NOT_FT_OVER25,HOME,LT_100,68,68,21,0.308824,2.927353,-0.125588,9,-13.96,0,0,SMALL_SAMPLE,SMALL_SAMPLE_NO_EDGE_CLAIM
1X2,F1,2021/22,3_50_4_99,NOT_AH,NOT_FT_OVER25,AWAY,LT_100,92,92,28,0.304348,4.002391,0.230761,9,-12.5,0,0,SMALL_SAMPLE,SMALL_SAMPLE_NO_EDGE_CLAIM
1X2,F1,2021/22,3_50_4_99,NOT_AH,NOT_FT_OVER25,DRAW,100_299,195,195,45,0.230769,3.898154,-0.099949,26,-42.92,0,0,LOW_CONFIDENCE,LOW_CONFIDENCE_RESEARCH_ONLY
1X2,F1,2021/22,3_50_4_99,NOT_AH,NOT_FT_OVER25,HOME,LT_100,47,47,12,0.255319,4.072979,0.041277,10,-10.0,0,0,SMALL_SAMPLE,SMALL_SAMPLE_NO_EDGE_CLAIM
1X2,F1,2021/22,GE_5_00,NOT_AH,NOT_FT_OVER25,AWAY,LT_100,95,95,9,0.094737,7.844737,-0.378947,30,-36.0,0,0,SMALL_SAMPLE,SMALL_SAMPLE_NO_EDGE_CLAIM
1X2,F1,2021/22,GE_5_00,NOT_AH,NOT_FT_OVER25,DRAW,LT_100,46,46,7,0.152174,6.130435,-0.11413,11,-13.75,0,0,SMALL_SAMPLE,SMALL_SAMPLE_NO_EDGE_CLAIM
1X2,F1,2021/22,GE_5_00,NOT_AH,NOT_FT_OVER25,HOME,LT_100,26,26,4,0.153846,7.211538,0.115385,10,-10.5,0,0,SMALL_SAMPLE,SMALL_SAMPLE_NO_EDGE_CLAIM
1X2,F1,2021/22,LT_1_50,NOT_AH,NOT_FT_OVER25,AWAY,LT_100,12,12,9,0.75,1.2925,-0.040833,1,-1.8,0,0,SMALL_SAMPLE,SMALL_SAMPLE_NO_EDGE_CLAIM
1X2,F1,2021/22,LT_1_50,NOT_AH,NOT_FT_OVER25,HOME,LT_100,58,58,41,0.706897,1.341207,-0.061552,2,-6.66,0,0,SMALL_SAMPLE,SMALL_SAMPLE_NO_EDGE_CLAIM
1X2,F1,2022/23,1_50_1_74,NOT_AH,NOT_FT_OVER25,AWAY,LT_100,22,22,16,0.727273,1.608636,0.180909,3,-3.0,0,0,SMALL_SAMPLE,SMALL_SAMPLE_NO_EDGE_CLAIM
1X2,F1,2022/23,1_50_1_74,NOT_AH,NOT_FT_OVER25,HOME,LT_100,55,55,33,0.6,1.593455,-0.043455,4,-9.3,0,0,SMALL_SAMPLE,SMALL_SAMPLE_NO_EDGE_CLAIM
1X2,F1,2022/23,1_75_1_99,NOT_AH,NOT_FT_OVER25,AWAY,LT_100,28,28,12,0.428571,1.855357,-0.21,4,-5.88,0,0,SMALL_SAMPLE,SMALL_SAMPLE_NO_EDGE_CLAIM
1X2,F1,2022/23,1_75_1_99,NOT_AH,NOT_FT_OVER25,HOME,LT_100,37,37,20,0.540541,1.86,0.001892,5,-5.0,0,0,SMALL_SAMPLE,SMALL_SAMPLE_NO_EDGE_CLAIM
1X2,F1,2022/23,2_00_2_49,NOT_AH,NOT_FT_OVER25,AWAY,LT_100,47,47,22,0.468085,2.224468,0.052128,5,-5.0,0,0,SMALL_SAMPLE,SMALL_SAMPLE_NO_EDGE_CLAIM
1X2,F1,2022/23,2_00_2_49,NOT_AH,NOT_FT_OVER25,HOME,LT_100,85,85,39,0.458824,2.225412,0.024118,6,-11.5,0,0,SMALL_SAMPLE,SMALL_SAMPLE_NO_EDGE_CLAIM
1X2,F1,2022/23,2_50_3_49,NOT_AH,NOT_FT_OVER25,AWAY,LT_100,93,93,31,0.333333,2.925914,-0.025591,6,-13.23,0,0,SMALL_SAMPLE,SMALL_SAMPLE_NO_EDGE_CLAIM
1X2,F1,2022/23,2_50_3_49,NOT_AH,NOT_FT_OVER25,DRAW,100_299,121,121,34,0.280992,3.26719,-0.079752,11,-20.65,0,0,LOW_CONFIDENCE,LOW_CONFIDENCE_RESEARCH_ONLY
1X2,F1,2022/23,2_50_3_49,NOT_AH,NOT_FT_OVER25,HOME,LT_100,69,69,18,0.26087,2.889565,-0.25,9,-23.55,0,0,SMALL_SAMPLE,SMALL_SAMPLE_NO_EDGE_CLAIM
1X2,F1,2022/23,3_50_4_99,NOT_AH,NOT_FT_OVER25,AWAY,LT_100,74,74,15,0.202703,4.029865,-0.22027,11,-27.1,0,0,SMALL_SAMPLE,SMALL_SAMPLE_NO_EDGE_CLAIM
1X2,F1,2022/23,3_50_4_99,NOT_AH,NOT_FT_OVER25,DRAW,100_299,196,196,50,0.255102,3.874031,-0.01852,12,-17.15,0,0,LOW_CONFIDENCE,LOW_CONFIDENCE_RESEARCH_ONLY
1X2,F1,2022/23,3_50_4_99,NOT_AH,NOT_FT_OVER25,HOME,LT_100,43,43,9,0.209302,3.941163,-0.2,12,-16.1,0,0,SMALL_SAMPLE,SMALL_SAMPLE_NO_EDGE_CLAIM
1X2,F1,2022/23,GE_5_00,NOT_AH,NOT_FT_OVER25,AWAY,LT_100,99,99,17,0.171717,8.267677,0.128788,14,-19.75,0,0,SMALL_SAMPLE,SMALL_SAMPLE_NO_EDGE_CLAIM
1X2,F1,2022/23,GE_5_00,NOT_AH,NOT_FT_OVER25,DRAW,LT_100,63,63,8,0.126984,6.488095,-0.230159,22,-28.5,0,0,SMALL_SAMPLE,SMALL_SAMPLE_NO_EDGE_CLAIM
1X2,F1,2022/23,GE_5_00,NOT_AH,NOT_FT_OVER25,HOME,LT_100,38,38,3,0.078947,7.256579,-0.493421,13,-22.25,0,0,SMALL_SAMPLE,SMALL_SAMPLE_NO_EDGE_CLAIM
1X2,F1,2022/23,LT_1_50,NOT_AH,NOT_FT_OVER25,AWAY,LT_100,17,17,12,0.705882,1.301765,-0.094706,1,-2.64,0,0,SMALL_SAMPLE,SMALL_SAMPLE_NO_EDGE_CLAIM
1X2,F1,2022/23,LT_1_50,NOT_AH,NOT_FT_OVER25,HOME,LT_100,53,53,41,0.773585,1.296981,-0.002075,3,-4.0,0,0,SMALL_SAMPLE,SMALL_SAMPLE_NO_EDGE_CLAIM
1X2,F1,2023/24,1_50_1_74,NOT_AH,NOT_FT_OVER25,AWAY,LT_100,18,18,12,0.666667,1.638333,0.086111,3,-3.35,0,0,SMALL_SAMPLE,SMALL_SAMPLE_NO_EDGE_CLAIM
1X2,F1,2023/24,1_50_1_74,NOT_AH,NOT_FT_OVER25,HOME,LT_100,49,49,30,0.612245,1.604082,-0.021837,4,-5.55,0,0,SMALL_SAMPLE,SMALL_SAMPLE_NO_EDGE_CLAIM
1X2,F1,2023/24,1_75_1_99,NOT_AH,NOT_FT_OVER25,AWAY,LT_100,23,23,10,0.434783,1.866957,-0.186087,7,-7.44,0,0,SMALL_SAMPLE,SMALL_SAMPLE_NO_EDGE_CLAIM
1X2,F1,2023/24,1_75_1_99,NOT_AH,NOT_FT_OVER25,HOME,LT_100,47,47,22,0.468085,1.860851,-0.137447,4,-10.1,0,0,SMALL_SAMPLE,SMALL_SAMPLE_NO_EDGE_CLAIM
1X2,F1,2023/24,2_00_2_49,NOT_AH,NOT_FT_OVER25,AWAY,LT_100,47,47,24,0.510638,2.206383,0.133404,4,-4.0,0,0,SMALL_SAMPLE,SMALL_SAMPLE_NO_EDGE_CLAIM
1X2,F1,2023/24,2_00_2_49,NOT_AH,NOT_FT_OVER25,HOME,LT_100,58,58,25,0.431034,2.228966,-0.021379,5,-8.75,0,0,SMALL_SAMPLE,SMALL_SAMPLE_NO_EDGE_CLAIM
1X2,F1,2023/24,2_50_3_49,NOT_AH,NOT_FT_OVER25,AWAY,LT_100,68,68,25,0.367647,2.923824,0.063382,5,-9.6,0,0,SMALL_SAMPLE,SMALL_SAMPLE_NO_EDGE_CLAIM
1X2,F1,2023/24,2_50_3_49,NOT_AH,NOT_FT_OVER25,DRAW,100_299,102,102,22,0.215686,3.269608,-0.296569,13,-31.8,0,0,LOW_CONFIDENCE,LOW_CONFIDENCE_RESEARCH_ONLY
1X2,F1,2023/24,2_50_3_49,NOT_AH,NOT_FT_OVER25,HOME,LT_100,57,57,15,0.263158,2.928596,-0.222281,7,-16.72,0,0,SMALL_SAMPLE,SMALL_SAMPLE_NO_EDGE_CLAIM
1X2,F1,2023/24,3_50_4_99,NOT_AH,NOT_FT_OVER25,AWAY,LT_100,73,73,24,0.328767,4.08,0.330822,8,-8.0,0,0,SMALL_SAMPLE,SMALL_SAMPLE_NO_EDGE_CLAIM
1X2,F1,2023/24,3_50_4_99,NOT_AH,NOT_FT_OVER25,DRAW,100_299,184,184,51,0.277174,3.902989,0.06663,11,-23.3,0,0,LOW_CONFIDENCE,LOW_CONFIDENCE_RESEARCH_ONLY|HIGH_DRAWDOWN_RISK
1X2,F1,2023/24,3_50_4_99,NOT_AH,NOT_FT_OVER25,HOME,LT_100,47,47,9,0.191489,3.986809,-0.259574,7,-15.7,0,0,SMALL_SAMPLE,SMALL_SAMPLE_NO_EDGE_CLAIM
1X2,F1,2023/24,GE_5_00,NOT_AH,NOT_FT_OVER25,AWAY,LT_100,72,72,6,0.083333,6.836806,-0.503472,34,-37.75,0,0,SMALL_SAMPLE,SMALL_SAMPLE_NO_EDGE_CLAIM
1X2,F1,2023/24,GE_5_00,NOT_AH,NOT_FT_OVER25,DRAW,LT_100,20,20,8,0.4,5.7,1.15,8,-8.0,0,0,SMALL_SAMPLE,SMALL_SAMPLE_NO_EDGE_CLAIM
1X2,F1,2023/24,GE_5_00,NOT_AH,NOT_FT_OVER25,HOME,LT_100,17,17,1,0.058824,5.911765,-0.617647,12,-12.0,0,0,SMALL_SAMPLE,SMALL_SAMPLE_NO_EDGE_CLAIM
1X2,F1,2023/24,LT_1_50,NOT_AH,NOT_FT_OVER25,AWAY,LT_100,5,5,4,0.8,1.42,0.14,1,-1.0,0,0,SMALL_SAMPLE,SMALL_SAMPLE_NO_EDGE_CLAIM
1X2,F1,2023/24,LT_1_50,NOT_AH,NOT_FT_OVER25,HOME,LT_100,31,31,18,0.580645,1.367419,-0.215484,5,-8.5,0,0,SMALL_SAMPLE,SMALL_SAMPLE_NO_EDGE_CLAIM
1X2,F1,2024/25,1_50_1_74,NOT_AH,NOT_FT_OVER25,AWAY,LT_100,24,24,16,0.666667,1.610833,0.066667,3,-3.0,0,0,SMALL_SAMPLE,SMALL_SAMPLE_NO_EDGE_CLAIM
1X2,F1,2024/25,1_50_1_74,NOT_AH,NOT_FT_OVER25,HOME,LT_100,41,41,27,0.658537,1.594634,0.053415,3,-3.05,0,0,SMALL_SAMPLE,SMALL_SAMPLE_NO_EDGE_CLAIM
1X2,F1,2024/25,1_75_1_99,NOT_AH,NOT_FT_OVER25,AWAY,LT_100,17,17,9,0.529412,1.837647,-0.021176,2,-4.45,0,0,SMALL_SAMPLE,SMALL_SAMPLE_NO_EDGE_CLAIM
1X2,F1,2024/25,1_75_1_99,NOT_AH,NOT_FT_OVER25,HOME,LT_100,35,35,20,0.571429,1.864571,0.058571,4,-5.38,0,0,SMALL_SAMPLE,SMALL_SAMPLE_NO_EDGE_CLAIM
1X2,F1,2024/25,2_00_2_49,NOT_AH,NOT_FT_OVER25,AWAY,LT_100,52,52,24,0.461538,2.239808,0.029038,4,-7.52,0,0,SMALL_SAMPLE,SMALL_SAMPLE_NO_EDGE_CLAIM
1X2,F1,2024/25,2_00_2_49,NOT_AH,NOT_FT_OVER25,HOME,LT_100,51,51,19,0.372549,2.213529,-0.177843,5,-9.07,0,0,SMALL_SAMPLE,SMALL_SAMPLE_NO_EDGE_CLAIM
1X2,F1,2024/25,2_50_3_49,NOT_AH,NOT_FT_OVER25,AWAY,LT_100,57,57,18,0.315789,2.928421,-0.070526,7,-12.3,0,0,SMALL_SAMPLE,SMALL_SAMPLE_NO_EDGE_CLAIM
1X2,F1,2024/25,2_50_3_49,NOT_AH,NOT_FT_OVER25,DRAW,LT_100,94,94,23,0.244681,3.295745,-0.193617,12,-22.95,0,0,SMALL_SAMPLE,SMALL_SAMPLE_NO_EDGE_CLAIM
1X2,F1,2024/25,2_50_3_49,NOT_AH,NOT_FT_OVER25,HOME,LT_100,60,60,24,0.4,2.958333,0.188333,9,-10.22,0,0,SMALL_SAMPLE,SMALL_SAMPLE_NO_EDGE_CLAIM
1X2,F1,2024/25,3_50_4_99,NOT_AH,NOT_FT_OVER25,AWAY,LT_100,56,56,14,0.25,4.069107,-0.004286,13,-13.0,0,0,SMALL_SAMPLE,SMALL_SAMPLE_NO_EDGE_CLAIM
1X2,F1,2024/25,3_50_4_99,NOT_AH,NOT_FT_OVER25,DRAW,100_299,159,159,30,0.188679,3.912453,-0.274403,26,-47.79,0,0,LOW_CONFIDENCE,LOW_CONFIDENCE_RESEARCH_ONLY
1X2,F1,2024/25,3_50_4_99,NOT_AH,NOT_FT_OVER25,HOME,LT_100,36,36,9,0.25,4.066111,0.029444,8,-14.1,0,0,SMALL_SAMPLE,SMALL_SAMPLE_NO_EDGE_CLAIM
1X2,F1,2024/25,GE_5_00,NOT_AH,NOT_FT_OVER25,AWAY,LT_100,88,88,12,0.136364,7.71875,-0.0625,22,-27.5,0,0,SMALL_SAMPLE,SMALL_SAMPLE_NO_EDGE_CLAIM
1X2,F1,2024/25,GE_5_00,NOT_AH,NOT_FT_OVER25,DRAW,LT_100,53,53,9,0.169811,5.943396,0.014151,18,-19.25,0,0,SMALL_SAMPLE,SMALL_SAMPLE_NO_EDGE_CLAIM
1X2,F1,2024/25,GE_5_00,NOT_AH,NOT_FT_OVER25,HOME,LT_100,30,30,4,0.133333,6.408333,-0.308333,9,-11.5,0,0,SMALL_SAMPLE,SMALL_SAMPLE_NO_EDGE_CLAIM
1X2,F1,2024/25,LT_1_50,NOT_AH,NOT_FT_OVER25,AWAY,LT_100,12,12,8,0.666667,1.366667,-0.085833,2,-2.75,0,0,SMALL_SAMPLE,SMALL_SAMPLE_NO_EDGE_CLAIM
1X2,F1,2024/25,LT_1_50,NOT_AH,NOT_FT_OVER25,HOME,LT_100,53,53,40,0.754717,1.32717,-0.004528,3,-4.58,0,0,SMALL_SAMPLE,SMALL_SAMPLE_NO_EDGE_CLAIM
1X2,I1,2020/21,1_50_1_74,NOT_AH,NOT_FT_OVER25,AWAY,LT_100,36,36,23,0.638889,1.596389,0.028056,4,-4.99,0,0,SMALL_SAMPLE,SMALL_SAMPLE_NO_EDGE_CLAIM
1X2,I1,2020/21,1_50_1_74,NOT_AH,NOT_FT_OVER25,HOME,LT_100,42,42,28,0.666667,1.615,0.072143,3,-6.23,0,0,SMALL_SAMPLE,SMALL_SAMPLE_NO_EDGE_CLAIM
1X2,I1,2020/21,1_75_1_99,NOT_AH,NOT_FT_OVER25,AWAY,LT_100,25,25,16,0.64,1.8556,0.1984,2,-2.1,0,0,SMALL_SAMPLE,SMALL_SAMPLE_NO_EDGE_CLAIM
1X2,I1,2020/21,1_75_1_99,NOT_AH,NOT_FT_OVER25,HOME,LT_100,33,33,17,0.515152,1.848485,-0.038182,4,-4.15,0,0,SMALL_SAMPLE,SMALL_SAMPLE_NO_EDGE_CLAIM
1X2,I1,2020/21,2_00_2_49,NOT_AH,NOT_FT_OVER25,AWAY,LT_100,51,51,19,0.372549,2.24,-0.170784,6,-11.78,0,0,SMALL_SAMPLE,SMALL_SAMPLE_NO_EDGE_CLAIM
1X2,I1,2020/21,2_00_2_49,NOT_AH,NOT_FT_OVER25,HOME,LT_100,63,63,25,0.396825,2.227143,-0.113175,6,-11.75,0,0,SMALL_SAMPLE,SMALL_SAMPLE_NO_EDGE_CLAIM
1X2,I1,2020/21,2_50_3_49,NOT_AH,NOT_FT_OVER25,AWAY,LT_100,84,84,23,0.27381,2.949524,-0.204286,8,-21.68,0,0,SMALL_SAMPLE,SMALL_SAMPLE_NO_EDGE_CLAIM
1X2,I1,2020/21,2_50_3_49,NOT_AH,NOT_FT_OVER25,DRAW,LT_100,83,83,26,0.313253,3.271928,0.012289,7,-10.13,0,0,SMALL_SAMPLE,SMALL_SAMPLE_NO_EDGE_CLAIM
1X2,I1,2020/21,2_50_3_49,NOT_AH,NOT_FT_OVER25,HOME,LT_100,72,72,24,0.333333,2.901667,-0.037917,7,-10.47,0,0,SMALL_SAMPLE,SMALL_SAMPLE_NO_EDGE_CLAIM
1X2,I1,2020/21,3_50_4_99,NOT_AH,NOT_FT_OVER25,AWAY,LT_100,57,57,13,0.22807,4.130175,-0.065614,12,-21.12,0,0,SMALL_SAMPLE,SMALL_SAMPLE_NO_EDGE_CLAIM
1X2,I1,2020/21,3_50_4_99,NOT_AH,NOT_FT_OVER25,DRAW,100_299,225,225,59,0.262222,3.9732,0.027556,16,-33.19,0,0,LOW_CONFIDENCE,LOW_CONFIDENCE_RESEARCH_ONLY|HIGH_DRAWDOWN_RISK
1X2,I1,2020/21,3_50_4_99,NOT_AH,NOT_FT_OVER25,HOME,LT_100,46,46,7,0.152174,4.029783,-0.400435,14,-20.17,0,0,SMALL_SAMPLE,SMALL_SAMPLE_NO_EDGE_CLAIM
1X2,I1,2020/21,GE_5_00,NOT_AH,NOT_FT_OVER25,AWAY,LT_100,95,95,9,0.094737,8.473684,-0.263158,28,-38.0,0,0,SMALL_SAMPLE,SMALL_SAMPLE_NO_EDGE_CLAIM
1X2,I1,2020/21,GE_5_00,NOT_AH,NOT_FT_OVER25,DRAW,LT_100,72,72,12,0.166667,5.961806,-0.059028,21,-25.5,0,0,SMALL_SAMPLE,SMALL_SAMPLE_NO_EDGE_CLAIM
1X2,I1,2020/21,GE_5_00,NOT_AH,NOT_FT_OVER25,HOME,LT_100,57,57,3,0.052632,7.162281,-0.675439,25,-38.5,0,0,SMALL_SAMPLE,SMALL_SAMPLE_NO_EDGE_CLAIM
1X2,I1,2020/21,LT_1_50,NOT_AH,NOT_FT_OVER25,AWAY,LT_100,32,32,25,0.78125,1.355312,0.050313,2,-2.38,0,0,SMALL_SAMPLE,SMALL_SAMPLE_NO_EDGE_CLAIM
1X2,I1,2020/21,LT_1_50,NOT_AH,NOT_FT_OVER25,HOME,LT_100,67,67,51,0.761194,1.309403,-0.006418,4,-5.97,0,0,SMALL_SAMPLE,SMALL_SAMPLE_NO_EDGE_CLAIM
1X2,I1,2021/22,1_50_1_74,NOT_AH,NOT_FT_OVER25,AWAY,LT_100,28,28,20,0.714286,1.615714,0.16,1,-1.5,0,0,SMALL_SAMPLE,SMALL_SAMPLE_NO_EDGE_CLAIM
1X2,I1,2021/22,1_50_1_74,NOT_AH,NOT_FT_OVER25,HOME,LT_100,54,54,30,0.555556,1.615,-0.103704,3,-10.87,0,0,SMALL_SAMPLE,SMALL_SAMPLE_NO_EDGE_CLAIM
1X2,I1,2021/22,1_75_1_99,NOT_AH,NOT_FT_OVER25,AWAY,LT_100,25,25,16,0.64,1.8532,0.1888,3,-3.22,0,0,SMALL_SAMPLE,SMALL_SAMPLE_NO_EDGE_CLAIM
1X2,I1,2021/22,1_75_1_99,NOT_AH,NOT_FT_OVER25,HOME,LT_100,40,40,16,0.4,1.83175,-0.26975,6,-11.92,0,0,SMALL_SAMPLE,SMALL_SAMPLE_NO_EDGE_CLAIM
1X2,I1,2021/22,2_00_2_49,NOT_AH,NOT_FT_OVER25,AWAY,LT_100,59,59,26,0.440678,2.225593,-0.04322,8,-12.55,0,0,SMALL_SAMPLE,SMALL_SAMPLE_NO_EDGE_CLAIM
1X2,I1,2021/22,2_00_2_49,NOT_AH,NOT_FT_OVER25,HOME,LT_100,50,50,19,0.38,2.1808,-0.1606,8,-9.48,0,0,SMALL_SAMPLE,SMALL_SAMPLE_NO_EDGE_CLAIM
1X2,I1,2021/22,2_50_3_49,NOT_AH,NOT_FT_OVER25,AWAY,LT_100,62,62,19,0.306452,2.874516,-0.14,7,-14.58,0,0,SMALL_SAMPLE,SMALL_SAMPLE_NO_EDGE_CLAIM
1X2,I1,2021/22,2_50_3_49,NOT_AH,NOT_FT_OVER25,DRAW,LT_100,86,86,24,0.27907,3.305233,-0.086047,14,-21.7,0,0,SMALL_SAMPLE,SMALL_SAMPLE_NO_EDGE_CLAIM
1X2,I1,2021/22,2_50_3_49,NOT_AH,NOT_FT_OVER25,HOME,LT_100,75,75,24,0.32,2.9224,-0.085867,11,-13.76,0,0,SMALL_SAMPLE,SMALL_SAMPLE_NO_EDGE_CLAIM
1X2,I1,2021/22,3_50_4_99,NOT_AH,NOT_FT_OVER25,AWAY,LT_100,69,69,17,0.246377,4.125072,-0.013623,8,-10.37,0,0,SMALL_SAMPLE,SMALL_SAMPLE_NO_EDGE_CLAIM
1X2,I1,2021/22,3_50_4_99,NOT_AH,NOT_FT_OVER25,DRAW,100_299,223,223,64,0.286996,3.887444,0.096323,8,-16.7,0,0,LOW_CONFIDENCE,LOW_CONFIDENCE_RESEARCH_ONLY
1X2,I1,2021/22,3_50_4_99,NOT_AH,NOT_FT_OVER25,HOME,LT_100,47,47,7,0.148936,4.009362,-0.405319,21,-24.55,0,0,SMALL_SAMPLE,SMALL_SAMPLE_NO_EDGE_CLAIM
1X2,I1,2021/22,GE_5_00,NOT_AH,NOT_FT_OVER25,AWAY,100_299,115,115,19,0.165217,8.297826,0.234783,21,-21.0,0,0,LOW_CONFIDENCE,LOW_CONFIDENCE_RESEARCH_ONLY|HIGH_DRAWDOWN_RISK
1X2,I1,2021/22,GE_5_00,NOT_AH,NOT_FT_OVER25,DRAW,LT_100,71,71,10,0.140845,5.950704,-0.228873,26,-32.75,0,0,SMALL_SAMPLE,SMALL_SAMPLE_NO_EDGE_CLAIM
1X2,I1,2021/22,GE_5_00,NOT_AH,NOT_FT_OVER25,HOME,LT_100,43,43,3,0.069767,7.05814,-0.563953,20,-29.75,0,0,SMALL_SAMPLE,SMALL_SAMPLE_NO_EDGE_CLAIM
1X2,I1,2021/22,LT_1_50,NOT_AH,NOT_FT_OVER25,AWAY,LT_100,22,22,17,0.772727,1.357727,0.049091,2,-3.84,0,0,SMALL_SAMPLE,SMALL_SAMPLE_NO_EDGE_CLAIM
1X2,I1,2021/22,LT_1_50,NOT_AH,NOT_FT_OVER25,HOME,LT_100,71,71,49,0.690141,1.305211,-0.107324,2,-9.0,0,0,SMALL_SAMPLE,SMALL_SAMPLE_NO_EDGE_CLAIM
1X2,I1,2022/23,1_50_1_74,NOT_AH,NOT_FT_OVER25,AWAY,LT_100,30,30,20,0.666667,1.623,0.075333,3,-3.43,0,0,SMALL_SAMPLE,SMALL_SAMPLE_NO_EDGE_CLAIM
1X2,I1,2022/23,1_50_1_74,NOT_AH,NOT_FT_OVER25,HOME,LT_100,52,52,29,0.557692,1.624808,-0.096731,4,-9.5,0,0,SMALL_SAMPLE,SMALL_SAMPLE_NO_EDGE_CLAIM
1X2,I1,2022/23,1_75_1_99,NOT_AH,NOT_FT_OVER25,AWAY,LT_100,26,26,13,0.5,1.840769,-0.083077,4,-5.7,0,0,SMALL_SAMPLE,SMALL_SAMPLE_NO_EDGE_CLAIM
1X2,I1,2022/23,1_75_1_99,NOT_AH,NOT_FT_OVER25,HOME,LT_100,41,41,23,0.560976,1.846829,0.032195,4,-5.83,0,0,SMALL_SAMPLE,SMALL_SAMPLE_NO_EDGE_CLAIM
1X2,I1,2022/23,2_00_2_49,NOT_AH,NOT_FT_OVER25,AWAY,LT_100,49,49,20,0.408163,2.186327,-0.104082,5,-8.5,0,0,SMALL_SAMPLE,SMALL_SAMPLE_NO_EDGE_CLAIM
1X2,I1,2022/23,2_00_2_49,NOT_AH,NOT_FT_OVER25,HOME,LT_100,79,79,30,0.379747,2.217342,-0.152658,9,-13.46,0,0,SMALL_SAMPLE,SMALL_SAMPLE_NO_EDGE_CLAIM
1X2,I1,2022/23,2_50_3_49,NOT_AH,NOT_FT_OVER25,AWAY,LT_100,91,91,31,0.340659,2.93978,0.009011,9,-15.1,0,0,SMALL_SAMPLE,SMALL_SAMPLE_NO_EDGE_CLAIM
1X2,I1,2022/23,2_50_3_49,NOT_AH,NOT_FT_OVER25,DRAW,100_299,157,157,47,0.299363,3.23465,-0.030573,19,-28.2,0,0,LOW_CONFIDENCE,LOW_CONFIDENCE_RESEARCH_ONLY
1X2,I1,2022/23,2_50_3_49,NOT_AH,NOT_FT_OVER25,HOME,LT_100,69,69,23,0.333333,2.908696,-0.036812,9,-10.3,0,0,SMALL_SAMPLE,SMALL_SAMPLE_NO_EDGE_CLAIM
1X2,I1,2022/23,3_50_4_99,NOT_AH,NOT_FT_OVER25,AWAY,LT_100,72,72,16,0.222222,4.090278,-0.087083,11,-11.0,0,0,SMALL_SAMPLE,SMALL_SAMPLE_NO_EDGE_CLAIM
1X2,I1,2022/23,3_50_4_99,NOT_AH,NOT_FT_OVER25,DRAW,100_299,186,186,48,0.258065,3.882688,-0.016935,15,-21.4,0,0,LOW_CONFIDENCE,LOW_CONFIDENCE_RESEARCH_ONLY
1X2,I1,2022/23,3_50_4_99,NOT_AH,NOT_FT_OVER25,HOME,LT_100,53,53,14,0.264151,4.023019,0.051509,6,-8.65,0,0,SMALL_SAMPLE,SMALL_SAMPLE_NO_EDGE_CLAIM
1X2,I1,2022/23,GE_5_00,NOT_AH,NOT_FT_OVER25,AWAY,100_299,102,102,11,0.107843,7.776961,-0.313725,30,-34.5,0,0,LOW_CONFIDENCE,LOW_CONFIDENCE_RESEARCH_ONLY
1X2,I1,2022/23,GE_5_00,NOT_AH,NOT_FT_OVER25,DRAW,LT_100,37,37,5,0.135135,5.952703,-0.22973,17,-17.5,0,0,SMALL_SAMPLE,SMALL_SAMPLE_NO_EDGE_CLAIM
1X2,I1,2022/23,GE_5_00,NOT_AH,NOT_FT_OVER25,HOME,LT_100,35,35,2,0.057143,6.371429,-0.614286,26,-26.0,0,0,SMALL_SAMPLE,SMALL_SAMPLE_NO_EDGE_CLAIM
1X2,I1,2022/23,LT_1_50,NOT_AH,NOT_FT_OVER25,AWAY,LT_100,10,10,8,0.8,1.387,0.111,1,-1.56,0,0,SMALL_SAMPLE,SMALL_SAMPLE_NO_EDGE_CLAIM
1X2,I1,2022/23,LT_1_50,NOT_AH,NOT_FT_OVER25,HOME,LT_100,51,51,40,0.784314,1.322941,0.032353,4,-5.51,0,0,SMALL_SAMPLE,SMALL_SAMPLE_NO_EDGE_CLAIM
1X2,I1,2023/24,1_50_1_74,NOT_AH,NOT_FT_OVER25,AWAY,LT_100,24,24,16,0.666667,1.630833,0.092917,2,-2.3,0,0,SMALL_SAMPLE,SMALL_SAMPLE_NO_EDGE_CLAIM
1X2,I1,2023/24,1_50_1_74,NOT_AH,NOT_FT_OVER25,HOME,LT_100,59,59,35,0.59322,1.610169,-0.046102,4,-6.55,0,0,SMALL_SAMPLE,SMALL_SAMPLE_NO_EDGE_CLAIM
1X2,I1,2023/24,1_75_1_99,NOT_AH,NOT_FT_OVER25,AWAY,LT_100,29,29,16,0.551724,1.846207,0.01931,3,-4.62,0,0,SMALL_SAMPLE,SMALL_SAMPLE_NO_EDGE_CLAIM
1X2,I1,2023/24,1_75_1_99,NOT_AH,NOT_FT_OVER25,HOME,LT_100,29,29,15,0.517241,1.873793,-0.031379,4,-4.31,0,0,SMALL_SAMPLE,SMALL_SAMPLE_NO_EDGE_CLAIM
1X2,I1,2023/24,2_00_2_49,NOT_AH,NOT_FT_OVER25,AWAY,LT_100,51,51,30,0.588235,2.20451,0.298039,4,-4.0,0,0,SMALL_SAMPLE,SMALL_SAMPLE_NO_EDGE_CLAIM
1X2,I1,2023/24,2_00_2_49,NOT_AH,NOT_FT_OVER25,HOME,LT_100,78,78,37,0.474359,2.206795,0.03859,5,-9.9,0,0,SMALL_SAMPLE,SMALL_SAMPLE_NO_EDGE_CLAIM
1X2,I1,2023/24,2_50_3_49,NOT_AH,NOT_FT_OVER25,AWAY,LT_100,92,92,22,0.23913,2.951196,-0.299348,12,-33.44,0,0,SMALL_SAMPLE,SMALL_SAMPLE_NO_EDGE_CLAIM
1X2,I1,2023/24,2_50_3_49,NOT_AH,NOT_FT_OVER25,DRAW,100_299,179,179,59,0.329609,3.197151,0.055084,10,-21.25,0,0,LOW_CONFIDENCE,LOW_CONFIDENCE_RESEARCH_ONLY|HIGH_DRAWDOWN_RISK
1X2,I1,2023/24,2_50_3_49,NOT_AH,NOT_FT_OVER25,HOME,LT_100,75,75,21,0.28,2.870267,-0.2216,10,-17.52,0,0,SMALL_SAMPLE,SMALL_SAMPLE_NO_EDGE_CLAIM
1X2,I1,2023/24,3_50_4_99,NOT_AH,NOT_FT_OVER25,AWAY,LT_100,70,70,10,0.142857,3.997143,-0.446286,15,-35.2,0,0,SMALL_SAMPLE,SMALL_SAMPLE_NO_EDGE_CLAIM
1X2,I1,2023/24,3_50_4_99,NOT_AH,NOT_FT_OVER25,DRAW,100_299,163,163,43,0.263804,3.915828,-0.003681,19,-30.1,0,0,LOW_CONFIDENCE,LOW_CONFIDENCE_RESEARCH_ONLY
1X2,I1,2023/24,3_50_4_99,NOT_AH,NOT_FT_OVER25,HOME,LT_100,57,57,10,0.175439,4.027368,-0.30386,13,-23.62,0,0,SMALL_SAMPLE,SMALL_SAMPLE_NO_EDGE_CLAIM
1X2,I1,2023/24,GE_5_00,NOT_AH,NOT_FT_OVER25,AWAY,100_299,106,106,8,0.075472,7.259434,-0.490566,40,-66.5,0,0,LOW_CONFIDENCE,LOW_CONFIDENCE_RESEARCH_ONLY
1X2,I1,2023/24,GE_5_00,NOT_AH,NOT_FT_OVER25,DRAW,LT_100,38,38,10,0.263158,6.032895,0.690789,12,-16.75,0,0,SMALL_SAMPLE,SMALL_SAMPLE_NO_EDGE_CLAIM
1X2,I1,2023/24,GE_5_00,NOT_AH,NOT_FT_OVER25,HOME,LT_100,31,31,4,0.129032,6.258065,-0.314516,19,-19.0,0,0,SMALL_SAMPLE,SMALL_SAMPLE_NO_EDGE_CLAIM
1X2,I1,2023/24,LT_1_50,NOT_AH,NOT_FT_OVER25,AWAY,LT_100,8,8,7,0.875,1.36,0.1825,1,-1.0,0,0,SMALL_SAMPLE,SMALL_SAMPLE_NO_EDGE_CLAIM
1X2,I1,2023/24,LT_1_50,NOT_AH,NOT_FT_OVER25,HOME,LT_100,51,51,37,0.72549,1.340196,-0.019216,3,-6.72,0,0,SMALL_SAMPLE,SMALL_SAMPLE_NO_EDGE_CLAIM
1X2,I1,2024/25,1_50_1_74,NOT_AH,NOT_FT_OVER25,AWAY,LT_100,33,33,21,0.636364,1.645455,0.053333,4,-4.0,0,0,SMALL_SAMPLE,SMALL_SAMPLE_NO_EDGE_CLAIM
1X2,I1,2024/25,1_50_1_74,NOT_AH,NOT_FT_OVER25,HOME,LT_100,38,38,20,0.526316,1.593421,-0.166053,3,-8.03,0,0,SMALL_SAMPLE,SMALL_SAMPLE_NO_EDGE_CLAIM
1X2,I1,2024/25,1_75_1_99,NOT_AH,NOT_FT_OVER25,AWAY,LT_100,24,24,16,0.666667,1.84625,0.224583,2,-2.1,0,0,SMALL_SAMPLE,SMALL_SAMPLE_NO_EDGE_CLAIM
1X2,I1,2024/25,1_75_1_99,NOT_AH,NOT_FT_OVER25,HOME,LT_100,52,52,28,0.538462,1.844423,-0.001538,4,-8.25,0,0,SMALL_SAMPLE,SMALL_SAMPLE_NO_EDGE_CLAIM
1X2,I1,2024/25,2_00_2_49,NOT_AH,NOT_FT_OVER25,AWAY,LT_100,46,46,20,0.434783,2.206087,-0.047174,5,-8.7,0,0,SMALL_SAMPLE,SMALL_SAMPLE_NO_EDGE_CLAIM
1X2,I1,2024/25,2_00_2_49,NOT_AH,NOT_FT_OVER25,HOME,LT_100,63,63,22,0.349206,2.220635,-0.226984,7,-19.1,0,0,SMALL_SAMPLE,SMALL_SAMPLE_NO_EDGE_CLAIM
1X2,I1,2024/25,2_50_3_49,NOT_AH,NOT_FT_OVER25,AWAY,LT_100,83,83,26,0.313253,2.993133,-0.068434,8,-10.85,0,0,SMALL_SAMPLE,SMALL_SAMPLE_NO_EDGE_CLAIM
1X2,I1,2024/25,2_50_3_49,NOT_AH,NOT_FT_OVER25,DRAW,100_299,184,184,67,0.36413,3.173641,0.150326,11,-13.2,0,0,LOW_CONFIDENCE,LOW_CONFIDENCE_RESEARCH_ONLY
1X2,I1,2024/25,2_50_3_49,NOT_AH,NOT_FT_OVER25,HOME,LT_100,73,73,21,0.287671,2.860822,-0.19411,8,-18.95,0,0,SMALL_SAMPLE,SMALL_SAMPLE_NO_EDGE_CLAIM
1X2,I1,2024/25,3_50_4_99,NOT_AH,NOT_FT_OVER25,AWAY,LT_100,75,75,14,0.186667,4.0804,-0.257333,25,-27.5,0,0,SMALL_SAMPLE,SMALL_SAMPLE_NO_EDGE_CLAIM
1X2,I1,2024/25,3_50_4_99,NOT_AH,NOT_FT_OVER25,DRAW,100_299,163,163,35,0.214724,3.948834,-0.156687,11,-37.79,0,0,LOW_CONFIDENCE,LOW_CONFIDENCE_RESEARCH_ONLY
1X2,I1,2024/25,3_50_4_99,NOT_AH,NOT_FT_OVER25,HOME,LT_100,46,46,11,0.23913,3.998913,-0.050435,8,-9.72,0,0,SMALL_SAMPLE,SMALL_SAMPLE_NO_EDGE_CLAIM
1X2,I1,2024/25,GE_5_00,NOT_AH,NOT_FT_OVER25,AWAY,100_299,103,103,11,0.106796,7.876214,-0.366505,30,-57.5,0,0,LOW_CONFIDENCE,LOW_CONFIDENCE_RESEARCH_ONLY
1X2,I1,2024/25,GE_5_00,NOT_AH,NOT_FT_OVER25,DRAW,LT_100,33,33,6,0.181818,5.818182,0.022727,11,-12.75,0,0,SMALL_SAMPLE,SMALL_SAMPLE_NO_EDGE_CLAIM
1X2,I1,2024/25,GE_5_00,NOT_AH,NOT_FT_OVER25,HOME,LT_100,51,51,4,0.078431,6.245098,-0.598039,27,-38.0,0,0,SMALL_SAMPLE,SMALL_SAMPLE_NO_EDGE_CLAIM
1X2,I1,2024/25,LT_1_50,NOT_AH,NOT_FT_OVER25,AWAY,LT_100,16,16,13,0.8125,1.41,0.140625,1,-1.0,0,0,SMALL_SAMPLE,SMALL_SAMPLE_NO_EDGE_CLAIM
1X2,I1,2024/25,LT_1_50,NOT_AH,NOT_FT_OVER25,HOME,LT_100,57,57,45,0.789474,1.338246,0.049474,2,-3.42,0,0,SMALL_SAMPLE,SMALL_SAMPLE_NO_EDGE_CLAIM
1X2,N1,2020/21,1_50_1_74,NOT_AH,NOT_FT_OVER25,AWAY,LT_100,30,30,18,0.6,1.593667,-0.044,3,-3.5,0,0,SMALL_SAMPLE,SMALL_SAMPLE_NO_EDGE_CLAIM
1X2,N1,2020/21,1_50_1_74,NOT_AH,NOT_FT_OVER25,HOME,LT_100,39,39,24,0.615385,1.604103,-0.017949,3,-6.97,0,0,SMALL_SAMPLE,SMALL_SAMPLE_NO_EDGE_CLAIM
1X2,N1,2020/21,1_75_1_99,NOT_AH,NOT_FT_OVER25,AWAY,LT_100,17,17,7,0.411765,1.858235,-0.236471,4,-6.52,0,0,SMALL_SAMPLE,SMALL_SAMPLE_NO_EDGE_CLAIM
1X2,N1,2020/21,1_75_1_99,NOT_AH,NOT_FT_OVER25,HOME,LT_100,30,30,11,0.366667,1.843667,-0.322333,4,-10.47,0,0,SMALL_SAMPLE,SMALL_SAMPLE_NO_EDGE_CLAIM
1X2,N1,2020/21,2_00_2_49,NOT_AH,NOT_FT_OVER25,AWAY,LT_100,44,44,16,0.363636,2.167045,-0.219545,11,-15.95,0,0,SMALL_SAMPLE,SMALL_SAMPLE_NO_EDGE_CLAIM
1X2,N1,2020/21,2_00_2_49,NOT_AH,NOT_FT_OVER25,HOME,LT_100,43,43,21,0.488372,2.160233,0.036047,5,-5.5,0,0,SMALL_SAMPLE,SMALL_SAMPLE_NO_EDGE_CLAIM
1X2,N1,2020/21,2_50_3_49,NOT_AH,NOT_FT_OVER25,AWAY,LT_100,50,50,16,0.32,2.9952,-0.0562,9,-11.45,0,0,SMALL_SAMPLE,SMALL_SAMPLE_NO_EDGE_CLAIM
1X2,N1,2020/21,2_50_3_49,NOT_AH,NOT_FT_OVER25,DRAW,LT_100,27,27,9,0.333333,3.361111,0.122222,8,-8.0,0,0,SMALL_SAMPLE,SMALL_SAMPLE_NO_EDGE_CLAIM
1X2,N1,2020/21,2_50_3_49,NOT_AH,NOT_FT_OVER25,HOME,LT_100,58,58,17,0.293103,3.01431,-0.111379,9,-20.75,0,0,SMALL_SAMPLE,SMALL_SAMPLE_NO_EDGE_CLAIM
1X2,N1,2020/21,3_50_4_99,NOT_AH,NOT_FT_OVER25,AWAY,LT_100,52,52,16,0.307692,4.129231,0.238077,11,-11.2,0,0,SMALL_SAMPLE,SMALL_SAMPLE_NO_EDGE_CLAIM
1X2,N1,2020/21,3_50_4_99,NOT_AH,NOT_FT_OVER25,DRAW,100_299,208,208,54,0.259615,3.929471,0.006538,12,-23.05,0,0,LOW_CONFIDENCE,LOW_CONFIDENCE_RESEARCH_ONLY|HIGH_DRAWDOWN_RISK
1X2,N1,2020/21,3_50_4_99,NOT_AH,NOT_FT_OVER25,HOME,LT_100,27,27,4,0.148148,4.126296,-0.414815,12,-12.8,0,0,SMALL_SAMPLE,SMALL_SAMPLE_NO_EDGE_CLAIM
1X2,N1,2020/21,GE_5_00,NOT_AH,NOT_FT_OVER25,AWAY,LT_100,83,83,5,0.060241,9.608434,-0.527108,27,-43.75,0,0,SMALL_SAMPLE,SMALL_SAMPLE_NO_EDGE_CLAIM
1X2,N1,2020/21,GE_5_00,NOT_AH,NOT_FT_OVER25,DRAW,LT_100,71,71,15,0.211268,6.799296,0.225352,9,-9.0,0,0,SMALL_SAMPLE,SMALL_SAMPLE_NO_EDGE_CLAIM
1X2,N1,2020/21,GE_5_00,NOT_AH,NOT_FT_OVER25,HOME,LT_100,49,49,3,0.061224,8.0,-0.387755,23,-31.0,0,0,SMALL_SAMPLE,SMALL_SAMPLE_NO_EDGE_CLAIM
1X2,N1,2020/21,LT_1_50,NOT_AH,NOT_FT_OVER25,AWAY,LT_100,30,30,24,0.8,1.302667,0.040667,1,-2.22,0,0,SMALL_SAMPLE,SMALL_SAMPLE_NO_EDGE_CLAIM
1X2,N1,2020/21,LT_1_50,NOT_AH,NOT_FT_OVER25,HOME,LT_100,60,60,46,0.766667,1.2635,-0.035833,2,-4.26,0,0,SMALL_SAMPLE,SMALL_SAMPLE_NO_EDGE_CLAIM
1X2,N1,2021/22,1_50_1_74,NOT_AH,NOT_FT_OVER25,AWAY,LT_100,20,20,13,0.65,1.6015,0.0215,3,-3.43,0,0,SMALL_SAMPLE,SMALL_SAMPLE_NO_EDGE_CLAIM
1X2,N1,2021/22,1_50_1_74,NOT_AH,NOT_FT_OVER25,HOME,LT_100,29,29,17,0.586207,1.62931,-0.057586,3,-4.43,0,0,SMALL_SAMPLE,SMALL_SAMPLE_NO_EDGE_CLAIM
1X2,N1,2021/22,1_75_1_99,NOT_AH,NOT_FT_OVER25,AWAY,LT_100,12,12,4,0.333333,1.825833,-0.3825,4,-5.44,0,0,SMALL_SAMPLE,SMALL_SAMPLE_NO_EDGE_CLAIM
1X2,N1,2021/22,1_75_1_99,NOT_AH,NOT_FT_OVER25,HOME,LT_100,38,38,16,0.421053,1.868684,-0.207632,5,-7.89,0,0,SMALL_SAMPLE,SMALL_SAMPLE_NO_EDGE_CLAIM
1X2,N1,2021/22,2_00_2_49,NOT_AH,NOT_FT_OVER25,AWAY,LT_100,30,30,14,0.466667,2.245667,0.038,4,-5.7,0,0,SMALL_SAMPLE,SMALL_SAMPLE_NO_EDGE_CLAIM
1X2,N1,2021/22,2_00_2_49,NOT_AH,NOT_FT_OVER25,HOME,LT_100,59,59,22,0.372881,2.24678,-0.156949,10,-18.33,0,0,SMALL_SAMPLE,SMALL_SAMPLE_NO_EDGE_CLAIM
1X2,N1,2021/22,2_50_3_49,NOT_AH,NOT_FT_OVER25,AWAY,LT_100,73,73,27,0.369863,2.920137,0.048493,8,-12.73,0,0,SMALL_SAMPLE,SMALL_SAMPLE_NO_EDGE_CLAIM
1X2,N1,2021/22,2_50_3_49,NOT_AH,NOT_FT_OVER25,DRAW,LT_100,74,74,17,0.22973,3.331757,-0.235811,9,-17.75,0,0,SMALL_SAMPLE,SMALL_SAMPLE_NO_EDGE_CLAIM
1X2,N1,2021/22,2_50_3_49,NOT_AH,NOT_FT_OVER25,HOME,LT_100,49,49,18,0.367347,2.824082,0.036122,8,-8.13,0,0,SMALL_SAMPLE,SMALL_SAMPLE_NO_EDGE_CLAIM
1X2,N1,2021/22,3_50_4_99,NOT_AH,NOT_FT_OVER25,AWAY,LT_100,52,52,18,0.346154,4.008654,0.393846,8,-8.0,0,0,SMALL_SAMPLE,SMALL_SAMPLE_NO_EDGE_CLAIM
1X2,N1,2021/22,3_50_4_99,NOT_AH,NOT_FT_OVER25,DRAW,100_299,157,157,38,0.242038,3.876943,-0.080064,13,-32.25,0,0,LOW_CONFIDENCE,LOW_CONFIDENCE_RESEARCH_ONLY
1X2,N1,2021/22,3_50_4_99,NOT_AH,NOT_FT_OVER25,HOME,LT_100,21,21,4,0.190476,4.052857,-0.169048,11,-11.0,0,0,SMALL_SAMPLE,SMALL_SAMPLE_NO_EDGE_CLAIM
1X2,N1,2021/22,GE_5_00,NOT_AH,NOT_FT_OVER25,AWAY,LT_100,91,91,12,0.131868,10.961538,-0.07967,18,-33.25,0,0,SMALL_SAMPLE,SMALL_SAMPLE_NO_EDGE_CLAIM
1X2,N1,2021/22,GE_5_00,NOT_AH,NOT_FT_OVER25,DRAW,LT_100,75,75,9,0.12,7.386667,-0.17,16,-32.75,0,0,SMALL_SAMPLE,SMALL_SAMPLE_NO_EDGE_CLAIM
1X2,N1,2021/22,GE_5_00,NOT_AH,NOT_FT_OVER25,HOME,LT_100,44,44,4,0.090909,9.034091,-0.267045,22,-22.0,0,0,SMALL_SAMPLE,SMALL_SAMPLE_NO_EDGE_CLAIM
1X2,N1,2021/22,LT_1_50,NOT_AH,NOT_FT_OVER25,AWAY,LT_100,28,28,22,0.785714,1.269286,-0.012857,2,-3.57,0,0,SMALL_SAMPLE,SMALL_SAMPLE_NO_EDGE_CLAIM
1X2,N1,2021/22,LT_1_50,NOT_AH,NOT_FT_OVER25,HOME,LT_100,66,66,51,0.772727,1.246515,-0.051515,2,-4.4,0,0,SMALL_SAMPLE,SMALL_SAMPLE_NO_EDGE_CLAIM
1X2,N1,2022/23,1_50_1_74,NOT_AH,NOT_FT_OVER25,AWAY,LT_100,16,16,9,0.5625,1.595625,-0.08875,3,-4.55,0,0,SMALL_SAMPLE,SMALL_SAMPLE_NO_EDGE_CLAIM
1X2,N1,2022/23,1_50_1_74,NOT_AH,NOT_FT_OVER25,HOME,LT_100,37,37,18,0.486486,1.612162,-0.206216,4,-8.93,0,0,SMALL_SAMPLE,SMALL_SAMPLE_NO_EDGE_CLAIM
1X2,N1,2022/23,1_75_1_99,NOT_AH,NOT_FT_OVER25,AWAY,LT_100,18,18,12,0.666667,1.844444,0.227222,2,-2.15,0,0,SMALL_SAMPLE,SMALL_SAMPLE_NO_EDGE_CLAIM
1X2,N1,2022/23,1_75_1_99,NOT_AH,NOT_FT_OVER25,HOME,LT_100,29,29,14,0.482759,1.856897,-0.108621,4,-8.37,0,0,SMALL_SAMPLE,SMALL_SAMPLE_NO_EDGE_CLAIM
1X2,N1,2022/23,2_00_2_49,NOT_AH,NOT_FT_OVER25,AWAY,LT_100,30,30,16,0.533333,2.232333,0.197,4,-4.0,0,0,SMALL_SAMPLE,SMALL_SAMPLE_NO_EDGE_CLAIM
1X2,N1,2022/23,2_00_2_49,NOT_AH,NOT_FT_OVER25,HOME,LT_100,53,53,23,0.433962,2.23434,-0.035472,5,-9.08,0,0,SMALL_SAMPLE,SMALL_SAMPLE_NO_EDGE_CLAIM
1X2,N1,2022/23,2_50_3_49,NOT_AH,NOT_FT_OVER25,AWAY,LT_100,69,69,22,0.318841,2.930145,-0.042464,9,-15.85,0,0,SMALL_SAMPLE,SMALL_SAMPLE_NO_EDGE_CLAIM
1X2,N1,2022/23,2_50_3_49,NOT_AH,NOT_FT_OVER25,DRAW,LT_100,55,55,14,0.254545,3.317273,-0.16,8,-12.4,0,0,SMALL_SAMPLE,SMALL_SAMPLE_NO_EDGE_CLAIM
1X2,N1,2022/23,2_50_3_49,NOT_AH,NOT_FT_OVER25,HOME,LT_100,52,52,19,0.365385,2.855577,0.045769,8,-8.75,0,0,SMALL_SAMPLE,SMALL_SAMPLE_NO_EDGE_CLAIM
1X2,N1,2022/23,3_50_4_99,NOT_AH,NOT_FT_OVER25,AWAY,LT_100,46,46,10,0.217391,3.991739,-0.163043,8,-13.25,0,0,SMALL_SAMPLE,SMALL_SAMPLE_NO_EDGE_CLAIM
1X2,N1,2022/23,3_50_4_99,NOT_AH,NOT_FT_OVER25,DRAW,100_299,169,169,45,0.266272,3.931716,0.056391,12,-20.7,0,0,LOW_CONFIDENCE,LOW_CONFIDENCE_RESEARCH_ONLY|HIGH_DRAWDOWN_RISK
1X2,N1,2022/23,3_50_4_99,NOT_AH,NOT_FT_OVER25,HOME,LT_100,25,25,4,0.16,4.0724,-0.3616,9,-11.17,0,0,SMALL_SAMPLE,SMALL_SAMPLE_NO_EDGE_CLAIM
1X2,N1,2022/23,GE_5_00,NOT_AH,NOT_FT_OVER25,AWAY,LT_100,97,97,5,0.051546,9.582474,-0.695876,34,-72.0,0,0,SMALL_SAMPLE,SMALL_SAMPLE_NO_EDGE_CLAIM
1X2,N1,2022/23,GE_5_00,NOT_AH,NOT_FT_OVER25,DRAW,LT_100,82,82,14,0.170732,6.896341,0.170732,17,-22.0,0,0,SMALL_SAMPLE,SMALL_SAMPLE_NO_EDGE_CLAIM|HIGH_DRAWDOWN_RISK
1X2,N1,2022/23,GE_5_00,NOT_AH,NOT_FT_OVER25,HOME,LT_100,42,42,6,0.142857,7.809524,0.029762,19,-19.0,0,0,SMALL_SAMPLE,SMALL_SAMPLE_NO_EDGE_CLAIM
1X2,N1,2022/23,LT_1_50,NOT_AH,NOT_FT_OVER25,AWAY,LT_100,30,30,22,0.733333,1.328667,-0.034667,2,-4.77,0,0,SMALL_SAMPLE,SMALL_SAMPLE_NO_EDGE_CLAIM
1X2,N1,2022/23,LT_1_50,NOT_AH,NOT_FT_OVER25,HOME,LT_100,67,67,53,0.791045,1.260448,-0.011493,2,-4.74,0,0,SMALL_SAMPLE,SMALL_SAMPLE_NO_EDGE_CLAIM
1X2,N1,2022/23,PRICE_MISSING,NOT_AH,NOT_FT_OVER25,HOME,LT_100,1,1,0,0.0,,,0,0.0,1,0,SMALL_SAMPLE,SMALL_SAMPLE_NO_EDGE_CLAIM
1X2,N1,2023/24,1_50_1_74,NOT_AH,NOT_FT_OVER25,AWAY,LT_100,25,25,18,0.72,1.6208,0.1724,2,-2.54,0,0,SMALL_SAMPLE,SMALL_SAMPLE_NO_EDGE_CLAIM
1X2,N1,2023/24,1_50_1_74,NOT_AH,NOT_FT_OVER25,HOME,LT_100,33,33,14,0.424242,1.610909,-0.314848,4,-12.83,0,0,SMALL_SAMPLE,SMALL_SAMPLE_NO_EDGE_CLAIM
1X2,N1,2023/24,1_75_1_99,NOT_AH,NOT_FT_OVER25,AWAY,LT_100,15,15,5,0.333333,1.86,-0.392667,3,-6.74,0,0,SMALL_SAMPLE,SMALL_SAMPLE_NO_EDGE_CLAIM
1X2,N1,2023/24,1_75_1_99,NOT_AH,NOT_FT_OVER25,HOME,LT_100,26,26,16,0.615385,1.863462,0.148077,2,-2.34,0,0,SMALL_SAMPLE,SMALL_SAMPLE_NO_EDGE_CLAIM
1X2,N1,2023/24,2_00_2_49,NOT_AH,NOT_FT_OVER25,AWAY,LT_100,36,36,15,0.416667,2.225556,-0.068333,6,-9.57,0,0,SMALL_SAMPLE,SMALL_SAMPLE_NO_EDGE_CLAIM
1X2,N1,2023/24,2_00_2_49,NOT_AH,NOT_FT_OVER25,HOME,LT_100,56,56,23,0.410714,2.200357,-0.104821,4,-8.85,0,0,SMALL_SAMPLE,SMALL_SAMPLE_NO_EDGE_CLAIM
1X2,N1,2023/24,2_50_3_49,NOT_AH,NOT_FT_OVER25,AWAY,LT_100,60,60,23,0.383333,3.036167,0.129167,8,-8.0,0,0,SMALL_SAMPLE,SMALL_SAMPLE_NO_EDGE_CLAIM
1X2,N1,2023/24,2_50_3_49,NOT_AH,NOT_FT_OVER25,DRAW,LT_100,25,25,9,0.36,3.346,0.206,8,-8.0,0,0,SMALL_SAMPLE,SMALL_SAMPLE_NO_EDGE_CLAIM
1X2,N1,2023/24,2_50_3_49,NOT_AH,NOT_FT_OVER25,HOME,LT_100,43,43,9,0.209302,2.894651,-0.390698,8,-18.05,0,0,SMALL_SAMPLE,SMALL_SAMPLE_NO_EDGE_CLAIM
1X2,N1,2023/24,3_50_4_99,NOT_AH,NOT_FT_OVER25,AWAY,LT_100,42,42,7,0.166667,4.05619,-0.305238,12,-16.15,0,0,SMALL_SAMPLE,SMALL_SAMPLE_NO_EDGE_CLAIM
1X2,N1,2023/24,3_50_4_99,NOT_AH,NOT_FT_OVER25,DRAW,100_299,187,187,51,0.272727,3.917968,0.068289,11,-20.57,0,0,LOW_CONFIDENCE,LOW_CONFIDENCE_RESEARCH_ONLY|HIGH_DRAWDOWN_RISK
1X2,N1,2023/24,3_50_4_99,NOT_AH,NOT_FT_OVER25,HOME,LT_100,28,28,5,0.178571,4.065714,-0.325,8,-12.5,0,0,SMALL_SAMPLE,SMALL_SAMPLE_NO_EDGE_CLAIM
1X2,N1,2023/24,GE_5_00,NOT_AH,NOT_FT_OVER25,AWAY,100_299,100,100,9,0.09,10.8325,-0.3775,19,-41.75,0,0,LOW_CONFIDENCE,LOW_CONFIDENCE_RESEARCH_ONLY
1X2,N1,2023/24,GE_5_00,NOT_AH,NOT_FT_OVER25,DRAW,LT_100,94,94,16,0.170213,7.220745,0.047872,12,-19.0,0,0,SMALL_SAMPLE,SMALL_SAMPLE_NO_EDGE_CLAIM
1X2,N1,2023/24,GE_5_00,NOT_AH,NOT_FT_OVER25,HOME,LT_100,44,44,3,0.068182,8.653409,-0.534091,23,-26.0,0,0,SMALL_SAMPLE,SMALL_SAMPLE_NO_EDGE_CLAIM
1X2,N1,2023/24,LT_1_50,NOT_AH,NOT_FT_OVER25,AWAY,LT_100,28,28,21,0.75,1.276429,-0.053929,2,-2.89,0,0,SMALL_SAMPLE,SMALL_SAMPLE_NO_EDGE_CLAIM
1X2,N1,2023/24,LT_1_50,NOT_AH,NOT_FT_OVER25,HOME,LT_100,76,76,62,0.815789,1.262237,0.018421,2,-4.81,0,0,SMALL_SAMPLE,SMALL_SAMPLE_NO_EDGE_CLAIM
1X2,N1,2024/25,1_50_1_74,NOT_AH,NOT_FT_OVER25,AWAY,LT_100,16,16,11,0.6875,1.611875,0.099375,1,-1.47,0,0,SMALL_SAMPLE,SMALL_SAMPLE_NO_EDGE_CLAIM
1X2,N1,2024/25,1_50_1_74,NOT_AH,NOT_FT_OVER25,HOME,LT_100,45,45,26,0.577778,1.613778,-0.070889,3,-7.14,0,0,SMALL_SAMPLE,SMALL_SAMPLE_NO_EDGE_CLAIM
1X2,N1,2024/25,1_75_1_99,NOT_AH,NOT_FT_OVER25,AWAY,LT_100,18,18,10,0.555556,1.858889,0.028333,6,-6.0,0,0,SMALL_SAMPLE,SMALL_SAMPLE_NO_EDGE_CLAIM
1X2,N1,2024/25,1_75_1_99,NOT_AH,NOT_FT_OVER25,HOME,LT_100,26,26,16,0.615385,1.84,0.137308,5,-5.48,0,0,SMALL_SAMPLE,SMALL_SAMPLE_NO_EDGE_CLAIM
1X2,N1,2024/25,2_00_2_49,NOT_AH,NOT_FT_OVER25,AWAY,LT_100,32,32,11,0.34375,2.238437,-0.219375,4,-8.72,0,0,SMALL_SAMPLE,SMALL_SAMPLE_NO_EDGE_CLAIM
1X2,N1,2024/25,2_00_2_49,NOT_AH,NOT_FT_OVER25,HOME,LT_100,52,52,22,0.423077,2.2125,-0.074038,6,-9.25,0,0,SMALL_SAMPLE,SMALL_SAMPLE_NO_EDGE_CLAIM
1X2,N1,2024/25,2_50_3_49,NOT_AH,NOT_FT_OVER25,AWAY,LT_100,67,67,24,0.358209,2.910746,0.051642,6,-7.07,0,0,SMALL_SAMPLE,SMALL_SAMPLE_NO_EDGE_CLAIM
1X2,N1,2024/25,2_50_3_49,NOT_AH,NOT_FT_OVER25,DRAW,LT_100,63,63,16,0.253968,3.298095,-0.162698,12,-15.4,0,0,SMALL_SAMPLE,SMALL_SAMPLE_NO_EDGE_CLAIM
1X2,N1,2024/25,2_50_3_49,NOT_AH,NOT_FT_OVER25,HOME,LT_100,52,52,17,0.326923,2.866538,-0.078077,11,-16.25,0,0,SMALL_SAMPLE,SMALL_SAMPLE_NO_EDGE_CLAIM
1X2,N1,2024/25,3_50_4_99,NOT_AH,NOT_FT_OVER25,AWAY,LT_100,47,47,7,0.148936,4.172979,-0.384468,18,-21.25,0,0,SMALL_SAMPLE,SMALL_SAMPLE_NO_EDGE_CLAIM
1X2,N1,2024/25,3_50_4_99,NOT_AH,NOT_FT_OVER25,DRAW,100_299,171,171,48,0.280702,3.920877,0.091287,10,-16.9,0,0,LOW_CONFIDENCE,LOW_CONFIDENCE_RESEARCH_ONLY
1X2,N1,2024/25,3_50_4_99,NOT_AH,NOT_FT_OVER25,HOME,LT_100,29,29,7,0.241379,4.014828,-0.055172,8,-9.25,0,0,SMALL_SAMPLE,SMALL_SAMPLE_NO_EDGE_CLAIM
1X2,N1,2024/25,GE_5_00,NOT_AH,NOT_FT_OVER25,AWAY,100_299,100,100,9,0.09,9.1075,-0.3875,17,-44.75,0,0,LOW_CONFIDENCE,LOW_CONFIDENCE_RESEARCH_ONLY
1X2,N1,2024/25,GE_5_00,NOT_AH,NOT_FT_OVER25,DRAW,LT_100,72,72,13,0.180556,6.756944,0.111111,12,-15.75,0,0,SMALL_SAMPLE,SMALL_SAMPLE_NO_EDGE_CLAIM
1X2,N1,2024/25,GE_5_00,NOT_AH,NOT_FT_OVER25,HOME,LT_100,37,37,4,0.108108,7.675676,-0.047297,16,-16.0,0,0,SMALL_SAMPLE,SMALL_SAMPLE_NO_EDGE_CLAIM
1X2,N1,2024/25,LT_1_50,NOT_AH,NOT_FT_OVER25,AWAY,LT_100,26,26,18,0.692308,1.336923,-0.080769,5,-5.0,0,0,SMALL_SAMPLE,SMALL_SAMPLE_NO_EDGE_CLAIM
1X2,N1,2024/25,LT_1_50,NOT_AH,NOT_FT_OVER25,HOME,LT_100,65,65,47,0.723077,1.281231,-0.086,2,-6.84,0,0,SMALL_SAMPLE,SMALL_SAMPLE_NO_EDGE_CLAIM
1X2,P1,2020/21,1_50_1_74,NOT_AH,NOT_FT_OVER25,AWAY,LT_100,16,16,11,0.6875,1.57875,0.09375,2,-2.0,0,0,SMALL_SAMPLE,SMALL_SAMPLE_NO_EDGE_CLAIM
1X2,P1,2020/21,1_50_1_74,NOT_AH,NOT_FT_OVER25,HOME,LT_100,18,18,13,0.722222,1.598889,0.159444,2,-2.0,0,0,SMALL_SAMPLE,SMALL_SAMPLE_NO_EDGE_CLAIM
1X2,P1,2020/21,1_75_1_99,NOT_AH,NOT_FT_OVER25,AWAY,LT_100,10,10,6,0.6,1.851,0.126,2,-2.25,0,0,SMALL_SAMPLE,SMALL_SAMPLE_NO_EDGE_CLAIM
1X2,P1,2020/21,1_75_1_99,NOT_AH,NOT_FT_OVER25,HOME,LT_100,19,19,9,0.473684,1.823684,-0.128947,3,-4.65,0,0,SMALL_SAMPLE,SMALL_SAMPLE_NO_EDGE_CLAIM
1X2,P1,2020/21,2_00_2_49,NOT_AH,NOT_FT_OVER25,AWAY,LT_100,31,31,13,0.419355,2.214839,-0.067097,3,-8.15,0,0,SMALL_SAMPLE,SMALL_SAMPLE_NO_EDGE_CLAIM
1X2,P1,2020/21,2_00_2_49,NOT_AH,NOT_FT_OVER25,HOME,LT_100,87,87,36,0.413793,2.228966,-0.085172,6,-12.48,0,0,SMALL_SAMPLE,SMALL_SAMPLE_NO_EDGE_CLAIM
1X2,P1,2020/21,2_50_3_49,NOT_AH,NOT_FT_OVER25,AWAY,LT_100,99,99,32,0.323232,2.969293,-0.065253,10,-19.35,0,0,SMALL_SAMPLE,SMALL_SAMPLE_NO_EDGE_CLAIM
1X2,P1,2020/21,2_50_3_49,NOT_AH,NOT_FT_OVER25,DRAW,100_299,172,172,56,0.325581,3.146686,0.030523,11,-30.0,0,0,LOW_CONFIDENCE,LOW_CONFIDENCE_RESEARCH_ONLY|HIGH_DRAWDOWN_RISK
1X2,P1,2020/21,2_50_3_49,NOT_AH,NOT_FT_OVER25,HOME,LT_100,62,62,19,0.306452,2.862903,-0.118065,7,-9.73,0,0,SMALL_SAMPLE,SMALL_SAMPLE_NO_EDGE_CLAIM
1X2,P1,2020/21,3_50_4_99,NOT_AH,NOT_FT_OVER25,AWAY,LT_100,51,51,12,0.235294,3.96451,-0.083333,8,-9.5,0,0,SMALL_SAMPLE,SMALL_SAMPLE_NO_EDGE_CLAIM
1X2,P1,2020/21,3_50_4_99,NOT_AH,NOT_FT_OVER25,DRAW,LT_100,88,88,16,0.181818,4.064545,-0.249886,16,-30.17,0,0,SMALL_SAMPLE,SMALL_SAMPLE_NO_EDGE_CLAIM
1X2,P1,2020/21,3_50_4_99,NOT_AH,NOT_FT_OVER25,HOME,LT_100,26,26,6,0.230769,3.988846,-0.095,5,-6.4,0,0,SMALL_SAMPLE,SMALL_SAMPLE_NO_EDGE_CLAIM
1X2,P1,2020/21,GE_5_00,NOT_AH,NOT_FT_OVER25,AWAY,LT_100,68,68,5,0.073529,9.014706,-0.264706,36,-41.0,0,0,SMALL_SAMPLE,SMALL_SAMPLE_NO_EDGE_CLAIM
1X2,P1,2020/21,GE_5_00,NOT_AH,NOT_FT_OVER25,DRAW,LT_100,46,46,5,0.108696,5.934783,-0.375,23,-23.0,0,0,SMALL_SAMPLE,SMALL_SAMPLE_NO_EDGE_CLAIM
1X2,P1,2020/21,GE_5_00,NOT_AH,NOT_FT_OVER25,HOME,LT_100,44,44,4,0.090909,7.931818,-0.301136,29,-29.0,0,0,SMALL_SAMPLE,SMALL_SAMPLE_NO_EDGE_CLAIM
1X2,P1,2020/21,LT_1_50,NOT_AH,NOT_FT_OVER25,AWAY,LT_100,31,31,23,0.741935,1.346452,0.003548,3,-3.0,0,0,SMALL_SAMPLE,SMALL_SAMPLE_NO_EDGE_CLAIM
1X2,P1,2020/21,LT_1_50,NOT_AH,NOT_FT_OVER25,HOME,LT_100,50,50,40,0.8,1.3004,0.0336,2,-2.88,0,0,SMALL_SAMPLE,SMALL_SAMPLE_NO_EDGE_CLAIM
1X2,P1,2021/22,1_50_1_74,NOT_AH,NOT_FT_OVER25,AWAY,LT_100,14,14,12,0.857143,1.600714,0.380714,1,-1.0,0,0,SMALL_SAMPLE,SMALL_SAMPLE_NO_EDGE_CLAIM
1X2,P1,2021/22,1_50_1_74,NOT_AH,NOT_FT_OVER25,HOME,LT_100,24,24,10,0.416667,1.638333,-0.337083,5,-8.8,0,0,SMALL_SAMPLE,SMALL_SAMPLE_NO_EDGE_CLAIM
1X2,P1,2021/22,1_75_1_99,NOT_AH,NOT_FT_OVER25,AWAY,LT_100,12,12,7,0.583333,1.854167,0.075,3,-3.0,0,0,SMALL_SAMPLE,SMALL_SAMPLE_NO_EDGE_CLAIM
1X2,P1,2021/22,1_75_1_99,NOT_AH,NOT_FT_OVER25,HOME,LT_100,31,31,14,0.451613,1.836452,-0.176452,6,-8.75,0,0,SMALL_SAMPLE,SMALL_SAMPLE_NO_EDGE_CLAIM
1X2,P1,2021/22,2_00_2_49,NOT_AH,NOT_FT_OVER25,AWAY,LT_100,32,32,8,0.25,2.239375,-0.4375,5,-14.3,0,0,SMALL_SAMPLE,SMALL_SAMPLE_NO_EDGE_CLAIM
1X2,P1,2021/22,2_00_2_49,NOT_AH,NOT_FT_OVER25,HOME,LT_100,75,75,23,0.306667,2.206267,-0.327067,9,-28.7,0,0,SMALL_SAMPLE,SMALL_SAMPLE_NO_EDGE_CLAIM
1X2,P1,2021/22,2_50_3_49,NOT_AH,NOT_FT_OVER25,AWAY,LT_100,81,81,26,0.320988,2.974198,-0.064938,10,-11.18,0,0,SMALL_SAMPLE,SMALL_SAMPLE_NO_EDGE_CLAIM
1X2,P1,2021/22,2_50_3_49,NOT_AH,NOT_FT_OVER25,DRAW,100_299,159,159,58,0.36478,3.185535,0.154403,13,-13.0,0,0,LOW_CONFIDENCE,LOW_CONFIDENCE_RESEARCH_ONLY
1X2,P1,2021/22,2_50_3_49,NOT_AH,NOT_FT_OVER25,HOME,LT_100,60,60,25,0.416667,2.857333,0.194,9,-9.0,0,0,SMALL_SAMPLE,SMALL_SAMPLE_NO_EDGE_CLAIM
1X2,P1,2021/22,3_50_4_99,NOT_AH,NOT_FT_OVER25,AWAY,LT_100,60,60,13,0.216667,4.039667,-0.147,13,-21.9,0,0,SMALL_SAMPLE,SMALL_SAMPLE_NO_EDGE_CLAIM
1X2,P1,2021/22,3_50_4_99,NOT_AH,NOT_FT_OVER25,DRAW,LT_100,96,96,26,0.270833,3.986771,0.044271,13,-17.35,0,0,SMALL_SAMPLE,SMALL_SAMPLE_NO_EDGE_CLAIM
1X2,P1,2021/22,3_50_4_99,NOT_AH,NOT_FT_OVER25,HOME,LT_100,21,21,4,0.190476,4.060952,-0.254762,5,-7.2,0,0,SMALL_SAMPLE,SMALL_SAMPLE_NO_EDGE_CLAIM
1X2,P1,2021/22,GE_5_00,NOT_AH,NOT_FT_OVER25,AWAY,LT_100,77,77,6,0.077922,9.636364,-0.441558,16,-34.0,0,0,SMALL_SAMPLE,SMALL_SAMPLE_NO_EDGE_CLAIM
1X2,P1,2021/22,GE_5_00,NOT_AH,NOT_FT_OVER25,DRAW,LT_100,51,51,3,0.058824,6.25,-0.656863,26,-33.5,0,0,SMALL_SAMPLE,SMALL_SAMPLE_NO_EDGE_CLAIM
1X2,P1,2021/22,GE_5_00,NOT_AH,NOT_FT_OVER25,HOME,LT_100,42,42,1,0.02381,8.154762,-0.821429,21,-34.5,0,0,SMALL_SAMPLE,SMALL_SAMPLE_NO_EDGE_CLAIM
1X2,P1,2021/22,LT_1_50,NOT_AH,NOT_FT_OVER25,AWAY,LT_100,30,30,26,0.866667,1.341,0.151667,1,-1.0,0,0,SMALL_SAMPLE,SMALL_SAMPLE_NO_EDGE_CLAIM
1X2,P1,2021/22,LT_1_50,NOT_AH,NOT_FT_OVER25,HOME,LT_100,53,53,44,0.830189,1.266226,0.041509,2,-2.2,0,0,SMALL_SAMPLE,SMALL_SAMPLE_NO_EDGE_CLAIM
1X2,P1,2022/23,1_50_1_74,NOT_AH,NOT_FT_OVER25,AWAY,LT_100,13,13,10,0.769231,1.573077,0.193846,1,-1.0,0,0,SMALL_SAMPLE,SMALL_SAMPLE_NO_EDGE_CLAIM
1X2,P1,2022/23,1_50_1_74,NOT_AH,NOT_FT_OVER25,HOME,LT_100,8,8,6,0.75,1.6325,0.21375,1,-1.0,0,0,SMALL_SAMPLE,SMALL_SAMPLE_NO_EDGE_CLAIM
1X2,P1,2022/23,1_75_1_99,NOT_AH,NOT_FT_OVER25,AWAY,LT_100,5,5,3,0.6,1.858,0.108,1,-1.0,0,0,SMALL_SAMPLE,SMALL_SAMPLE_NO_EDGE_CLAIM
1X2,P1,2022/23,1_75_1_99,NOT_AH,NOT_FT_OVER25,HOME,LT_100,33,33,23,0.69697,1.87697,0.31697,2,-2.18,0,0,SMALL_SAMPLE,SMALL_SAMPLE_NO_EDGE_CLAIM
1X2,P1,2022/23,2_00_2_49,NOT_AH,NOT_FT_OVER25,AWAY,LT_100,18,18,11,0.611111,2.285,0.376667,2,-2.0,0,0,SMALL_SAMPLE,SMALL_SAMPLE_NO_EDGE_CLAIM
1X2,P1,2022/23,2_00_2_49,NOT_AH,NOT_FT_OVER25,HOME,100_299,104,104,52,0.5,2.220096,0.126058,4,-6.46,0,0,LOW_CONFIDENCE,LOW_CONFIDENCE_RESEARCH_ONLY
1X2,P1,2022/23,2_50_3_49,NOT_AH,NOT_FT_OVER25,AWAY,100_299,101,101,28,0.277228,3.000099,-0.173762,11,-22.12,0,0,LOW_CONFIDENCE,LOW_CONFIDENCE_RESEARCH_ONLY
1X2,P1,2022/23,2_50_3_49,NOT_AH,NOT_FT_OVER25,DRAW,100_299,173,173,43,0.248555,3.19526,-0.206358,10,-42.6,0,0,LOW_CONFIDENCE,LOW_CONFIDENCE_RESEARCH_ONLY
1X2,P1,2022/23,2_50_3_49,NOT_AH,NOT_FT_OVER25,HOME,LT_100,47,47,13,0.276596,2.741064,-0.260638,9,-13.05,0,0,SMALL_SAMPLE,SMALL_SAMPLE_NO_EDGE_CLAIM
1X2,P1,2022/23,3_50_4_99,NOT_AH,NOT_FT_OVER25,AWAY,LT_100,72,72,15,0.208333,3.893472,-0.206528,12,-19.9,0,0,SMALL_SAMPLE,SMALL_SAMPLE_NO_EDGE_CLAIM
1X2,P1,2022/23,3_50_4_99,NOT_AH,NOT_FT_OVER25,DRAW,LT_100,61,61,7,0.114754,4.027049,-0.571311,19,-35.35,0,0,SMALL_SAMPLE,SMALL_SAMPLE_NO_EDGE_CLAIM
1X2,P1,2022/23,3_50_4_99,NOT_AH,NOT_FT_OVER25,HOME,LT_100,9,9,1,0.111111,3.983333,-0.555556,5,-5.0,0,0,SMALL_SAMPLE,SMALL_SAMPLE_NO_EDGE_CLAIM
1X2,P1,2022/23,GE_5_00,NOT_AH,NOT_FT_OVER25,AWAY,LT_100,58,58,4,0.068966,13.0,-0.215517,23,-24.5,0,0,SMALL_SAMPLE,SMALL_SAMPLE_NO_EDGE_CLAIM
1X2,P1,2022/23,GE_5_00,NOT_AH,NOT_FT_OVER25,DRAW,LT_100,72,72,5,0.069444,6.461806,-0.631944,32,-45.5,0,0,SMALL_SAMPLE,SMALL_SAMPLE_NO_EDGE_CLAIM
1X2,P1,2022/23,GE_5_00,NOT_AH,NOT_FT_OVER25,HOME,LT_100,51,51,6,0.117647,8.514706,-0.083333,16,-16.0,0,0,SMALL_SAMPLE,SMALL_SAMPLE_NO_EDGE_CLAIM
1X2,P1,2022/23,LT_1_50,NOT_AH,NOT_FT_OVER25,AWAY,LT_100,39,39,30,0.769231,1.316154,0.008718,3,-5.14,0,0,SMALL_SAMPLE,SMALL_SAMPLE_NO_EDGE_CLAIM
1X2,P1,2022/23,LT_1_50,NOT_AH,NOT_FT_OVER25,HOME,LT_100,54,54,49,0.907407,1.217593,0.099259,1,-1.0,0,0,SMALL_SAMPLE,SMALL_SAMPLE_NO_EDGE_CLAIM
1X2,P1,2023/24,1_50_1_74,NOT_AH,NOT_FT_OVER25,AWAY,LT_100,17,17,10,0.588235,1.612941,-0.052941,2,-3.27,0,0,SMALL_SAMPLE,SMALL_SAMPLE_NO_EDGE_CLAIM
1X2,P1,2023/24,1_50_1_74,NOT_AH,NOT_FT_OVER25,HOME,LT_100,25,25,15,0.6,1.626,-0.0172,3,-3.0,0,0,SMALL_SAMPLE,SMALL_SAMPLE_NO_EDGE_CLAIM
1X2,P1,2023/24,1_75_1_99,NOT_AH,NOT_FT_OVER25,AWAY,LT_100,5,5,4,0.8,1.91,0.528,1,-1.0,0,0,SMALL_SAMPLE,SMALL_SAMPLE_NO_EDGE_CLAIM
1X2,P1,2023/24,1_75_1_99,NOT_AH,NOT_FT_OVER25,HOME,LT_100,25,25,16,0.64,1.8592,0.1804,2,-2.25,0,0,SMALL_SAMPLE,SMALL_SAMPLE_NO_EDGE_CLAIM
1X2,P1,2023/24,2_00_2_49,NOT_AH,NOT_FT_OVER25,AWAY,LT_100,23,23,12,0.521739,2.231739,0.147826,4,-5.65,0,0,SMALL_SAMPLE,SMALL_SAMPLE_NO_EDGE_CLAIM
1X2,P1,2023/24,2_00_2_49,NOT_AH,NOT_FT_OVER25,HOME,LT_100,72,72,32,0.444444,2.187361,-0.039444,6,-8.29,0,0,SMALL_SAMPLE,SMALL_SAMPLE_NO_EDGE_CLAIM
1X2,P1,2023/24,2_50_3_49,NOT_AH,NOT_FT_OVER25,AWAY,LT_100,98,98,26,0.265306,2.934898,-0.236837,9,-27.56,0,0,SMALL_SAMPLE,SMALL_SAMPLE_NO_EDGE_CLAIM
1X2,P1,2023/24,2_50_3_49,NOT_AH,NOT_FT_OVER25,DRAW,100_299,131,131,47,0.358779,3.231908,0.155954,13,-14.9,0,0,LOW_CONFIDENCE,LOW_CONFIDENCE_RESEARCH_ONLY
1X2,P1,2023/24,2_50_3_49,NOT_AH,NOT_FT_OVER25,HOME,LT_100,71,71,19,0.267606,2.76662,-0.28169,10,-21.75,0,0,SMALL_SAMPLE,SMALL_SAMPLE_NO_EDGE_CLAIM
1X2,P1,2023/24,3_50_4_99,NOT_AH,NOT_FT_OVER25,AWAY,LT_100,53,53,9,0.169811,3.966604,-0.30566,11,-17.75,0,0,SMALL_SAMPLE,SMALL_SAMPLE_NO_EDGE_CLAIM
1X2,P1,2023/24,3_50_4_99,NOT_AH,NOT_FT_OVER25,DRAW,LT_100,97,97,20,0.206186,3.881546,-0.201753,13,-19.67,0,0,SMALL_SAMPLE,SMALL_SAMPLE_NO_EDGE_CLAIM
1X2,P1,2023/24,3_50_4_99,NOT_AH,NOT_FT_OVER25,HOME,LT_100,14,14,4,0.285714,4.141429,0.15,5,-5.0,0,0,SMALL_SAMPLE,SMALL_SAMPLE_NO_EDGE_CLAIM
1X2,P1,2023/24,GE_5_00,NOT_AH,NOT_FT_OVER25,AWAY,LT_100,74,74,8,0.108108,10.685811,-0.263514,14,-28.75,0,0,SMALL_SAMPLE,SMALL_SAMPLE_NO_EDGE_CLAIM
1X2,P1,2023/24,GE_5_00,NOT_AH,NOT_FT_OVER25,DRAW,LT_100,78,78,8,0.102564,6.573718,-0.346154,14,-30.25,0,0,SMALL_SAMPLE,SMALL_SAMPLE_NO_EDGE_CLAIM
1X2,P1,2023/24,GE_5_00,NOT_AH,NOT_FT_OVER25,HOME,LT_100,47,47,4,0.085106,8.101064,-0.255319,26,-26.0,0,0,SMALL_SAMPLE,SMALL_SAMPLE_NO_EDGE_CLAIM
1X2,P1,2023/24,LT_1_50,NOT_AH,NOT_FT_OVER25,AWAY,LT_100,36,36,29,0.805556,1.326667,0.063889,1,-1.64,0,0,SMALL_SAMPLE,SMALL_SAMPLE_NO_EDGE_CLAIM
1X2,P1,2023/24,LT_1_50,NOT_AH,NOT_FT_OVER25,HOME,LT_100,52,52,43,0.826923,1.221154,0.003654,3,-3.0,0,0,SMALL_SAMPLE,SMALL_SAMPLE_NO_EDGE_CLAIM
1X2,P1,2024/25,1_50_1_74,NOT_AH,NOT_FT_OVER25,AWAY,LT_100,18,18,12,0.666667,1.622778,0.079444,2,-2.0,0,0,SMALL_SAMPLE,SMALL_SAMPLE_NO_EDGE_CLAIM
1X2,P1,2024/25,1_50_1_74,NOT_AH,NOT_FT_OVER25,HOME,LT_100,28,28,18,0.642857,1.630714,0.037143,7,-7.0,0,0,SMALL_SAMPLE,SMALL_SAMPLE_NO_EDGE_CLAIM
1X2,P1,2024/25,1_75_1_99,NOT_AH,NOT_FT_OVER25,AWAY,LT_100,14,14,6,0.428571,1.875,-0.199286,4,-5.1,0,0,SMALL_SAMPLE,SMALL_SAMPLE_NO_EDGE_CLAIM
1X2,P1,2024/25,1_75_1_99,NOT_AH,NOT_FT_OVER25,HOME,LT_100,33,33,18,0.545455,1.871515,0.020303,5,-5.44,0,0,SMALL_SAMPLE,SMALL_SAMPLE_NO_EDGE_CLAIM
1X2,P1,2024/25,2_00_2_49,NOT_AH,NOT_FT_OVER25,AWAY,LT_100,29,29,16,0.551724,2.261034,0.235517,3,-3.0,0,0,SMALL_SAMPLE,SMALL_SAMPLE_NO_EDGE_CLAIM
1X2,P1,2024/25,2_00_2_49,NOT_AH,NOT_FT_OVER25,HOME,LT_100,63,63,24,0.380952,2.193968,-0.166508,8,-15.72,0,0,SMALL_SAMPLE,SMALL_SAMPLE_NO_EDGE_CLAIM
1X2,P1,2024/25,2_50_3_49,NOT_AH,NOT_FT_OVER25,AWAY,LT_100,73,73,26,0.356164,2.970822,0.048767,6,-15.15,0,0,SMALL_SAMPLE,SMALL_SAMPLE_NO_EDGE_CLAIM
1X2,P1,2024/25,2_50_3_49,NOT_AH,NOT_FT_OVER25,DRAW,100_299,155,155,49,0.316129,3.162516,0.000516,10,-13.8,0,0,LOW_CONFIDENCE,LOW_CONFIDENCE_RESEARCH_ONLY
1X2,P1,2024/25,2_50_3_49,NOT_AH,NOT_FT_OVER25,HOME,LT_100,58,58,19,0.327586,2.864655,-0.076897,13,-13.15,0,0,SMALL_SAMPLE,SMALL_SAMPLE_NO_EDGE_CLAIM
1X2,P1,2024/25,3_50_4_99,NOT_AH,NOT_FT_OVER25,AWAY,LT_100,64,64,7,0.109375,4.059062,-0.564375,25,-41.65,0,0,SMALL_SAMPLE,SMALL_SAMPLE_NO_EDGE_CLAIM
1X2,P1,2024/25,3_50_4_99,NOT_AH,NOT_FT_OVER25,DRAW,LT_100,90,90,25,0.277778,3.890556,0.082889,11,-17.0,0,0,SMALL_SAMPLE,SMALL_SAMPLE_NO_EDGE_CLAIM
1X2,P1,2024/25,3_50_4_99,NOT_AH,NOT_FT_OVER25,HOME,LT_100,25,25,3,0.12,4.0324,-0.5368,11,-13.42,0,0,SMALL_SAMPLE,SMALL_SAMPLE_NO_EDGE_CLAIM
1X2,P1,2024/25,GE_5_00,NOT_AH,NOT_FT_OVER25,AWAY,LT_100,76,76,7,0.092105,10.490132,-0.381579,24,-32.5,0,0,SMALL_SAMPLE,SMALL_SAMPLE_NO_EDGE_CLAIM
1X2,P1,2024/25,GE_5_00,NOT_AH,NOT_FT_OVER25,DRAW,LT_100,61,61,5,0.081967,6.991803,-0.459016,27,-28.0,0,0,SMALL_SAMPLE,SMALL_SAMPLE_NO_EDGE_CLAIM
1X2,P1,2024/25,GE_5_00,NOT_AH,NOT_FT_OVER25,HOME,LT_100,48,48,9,0.1875,8.223958,0.255208,11,-11.0,0,0,SMALL_SAMPLE,SMALL_SAMPLE_NO_EDGE_CLAIM
1X2,P1,2024/25,LT_1_50,NOT_AH,NOT_FT_OVER25,AWAY,LT_100,32,32,21,0.65625,1.307187,-0.167187,3,-7.78,0,0,SMALL_SAMPLE,SMALL_SAMPLE_NO_EDGE_CLAIM
1X2,P1,2024/25,LT_1_50,NOT_AH,NOT_FT_OVER25,HOME,LT_100,51,51,41,0.803922,1.236078,-0.023922,2,-3.46,0,0,SMALL_SAMPLE,SMALL_SAMPLE_NO_EDGE_CLAIM
1X2,SP1,2020/21,1_50_1_74,NOT_AH,NOT_FT_OVER25,AWAY,LT_100,25,25,20,0.8,1.6052,0.278,2,-2.0,0,0,SMALL_SAMPLE,SMALL_SAMPLE_NO_EDGE_CLAIM
1X2,SP1,2020/21,1_50_1_74,NOT_AH,NOT_FT_OVER25,HOME,LT_100,48,48,29,0.604167,1.613125,-0.030417,7,-7.13,0,0,SMALL_SAMPLE,SMALL_SAMPLE_NO_EDGE_CLAIM
1X2,SP1,2020/21,1_75_1_99,NOT_AH,NOT_FT_OVER25,AWAY,LT_100,23,23,12,0.521739,1.833913,-0.043478,3,-5.25,0,0,SMALL_SAMPLE,SMALL_SAMPLE_NO_EDGE_CLAIM
1X2,SP1,2020/21,1_75_1_99,NOT_AH,NOT_FT_OVER25,HOME,LT_100,42,42,19,0.452381,1.838571,-0.169524,5,-10.32,0,0,SMALL_SAMPLE,SMALL_SAMPLE_NO_EDGE_CLAIM
1X2,SP1,2020/21,2_00_2_49,NOT_AH,NOT_FT_OVER25,AWAY,LT_100,47,47,21,0.446809,2.200638,-0.013404,4,-7.0,0,0,SMALL_SAMPLE,SMALL_SAMPLE_NO_EDGE_CLAIM
1X2,SP1,2020/21,2_00_2_49,NOT_AH,NOT_FT_OVER25,HOME,LT_100,72,72,35,0.486111,2.203333,0.06125,10,-12.95,0,0,SMALL_SAMPLE,SMALL_SAMPLE_NO_EDGE_CLAIM
1X2,SP1,2020/21,2_50_3_49,NOT_AH,NOT_FT_OVER25,AWAY,LT_100,87,87,19,0.218391,2.919195,-0.38023,10,-33.08,0,0,SMALL_SAMPLE,SMALL_SAMPLE_NO_EDGE_CLAIM
1X2,SP1,2020/21,2_50_3_49,NOT_AH,NOT_FT_OVER25,DRAW,100_299,181,181,62,0.342541,3.146906,0.072155,9,-11.3,0,0,LOW_CONFIDENCE,LOW_CONFIDENCE_RESEARCH_ONLY
1X2,SP1,2020/21,2_50_3_49,NOT_AH,NOT_FT_OVER25,HOME,LT_100,73,73,23,0.315068,2.884658,-0.107945,6,-12.0,0,0,SMALL_SAMPLE,SMALL_SAMPLE_NO_EDGE_CLAIM
1X2,SP1,2020/21,3_50_4_99,NOT_AH,NOT_FT_OVER25,AWAY,LT_100,80,80,13,0.1625,4.149,-0.30275,16,-37.0,0,0,SMALL_SAMPLE,SMALL_SAMPLE_NO_EDGE_CLAIM
1X2,SP1,2020/21,3_50_4_99,NOT_AH,NOT_FT_OVER25,DRAW,100_299,155,155,40,0.258065,3.917355,-0.022968,11,-13.59,0,0,LOW_CONFIDENCE,LOW_CONFIDENCE_RESEARCH_ONLY
1X2,SP1,2020/21,3_50_4_99,NOT_AH,NOT_FT_OVER25,HOME,LT_100,47,47,9,0.191489,3.99617,-0.241489,13,-17.2,0,0,SMALL_SAMPLE,SMALL_SAMPLE_NO_EDGE_CLAIM
1X2,SP1,2020/21,GE_5_00,NOT_AH,NOT_FT_OVER25,AWAY,LT_100,97,97,14,0.14433,8.331959,0.213402,23,-34.5,0,0,SMALL_SAMPLE,SMALL_SAMPLE_NO_EDGE_CLAIM|HIGH_DRAWDOWN_RISK
1X2,SP1,2020/21,GE_5_00,NOT_AH,NOT_FT_OVER25,DRAW,LT_100,44,44,7,0.159091,6.263636,0.056818,13,-13.0,0,0,SMALL_SAMPLE,SMALL_SAMPLE_NO_EDGE_CLAIM
1X2,SP1,2020/21,GE_5_00,NOT_AH,NOT_FT_OVER25,HOME,LT_100,49,49,6,0.122449,6.75,-0.193878,20,-20.0,0,0,SMALL_SAMPLE,SMALL_SAMPLE_NO_EDGE_CLAIM
1X2,SP1,2020/21,LT_1_50,NOT_AH,NOT_FT_OVER25,AWAY,LT_100,21,21,14,0.666667,1.352381,-0.086667,3,-3.81,0,0,SMALL_SAMPLE,SMALL_SAMPLE_NO_EDGE_CLAIM
1X2,SP1,2020/21,LT_1_50,NOT_AH,NOT_FT_OVER25,HOME,LT_100,49,49,37,0.755102,1.310204,-0.002857,2,-5.45,0,0,SMALL_SAMPLE,SMALL_SAMPLE_NO_EDGE_CLAIM
1X2,SP1,2021/22,1_50_1_74,NOT_AH,NOT_FT_OVER25,AWAY,LT_100,20,20,10,0.5,1.5985,-0.2055,3,-6.24,0,0,SMALL_SAMPLE,SMALL_SAMPLE_NO_EDGE_CLAIM
1X2,SP1,2021/22,1_50_1_74,NOT_AH,NOT_FT_OVER25,HOME,LT_100,54,54,36,0.666667,1.592407,0.052222,3,-3.3,0,0,SMALL_SAMPLE,SMALL_SAMPLE_NO_EDGE_CLAIM
1X2,SP1,2021/22,1_75_1_99,NOT_AH,NOT_FT_OVER25,AWAY,LT_100,18,18,10,0.555556,1.851111,0.031111,5,-5.0,0,0,SMALL_SAMPLE,SMALL_SAMPLE_NO_EDGE_CLAIM
1X2,SP1,2021/22,1_75_1_99,NOT_AH,NOT_FT_OVER25,HOME,LT_100,40,40,26,0.65,1.84025,0.19325,2,-2.45,0,0,SMALL_SAMPLE,SMALL_SAMPLE_NO_EDGE_CLAIM
1X2,SP1,2021/22,2_00_2_49,NOT_AH,NOT_FT_OVER25,AWAY,LT_100,54,54,26,0.481481,2.233148,0.085,4,-5.55,0,0,SMALL_SAMPLE,SMALL_SAMPLE_NO_EDGE_CLAIM
1X2,SP1,2021/22,2_00_2_49,NOT_AH,NOT_FT_OVER25,HOME,LT_100,78,78,30,0.384615,2.224231,-0.156538,8,-13.75,0,0,SMALL_SAMPLE,SMALL_SAMPLE_NO_EDGE_CLAIM
1X2,SP1,2021/22,2_50_3_49,NOT_AH,NOT_FT_OVER25,AWAY,LT_100,91,91,29,0.318681,2.962198,-0.058901,8,-13.26,0,0,SMALL_SAMPLE,SMALL_SAMPLE_NO_EDGE_CLAIM
1X2,SP1,2021/22,2_50_3_49,NOT_AH,NOT_FT_OVER25,DRAW,100_299,196,196,74,0.377551,3.174796,0.193112,13,-13.75,0,0,LOW_CONFIDENCE,LOW_CONFIDENCE_RESEARCH_ONLY
1X2,SP1,2021/22,2_50_3_49,NOT_AH,NOT_FT_OVER25,HOME,LT_100,81,81,21,0.259259,2.914815,-0.248765,12,-25.6,0,0,SMALL_SAMPLE,SMALL_SAMPLE_NO_EDGE_CLAIM
1X2,SP1,2021/22,3_50_4_99,NOT_AH,NOT_FT_OVER25,AWAY,LT_100,69,69,11,0.15942,4.066522,-0.356812,10,-30.92,0,0,SMALL_SAMPLE,SMALL_SAMPLE_NO_EDGE_CLAIM
1X2,SP1,2021/22,3_50_4_99,NOT_AH,NOT_FT_OVER25,DRAW,100_299,155,155,29,0.187097,3.976258,-0.257226,20,-55.55,0,0,LOW_CONFIDENCE,LOW_CONFIDENCE_RESEARCH_ONLY
1X2,SP1,2021/22,3_50_4_99,NOT_AH,NOT_FT_OVER25,HOME,LT_100,40,40,4,0.1,3.954,-0.62,20,-26.0,0,0,SMALL_SAMPLE,SMALL_SAMPLE_NO_EDGE_CLAIM
1X2,SP1,2021/22,GE_5_00,NOT_AH,NOT_FT_OVER25,AWAY,100_299,122,122,14,0.114754,7.516393,-0.07582,21,-28.75,0,0,LOW_CONFIDENCE,LOW_CONFIDENCE_RESEARCH_ONLY
1X2,SP1,2021/22,GE_5_00,NOT_AH,NOT_FT_OVER25,DRAW,LT_100,29,29,8,0.275862,5.793103,0.732759,7,-7.0,0,0,SMALL_SAMPLE,SMALL_SAMPLE_NO_EDGE_CLAIM
1X2,SP1,2021/22,GE_5_00,NOT_AH,NOT_FT_OVER25,HOME,LT_100,26,26,7,0.269231,6.192308,0.615385,6,-6.0,0,0,SMALL_SAMPLE,SMALL_SAMPLE_NO_EDGE_CLAIM
1X2,SP1,2021/22,LT_1_50,NOT_AH,NOT_FT_OVER25,AWAY,LT_100,6,6,4,0.666667,1.428333,-0.051667,2,-2.0,0,0,SMALL_SAMPLE,SMALL_SAMPLE_NO_EDGE_CLAIM
1X2,SP1,2021/22,LT_1_50,NOT_AH,NOT_FT_OVER25,HOME,LT_100,61,61,41,0.672131,1.357049,-0.077377,4,-6.22,0,0,SMALL_SAMPLE,SMALL_SAMPLE_NO_EDGE_CLAIM
1X2,SP1,2022/23,1_50_1_74,NOT_AH,NOT_FT_OVER25,AWAY,LT_100,20,20,11,0.55,1.636,-0.1195,2,-4.49,0,0,SMALL_SAMPLE,SMALL_SAMPLE_NO_EDGE_CLAIM
1X2,SP1,2022/23,1_50_1_74,NOT_AH,NOT_FT_OVER25,HOME,LT_100,55,55,27,0.490909,1.613636,-0.206727,6,-11.97,0,0,SMALL_SAMPLE,SMALL_SAMPLE_NO_EDGE_CLAIM
1X2,SP1,2022/23,1_75_1_99,NOT_AH,NOT_FT_OVER25,AWAY,LT_100,14,14,9,0.642857,1.837857,0.178571,2,-2.0,0,0,SMALL_SAMPLE,SMALL_SAMPLE_NO_EDGE_CLAIM
1X2,SP1,2022/23,1_75_1_99,NOT_AH,NOT_FT_OVER25,HOME,LT_100,41,41,25,0.609756,1.854878,0.137561,3,-3.05,0,0,SMALL_SAMPLE,SMALL_SAMPLE_NO_EDGE_CLAIM
1X2,SP1,2022/23,2_00_2_49,NOT_AH,NOT_FT_OVER25,AWAY,LT_100,54,54,26,0.481481,2.245741,0.060556,5,-9.6,0,0,SMALL_SAMPLE,SMALL_SAMPLE_NO_EDGE_CLAIM
1X2,SP1,2022/23,2_00_2_49,NOT_AH,NOT_FT_OVER25,HOME,LT_100,83,83,39,0.46988,2.195904,0.029277,4,-7.7,0,0,SMALL_SAMPLE,SMALL_SAMPLE_NO_EDGE_CLAIM
1X2,SP1,2022/23,2_50_3_49,NOT_AH,NOT_FT_OVER25,AWAY,LT_100,96,96,25,0.260417,2.966771,-0.248125,16,-32.29,0,0,SMALL_SAMPLE,SMALL_SAMPLE_NO_EDGE_CLAIM
1X2,SP1,2022/23,2_50_3_49,NOT_AH,NOT_FT_OVER25,DRAW,100_299,195,195,52,0.266667,3.168769,-0.153128,17,-36.86,0,0,LOW_CONFIDENCE,LOW_CONFIDENCE_RESEARCH_ONLY
1X2,SP1,2022/23,2_50_3_49,NOT_AH,NOT_FT_OVER25,HOME,LT_100,87,87,36,0.413793,2.918851,0.218046,6,-7.3,0,0,SMALL_SAMPLE,SMALL_SAMPLE_NO_EDGE_CLAIM
1X2,SP1,2022/23,3_50_4_99,NOT_AH,NOT_FT_OVER25,AWAY,LT_100,79,79,15,0.189873,4.12,-0.22557,16,-28.9,0,0,SMALL_SAMPLE,SMALL_SAMPLE_NO_EDGE_CLAIM
1X2,SP1,2022/23,3_50_4_99,NOT_AH,NOT_FT_OVER25,DRAW,100_299,145,145,32,0.22069,3.897034,-0.161862,17,-38.37,0,0,LOW_CONFIDENCE,LOW_CONFIDENCE_RESEARCH_ONLY
1X2,SP1,2022/23,3_50_4_99,NOT_AH,NOT_FT_OVER25,HOME,LT_100,41,41,9,0.219512,4.115366,-0.092683,14,-15.25,0,0,SMALL_SAMPLE,SMALL_SAMPLE_NO_EDGE_CLAIM
1X2,SP1,2022/23,GE_5_00,NOT_AH,NOT_FT_OVER25,AWAY,100_299,108,108,16,0.148148,7.854167,-0.125,14,-24.25,0,0,LOW_CONFIDENCE,LOW_CONFIDENCE_RESEARCH_ONLY
1X2,SP1,2022/23,GE_5_00,NOT_AH,NOT_FT_OVER25,DRAW,LT_100,40,40,5,0.125,6.18125,-0.2625,11,-16.75,0,0,SMALL_SAMPLE,SMALL_SAMPLE_NO_EDGE_CLAIM
1X2,SP1,2022/23,GE_5_00,NOT_AH,NOT_FT_OVER25,HOME,LT_100,22,22,5,0.227273,6.5,0.363636,9,-9.0,0,0,SMALL_SAMPLE,SMALL_SAMPLE_NO_EDGE_CLAIM
1X2,SP1,2022/23,LT_1_50,NOT_AH,NOT_FT_OVER25,AWAY,LT_100,9,9,7,0.777778,1.377778,0.057778,1,-1.7,0,0,SMALL_SAMPLE,SMALL_SAMPLE_NO_EDGE_CLAIM
1X2,SP1,2022/23,LT_1_50,NOT_AH,NOT_FT_OVER25,HOME,LT_100,51,51,41,0.803922,1.31,0.045882,3,-3.0,0,0,SMALL_SAMPLE,SMALL_SAMPLE_NO_EDGE_CLAIM
1X2,SP1,2023/24,1_50_1_74,NOT_AH,NOT_FT_OVER25,AWAY,LT_100,20,20,10,0.5,1.622,-0.2025,6,-7.15,0,0,SMALL_SAMPLE,SMALL_SAMPLE_NO_EDGE_CLAIM
1X2,SP1,2023/24,1_50_1_74,NOT_AH,NOT_FT_OVER25,HOME,LT_100,63,63,44,0.698413,1.630476,0.141905,4,-4.38,0,0,SMALL_SAMPLE,SMALL_SAMPLE_NO_EDGE_CLAIM
1X2,SP1,2023/24,1_75_1_99,NOT_AH,NOT_FT_OVER25,AWAY,LT_100,20,20,12,0.6,1.8655,0.1195,3,-3.38,0,0,SMALL_SAMPLE,SMALL_SAMPLE_NO_EDGE_CLAIM
1X2,SP1,2023/24,1_75_1_99,NOT_AH,NOT_FT_OVER25,HOME,LT_100,44,44,23,0.522727,1.872045,-0.017955,3,-4.95,0,0,SMALL_SAMPLE,SMALL_SAMPLE_NO_EDGE_CLAIM
1X2,SP1,2023/24,2_00_2_49,NOT_AH,NOT_FT_OVER25,AWAY,LT_100,44,44,25,0.568182,2.211136,0.264318,5,-5.7,0,0,SMALL_SAMPLE,SMALL_SAMPLE_NO_EDGE_CLAIM
1X2,SP1,2023/24,2_00_2_49,NOT_AH,NOT_FT_OVER25,HOME,LT_100,76,76,27,0.355263,2.202237,-0.222895,8,-20.77,0,0,SMALL_SAMPLE,SMALL_SAMPLE_NO_EDGE_CLAIM
1X2,SP1,2023/24,2_50_3_49,NOT_AH,NOT_FT_OVER25,AWAY,LT_100,87,87,29,0.333333,2.976897,-0.024483,15,-19.47,0,0,SMALL_SAMPLE,SMALL_SAMPLE_NO_EDGE_CLAIM
1X2,SP1,2023/24,2_50_3_49,NOT_AH,NOT_FT_OVER25,DRAW,100_299,177,177,59,0.333333,3.16678,0.059492,10,-18.6,0,0,LOW_CONFIDENCE,LOW_CONFIDENCE_RESEARCH_ONLY
1X2,SP1,2023/24,2_50_3_49,NOT_AH,NOT_FT_OVER25,HOME,LT_100,81,81,22,0.271605,2.858025,-0.245802,10,-23.26,0,0,SMALL_SAMPLE,SMALL_SAMPLE_NO_EDGE_CLAIM
1X2,SP1,2023/24,3_50_4_99,NOT_AH,NOT_FT_OVER25,AWAY,LT_100,91,91,17,0.186813,4.088242,-0.248132,23,-34.24,0,0,SMALL_SAMPLE,SMALL_SAMPLE_NO_EDGE_CLAIM
1X2,SP1,2023/24,3_50_4_99,NOT_AH,NOT_FT_OVER25,DRAW,100_299,159,159,42,0.264151,3.907484,0.024717,14,-27.3,0,0,LOW_CONFIDENCE,LOW_CONFIDENCE_RESEARCH_ONLY|HIGH_DRAWDOWN_RISK
1X2,SP1,2023/24,3_50_4_99,NOT_AH,NOT_FT_OVER25,HOME,LT_100,41,41,6,0.146341,4.06122,-0.421951,20,-21.4,0,0,SMALL_SAMPLE,SMALL_SAMPLE_NO_EDGE_CLAIM
1X2,SP1,2023/24,GE_5_00,NOT_AH,NOT_FT_OVER25,AWAY,100_299,112,112,9,0.080357,7.513393,-0.497768,23,-61.0,0,0,LOW_CONFIDENCE,LOW_CONFIDENCE_RESEARCH_ONLY
1X2,SP1,2023/24,GE_5_00,NOT_AH,NOT_FT_OVER25,DRAW,LT_100,44,44,6,0.136364,6.0,-0.176136,15,-16.25,0,0,SMALL_SAMPLE,SMALL_SAMPLE_NO_EDGE_CLAIM
1X2,SP1,2023/24,GE_5_00,NOT_AH,NOT_FT_OVER25,HOME,LT_100,21,21,1,0.047619,5.97619,-0.75,15,-15.75,0,0,SMALL_SAMPLE,SMALL_SAMPLE_NO_EDGE_CLAIM
1X2,SP1,2023/24,LT_1_50,NOT_AH,NOT_FT_OVER25,AWAY,LT_100,6,6,4,0.666667,1.423333,-0.051667,2,-2.0,0,0,SMALL_SAMPLE,SMALL_SAMPLE_NO_EDGE_CLAIM
1X2,SP1,2023/24,LT_1_50,NOT_AH,NOT_FT_OVER25,HOME,LT_100,54,54,44,0.814815,1.321481,0.076852,2,-2.56,0,0,SMALL_SAMPLE,SMALL_SAMPLE_NO_EDGE_CLAIM
1X2,SP1,2024/25,1_50_1_74,NOT_AH,NOT_FT_OVER25,AWAY,LT_100,24,24,15,0.625,1.65875,0.044167,3,-4.67,0,0,SMALL_SAMPLE,SMALL_SAMPLE_NO_EDGE_CLAIM
1X2,SP1,2024/25,1_50_1_74,NOT_AH,NOT_FT_OVER25,HOME,LT_100,44,44,26,0.590909,1.646364,-0.029545,8,-8.0,0,0,SMALL_SAMPLE,SMALL_SAMPLE_NO_EDGE_CLAIM
1X2,SP1,2024/25,1_75_1_99,NOT_AH,NOT_FT_OVER25,AWAY,LT_100,12,12,7,0.583333,1.875,0.096667,2,-2.05,0,0,SMALL_SAMPLE,SMALL_SAMPLE_NO_EDGE_CLAIM
1X2,SP1,2024/25,1_75_1_99,NOT_AH,NOT_FT_OVER25,HOME,LT_100,46,46,20,0.434783,1.842826,-0.207826,7,-12.59,0,0,SMALL_SAMPLE,SMALL_SAMPLE_NO_EDGE_CLAIM
1X2,SP1,2024/25,2_00_2_49,NOT_AH,NOT_FT_OVER25,AWAY,LT_100,49,49,28,0.571429,2.221224,0.26102,3,-3.95,0,0,SMALL_SAMPLE,SMALL_SAMPLE_NO_EDGE_CLAIM
1X2,SP1,2024/25,2_00_2_49,NOT_AH,NOT_FT_OVER25,HOME,LT_100,74,74,33,0.445946,2.211757,-0.013378,8,-18.7,0,0,SMALL_SAMPLE,SMALL_SAMPLE_NO_EDGE_CLAIM
1X2,SP1,2024/25,2_50_3_49,NOT_AH,NOT_FT_OVER25,AWAY,LT_100,79,79,25,0.316456,2.988734,-0.064684,7,-15.59,0,0,SMALL_SAMPLE,SMALL_SAMPLE_NO_EDGE_CLAIM
1X2,SP1,2024/25,2_50_3_49,NOT_AH,NOT_FT_OVER25,DRAW,100_299,188,188,60,0.319149,3.097447,-0.012234,9,-15.65,0,0,LOW_CONFIDENCE,LOW_CONFIDENCE_RESEARCH_ONLY
1X2,SP1,2024/25,2_50_3_49,NOT_AH,NOT_FT_OVER25,HOME,LT_100,80,80,21,0.2625,2.8775,-0.26,15,-22.1,0,0,SMALL_SAMPLE,SMALL_SAMPLE_NO_EDGE_CLAIM
1X2,SP1,2024/25,3_50_4_99,NOT_AH,NOT_FT_OVER25,AWAY,LT_100,78,78,17,0.217949,4.038462,-0.111538,14,-19.0,0,0,SMALL_SAMPLE,SMALL_SAMPLE_NO_EDGE_CLAIM
1X2,SP1,2024/25,3_50_4_99,NOT_AH,NOT_FT_OVER25,DRAW,100_299,137,137,33,0.240876,3.910438,-0.053431,18,-24.3,0,0,LOW_CONFIDENCE,LOW_CONFIDENCE_RESEARCH_ONLY
1X2,SP1,2024/25,3_50_4_99,NOT_AH,NOT_FT_OVER25,HOME,LT_100,41,41,10,0.243902,4.04878,-0.039024,11,-11.0,0,0,SMALL_SAMPLE,SMALL_SAMPLE_NO_EDGE_CLAIM
1X2,SP1,2024/25,GE_5_00,NOT_AH,NOT_FT_OVER25,AWAY,100_299,124,124,13,0.104839,8.155242,-0.183468,25,-33.25,0,0,LOW_CONFIDENCE,LOW_CONFIDENCE_RESEARCH_ONLY
1X2,SP1,2024/25,GE_5_00,NOT_AH,NOT_FT_OVER25,DRAW,LT_100,55,55,4,0.072727,6.359091,-0.604545,21,-41.0,0,0,SMALL_SAMPLE,SMALL_SAMPLE_NO_EDGE_CLAIM
1X2,SP1,2024/25,GE_5_00,NOT_AH,NOT_FT_OVER25,HOME,LT_100,29,29,3,0.103448,6.741379,-0.258621,12,-12.0,0,0,SMALL_SAMPLE,SMALL_SAMPLE_NO_EDGE_CLAIM
1X2,SP1,2024/25,LT_1_50,NOT_AH,NOT_FT_OVER25,AWAY,LT_100,14,14,9,0.642857,1.353571,-0.143571,2,-3.14,0,0,SMALL_SAMPLE,SMALL_SAMPLE_NO_EDGE_CLAIM
1X2,SP1,2024/25,LT_1_50,NOT_AH,NOT_FT_OVER25,HOME,LT_100,66,66,56,0.848485,1.304091,0.103788,3,-3.0,0,0,SMALL_SAMPLE,SMALL_SAMPLE_NO_EDGE_CLAIM
1X2,T1,2020/21,1_50_1_74,NOT_AH,NOT_FT_OVER25,AWAY,LT_100,21,21,16,0.761905,1.647143,0.24381,1,-1.4,0,0,SMALL_SAMPLE,SMALL_SAMPLE_NO_EDGE_CLAIM
1X2,T1,2020/21,1_50_1_74,NOT_AH,NOT_FT_OVER25,HOME,LT_100,48,48,30,0.625,1.617083,0.009583,3,-3.63,0,0,SMALL_SAMPLE,SMALL_SAMPLE_NO_EDGE_CLAIM
1X2,T1,2020/21,1_75_1_99,NOT_AH,NOT_FT_OVER25,AWAY,LT_100,32,32,16,0.5,1.865938,-0.067812,5,-5.55,0,0,SMALL_SAMPLE,SMALL_SAMPLE_NO_EDGE_CLAIM
1X2,T1,2020/21,1_75_1_99,NOT_AH,NOT_FT_OVER25,HOME,LT_100,45,45,21,0.466667,1.855111,-0.129111,6,-10.62,0,0,SMALL_SAMPLE,SMALL_SAMPLE_NO_EDGE_CLAIM
1X2,T1,2020/21,2_00_2_49,NOT_AH,NOT_FT_OVER25,AWAY,LT_100,67,67,21,0.313433,2.232985,-0.305672,10,-21.53,0,0,SMALL_SAMPLE,SMALL_SAMPLE_NO_EDGE_CLAIM
1X2,T1,2020/21,2_00_2_49,NOT_AH,NOT_FT_OVER25,HOME,100_299,123,123,47,0.382114,2.200081,-0.169268,6,-24.76,0,0,LOW_CONFIDENCE,LOW_CONFIDENCE_RESEARCH_ONLY
1X2,T1,2020/21,2_50_3_49,NOT_AH,NOT_FT_OVER25,AWAY,100_299,125,125,41,0.328,2.97664,-0.04136,8,-24.03,0,0,LOW_CONFIDENCE,LOW_CONFIDENCE_RESEARCH_ONLY
1X2,T1,2020/21,2_50_3_49,NOT_AH,NOT_FT_OVER25,DRAW,100_299,179,179,66,0.368715,3.278771,0.201117,8,-13.25,0,0,LOW_CONFIDENCE,LOW_CONFIDENCE_RESEARCH_ONLY
1X2,T1,2020/21,2_50_3_49,NOT_AH,NOT_FT_OVER25,HOME,LT_100,96,96,32,0.333333,2.879062,-0.030521,7,-12.4,0,0,SMALL_SAMPLE,SMALL_SAMPLE_NO_EDGE_CLAIM
1X2,T1,2020/21,3_50_4_99,NOT_AH,NOT_FT_OVER25,AWAY,LT_100,98,98,16,0.163265,3.997449,-0.350816,17,-36.38,0,0,SMALL_SAMPLE,SMALL_SAMPLE_NO_EDGE_CLAIM
1X2,T1,2020/21,3_50_4_99,NOT_AH,NOT_FT_OVER25,DRAW,100_299,220,220,50,0.227273,3.840636,-0.141909,19,-42.17,0,0,LOW_CONFIDENCE,LOW_CONFIDENCE_RESEARCH_ONLY
1X2,T1,2020/21,3_50_4_99,NOT_AH,NOT_FT_OVER25,HOME,LT_100,52,52,13,0.25,3.991154,0.004808,13,-13.3,0,0,SMALL_SAMPLE,SMALL_SAMPLE_NO_EDGE_CLAIM
1X2,T1,2020/21,GE_5_00,NOT_AH,NOT_FT_OVER25,AWAY,LT_100,72,72,15,0.208333,6.913194,0.402778,13,-13.0,0,0,SMALL_SAMPLE,SMALL_SAMPLE_NO_EDGE_CLAIM
1X2,T1,2020/21,GE_5_00,NOT_AH,NOT_FT_OVER25,DRAW,LT_100,21,21,2,0.095238,5.535714,-0.52381,8,-11.0,0,0,SMALL_SAMPLE,SMALL_SAMPLE_NO_EDGE_CLAIM
1X2,T1,2020/21,GE_5_00,NOT_AH,NOT_FT_OVER25,HOME,LT_100,14,14,2,0.142857,6.232143,-0.178571,7,-7.0,0,0,SMALL_SAMPLE,SMALL_SAMPLE_NO_EDGE_CLAIM
1X2,T1,2020/21,LT_1_50,NOT_AH,NOT_FT_OVER25,AWAY,LT_100,5,5,4,0.8,1.362,0.074,1,-1.0,0,0,SMALL_SAMPLE,SMALL_SAMPLE_NO_EDGE_CLAIM
1X2,T1,2020/21,LT_1_50,NOT_AH,NOT_FT_OVER25,HOME,LT_100,42,42,28,0.666667,1.361905,-0.096905,3,-5.24,0,0,SMALL_SAMPLE,SMALL_SAMPLE_NO_EDGE_CLAIM
1X2,T1,2021/22,1_50_1_74,NOT_AH,NOT_FT_OVER25,AWAY,LT_100,14,14,8,0.571429,1.627857,-0.077143,2,-2.6,0,0,SMALL_SAMPLE,SMALL_SAMPLE_NO_EDGE_CLAIM
1X2,T1,2021/22,1_50_1_74,NOT_AH,NOT_FT_OVER25,HOME,LT_100,63,63,41,0.650794,1.613968,0.049048,5,-5.85,0,0,SMALL_SAMPLE,SMALL_SAMPLE_NO_EDGE_CLAIM
1X2,T1,2021/22,1_75_1_99,NOT_AH,NOT_FT_OVER25,AWAY,LT_100,12,12,6,0.5,1.860833,-0.0725,6,-6.0,0,0,SMALL_SAMPLE,SMALL_SAMPLE_NO_EDGE_CLAIM
1X2,T1,2021/22,1_75_1_99,NOT_AH,NOT_FT_OVER25,HOME,LT_100,56,56,28,0.5,1.854821,-0.070357,6,-9.87,0,0,SMALL_SAMPLE,SMALL_SAMPLE_NO_EDGE_CLAIM
1X2,T1,2021/22,2_00_2_49,NOT_AH,NOT_FT_OVER25,AWAY,LT_100,55,55,27,0.490909,2.232909,0.091273,6,-9.95,0,0,SMALL_SAMPLE,SMALL_SAMPLE_NO_EDGE_CLAIM
1X2,T1,2021/22,2_00_2_49,NOT_AH,NOT_FT_OVER25,HOME,100_299,114,114,51,0.447368,2.205351,-0.008333,5,-8.63,0,0,LOW_CONFIDENCE,LOW_CONFIDENCE_RESEARCH_ONLY
1X2,T1,2021/22,2_50_3_49,NOT_AH,NOT_FT_OVER25,AWAY,100_299,129,129,39,0.302326,2.924961,-0.149147,10,-25.06,0,0,LOW_CONFIDENCE,LOW_CONFIDENCE_RESEARCH_ONLY
1X2,T1,2021/22,2_50_3_49,NOT_AH,NOT_FT_OVER25,DRAW,100_299,183,183,44,0.240437,3.269126,-0.212295,17,-47.05,0,0,LOW_CONFIDENCE,LOW_CONFIDENCE_RESEARCH_ONLY
1X2,T1,2021/22,2_50_3_49,NOT_AH,NOT_FT_OVER25,HOME,LT_100,88,88,30,0.340909,2.841932,-0.063295,8,-17.63,0,0,SMALL_SAMPLE,SMALL_SAMPLE_NO_EDGE_CLAIM
1X2,T1,2021/22,3_50_4_99,NOT_AH,NOT_FT_OVER25,AWAY,LT_100,98,98,21,0.214286,4.016735,-0.151531,16,-24.6,0,0,SMALL_SAMPLE,SMALL_SAMPLE_NO_EDGE_CLAIM
1X2,T1,2021/22,3_50_4_99,NOT_AH,NOT_FT_OVER25,DRAW,100_299,189,189,46,0.243386,3.832487,-0.087937,12,-24.15,0,0,LOW_CONFIDENCE,LOW_CONFIDENCE_RESEARCH_ONLY
1X2,T1,2021/22,3_50_4_99,NOT_AH,NOT_FT_OVER25,HOME,LT_100,22,22,6,0.272727,3.994091,0.097727,6,-8.0,0,0,SMALL_SAMPLE,SMALL_SAMPLE_NO_EDGE_CLAIM
1X2,T1,2021/22,GE_5_00,NOT_AH,NOT_FT_OVER25,AWAY,LT_100,71,71,8,0.112676,6.306338,-0.390845,19,-30.25,0,0,SMALL_SAMPLE,SMALL_SAMPLE_NO_EDGE_CLAIM
1X2,T1,2021/22,GE_5_00,NOT_AH,NOT_FT_OVER25,DRAW,LT_100,8,8,1,0.125,6.0625,-0.375,6,-6.0,0,0,SMALL_SAMPLE,SMALL_SAMPLE_NO_EDGE_CLAIM
1X2,T1,2021/22,GE_5_00,NOT_AH,NOT_FT_OVER25,HOME,LT_100,9,9,0,0.0,5.5,-1.0,9,-9.0,0,0,SMALL_SAMPLE,SMALL_SAMPLE_NO_EDGE_CLAIM
1X2,T1,2021/22,LT_1_50,NOT_AH,NOT_FT_OVER25,AWAY,LT_100,1,1,1,1.0,1.28,0.28,0,0.0,0,0,SMALL_SAMPLE,SMALL_SAMPLE_NO_EDGE_CLAIM
1X2,T1,2021/22,LT_1_50,NOT_AH,NOT_FT_OVER25,HOME,LT_100,28,28,23,0.821429,1.3775,0.123929,2,-2.75,0,0,SMALL_SAMPLE,SMALL_SAMPLE_NO_EDGE_CLAIM
1X2,T1,2022/23,1_50_1_74,NOT_AH,NOT_FT_OVER25,AWAY,LT_100,15,15,11,0.733333,1.647333,0.208,3,-3.0,0,0,SMALL_SAMPLE,SMALL_SAMPLE_NO_EDGE_CLAIM
1X2,T1,2022/23,1_50_1_74,NOT_AH,NOT_FT_OVER25,HOME,LT_100,44,44,29,0.659091,1.615227,0.062045,3,-3.5,0,0,SMALL_SAMPLE,SMALL_SAMPLE_NO_EDGE_CLAIM
1X2,T1,2022/23,1_75_1_99,NOT_AH,NOT_FT_OVER25,AWAY,LT_100,15,15,9,0.6,1.835333,0.102667,3,-3.0,0,0,SMALL_SAMPLE,SMALL_SAMPLE_NO_EDGE_CLAIM
1X2,T1,2022/23,1_75_1_99,NOT_AH,NOT_FT_OVER25,HOME,LT_100,45,45,28,0.622222,1.859778,0.158,4,-5.09,0,0,SMALL_SAMPLE,SMALL_SAMPLE_NO_EDGE_CLAIM
1X2,T1,2022/23,2_00_2_49,NOT_AH,NOT_FT_OVER25,AWAY,LT_100,52,52,24,0.461538,2.238462,0.020192,7,-10.6,0,0,SMALL_SAMPLE,SMALL_SAMPLE_NO_EDGE_CLAIM
1X2,T1,2022/23,2_00_2_49,NOT_AH,NOT_FT_OVER25,HOME,LT_100,78,78,29,0.371795,2.18,-0.204487,7,-21.1,0,0,SMALL_SAMPLE,SMALL_SAMPLE_NO_EDGE_CLAIM
1X2,T1,2022/23,2_50_3_49,NOT_AH,NOT_FT_OVER25,AWAY,LT_100,93,93,32,0.344086,2.980323,0.028925,15,-15.0,0,0,SMALL_SAMPLE,SMALL_SAMPLE_NO_EDGE_CLAIM
1X2,T1,2022/23,2_50_3_49,NOT_AH,NOT_FT_OVER25,DRAW,LT_100,87,87,27,0.310345,3.304598,0.023563,14,-16.2,0,0,SMALL_SAMPLE,SMALL_SAMPLE_NO_EDGE_CLAIM
1X2,T1,2022/23,2_50_3_49,NOT_AH,NOT_FT_OVER25,HOME,LT_100,70,70,21,0.3,2.844,-0.164714,8,-16.31,0,0,SMALL_SAMPLE,SMALL_SAMPLE_NO_EDGE_CLAIM
1X2,T1,2022/23,3_50_4_99,NOT_AH,NOT_FT_OVER25,AWAY,LT_100,72,72,9,0.125,4.056528,-0.49125,12,-35.37,0,0,SMALL_SAMPLE,SMALL_SAMPLE_NO_EDGE_CLAIM
1X2,T1,2022/23,3_50_4_99,NOT_AH,NOT_FT_OVER25,DRAW,100_299,197,197,41,0.208122,3.82401,-0.21467,15,-42.29,0,0,LOW_CONFIDENCE,LOW_CONFIDENCE_RESEARCH_ONLY
1X2,T1,2022/23,3_50_4_99,NOT_AH,NOT_FT_OVER25,HOME,LT_100,29,29,6,0.206897,4.143793,-0.104138,4,-4.8,0,0,SMALL_SAMPLE,SMALL_SAMPLE_NO_EDGE_CLAIM
1X2,T1,2022/23,GE_5_00,NOT_AH,NOT_FT_OVER25,AWAY,LT_100,59,59,8,0.135593,6.838983,-0.127119,13,-16.75,0,0,SMALL_SAMPLE,SMALL_SAMPLE_NO_EDGE_CLAIM
1X2,T1,2022/23,GE_5_00,NOT_AH,NOT_FT_OVER25,DRAW,LT_100,29,29,5,0.172414,5.612069,-0.008621,17,-17.0,0,0,SMALL_SAMPLE,SMALL_SAMPLE_NO_EDGE_CLAIM
1X2,T1,2022/23,GE_5_00,NOT_AH,NOT_FT_OVER25,HOME,LT_100,10,10,0,0.0,6.325,-1.0,10,-10.0,0,0,SMALL_SAMPLE,SMALL_SAMPLE_NO_EDGE_CLAIM
1X2,T1,2022/23,LT_1_50,NOT_AH,NOT_FT_OVER25,AWAY,LT_100,7,7,6,0.857143,1.402857,0.202857,1,-1.0,0,0,SMALL_SAMPLE,SMALL_SAMPLE_NO_EDGE_CLAIM
1X2,T1,2022/23,LT_1_50,NOT_AH,NOT_FT_OVER25,HOME,LT_100,37,37,28,0.756757,1.334595,0.014324,2,-2.17,0,0,SMALL_SAMPLE,SMALL_SAMPLE_NO_EDGE_CLAIM
1X2,T1,2022/23,PRICE_MISSING,NOT_AH,NOT_FT_OVER25,AWAY,LT_100,29,29,16,0.551724,,,0,0.0,29,0,SMALL_SAMPLE,SMALL_SAMPLE_NO_EDGE_CLAIM
1X2,T1,2022/23,PRICE_MISSING,NOT_AH,NOT_FT_OVER25,DRAW,LT_100,29,29,0,0.0,,,0,0.0,29,0,SMALL_SAMPLE,SMALL_SAMPLE_NO_EDGE_CLAIM
1X2,T1,2022/23,PRICE_MISSING,NOT_AH,NOT_FT_OVER25,HOME,LT_100,29,29,13,0.448276,,,0,0.0,29,0,SMALL_SAMPLE,SMALL_SAMPLE_NO_EDGE_CLAIM
1X2,T1,2023/24,1_50_1_74,NOT_AH,NOT_FT_OVER25,AWAY,LT_100,15,15,13,0.866667,1.588,0.373333,1,-1.0,0,0,SMALL_SAMPLE,SMALL_SAMPLE_NO_EDGE_CLAIM
1X2,T1,2023/24,1_50_1_74,NOT_AH,NOT_FT_OVER25,HOME,LT_100,43,43,28,0.651163,1.63093,0.061395,4,-5.9,0,0,SMALL_SAMPLE,SMALL_SAMPLE_NO_EDGE_CLAIM
1X2,T1,2023/24,1_75_1_99,NOT_AH,NOT_FT_OVER25,AWAY,LT_100,11,11,9,0.818182,1.844545,0.493636,1,-1.15,0,0,SMALL_SAMPLE,SMALL_SAMPLE_NO_EDGE_CLAIM
1X2,T1,2023/24,1_75_1_99,NOT_AH,NOT_FT_OVER25,HOME,LT_100,58,58,30,0.517241,1.867586,-0.037069,4,-8.46,0,0,SMALL_SAMPLE,SMALL_SAMPLE_NO_EDGE_CLAIM
1X2,T1,2023/24,2_00_2_49,NOT_AH,NOT_FT_OVER25,AWAY,LT_100,50,50,19,0.38,2.232,-0.1684,5,-14.6,0,0,SMALL_SAMPLE,SMALL_SAMPLE_NO_EDGE_CLAIM
1X2,T1,2023/24,2_00_2_49,NOT_AH,NOT_FT_OVER25,DRAW,LT_100,1,1,1,1.0,2.4,1.4,0,0.0,0,0,SMALL_SAMPLE,SMALL_SAMPLE_NO_EDGE_CLAIM
1X2,T1,2023/24,2_00_2_49,NOT_AH,NOT_FT_OVER25,HOME,100_299,110,110,47,0.427273,2.180273,-0.069182,8,-12.94,0,0,LOW_CONFIDENCE,LOW_CONFIDENCE_RESEARCH_ONLY
1X2,T1,2023/24,2_50_3_49,NOT_AH,NOT_FT_OVER25,AWAY,100_299,114,114,30,0.263158,2.972982,-0.222632,14,-31.43,0,0,LOW_CONFIDENCE,LOW_CONFIDENCE_RESEARCH_ONLY
1X2,T1,2023/24,2_50_3_49,NOT_AH,NOT_FT_OVER25,DRAW,100_299,141,141,50,0.35461,3.294681,0.16844,11,-17.25,0,0,LOW_CONFIDENCE,LOW_CONFIDENCE_RESEARCH_ONLY
1X2,T1,2023/24,2_50_3_49,NOT_AH,NOT_FT_OVER25,HOME,LT_100,80,80,28,0.35,2.922375,-0.002125,9,-14.7,0,0,SMALL_SAMPLE,SMALL_SAMPLE_NO_EDGE_CLAIM
1X2,T1,2023/24,3_50_4_99,NOT_AH,NOT_FT_OVER25,AWAY,100_299,105,105,18,0.171429,3.975524,-0.303048,18,-35.17,0,0,LOW_CONFIDENCE,LOW_CONFIDENCE_RESEARCH_ONLY
1X2,T1,2023/24,3_50_4_99,NOT_AH,NOT_FT_OVER25,DRAW,100_299,188,188,45,0.239362,3.826064,-0.08867,16,-25.05,0,0,LOW_CONFIDENCE,LOW_CONFIDENCE_RESEARCH_ONLY
1X2,T1,2023/24,3_50_4_99,NOT_AH,NOT_FT_OVER25,HOME,LT_100,16,16,2,0.125,4.168125,-0.55625,6,-8.9,0,0,SMALL_SAMPLE,SMALL_SAMPLE_NO_EDGE_CLAIM
1X2,T1,2023/24,GE_5_00,NOT_AH,NOT_FT_OVER25,AWAY,LT_100,68,68,4,0.058824,9.029412,-0.5625,32,-41.25,0,0,SMALL_SAMPLE,SMALL_SAMPLE_NO_EDGE_CLAIM
1X2,T1,2023/24,GE_5_00,NOT_AH,NOT_FT_OVER25,DRAW,LT_100,50,50,4,0.08,6.545,-0.5,23,-28.5,0,0,SMALL_SAMPLE,SMALL_SAMPLE_NO_EDGE_CLAIM
1X2,T1,2023/24,GE_5_00,NOT_AH,NOT_FT_OVER25,HOME,LT_100,28,28,1,0.035714,6.892857,-0.8125,19,-22.75,0,0,SMALL_SAMPLE,SMALL_SAMPLE_NO_EDGE_CLAIM
1X2,T1,2023/24,LT_1_50,NOT_AH,NOT_FT_OVER25,AWAY,LT_100,17,17,14,0.823529,1.365882,0.122353,1,-1.55,0,0,SMALL_SAMPLE,SMALL_SAMPLE_NO_EDGE_CLAIM
1X2,T1,2023/24,LT_1_50,NOT_AH,NOT_FT_OVER25,HOME,LT_100,45,45,37,0.822222,1.258889,0.022222,2,-3.43,0,0,SMALL_SAMPLE,SMALL_SAMPLE_NO_EDGE_CLAIM
1X2,T1,2024/25,1_50_1_74,NOT_AH,NOT_FT_OVER25,AWAY,LT_100,24,24,18,0.75,1.59625,0.192083,3,-3.27,0,0,SMALL_SAMPLE,SMALL_SAMPLE_NO_EDGE_CLAIM
1X2,T1,2024/25,1_50_1_74,NOT_AH,NOT_FT_OVER25,HOME,LT_100,38,38,24,0.631579,1.626579,0.021579,3,-3.0,0,0,SMALL_SAMPLE,SMALL_SAMPLE_NO_EDGE_CLAIM
1X2,T1,2024/25,1_75_1_99,NOT_AH,NOT_FT_OVER25,AWAY,LT_100,12,12,7,0.583333,1.860833,0.091667,2,-2.25,0,0,SMALL_SAMPLE,SMALL_SAMPLE_NO_EDGE_CLAIM
1X2,T1,2024/25,1_75_1_99,NOT_AH,NOT_FT_OVER25,HOME,LT_100,43,43,25,0.581395,1.856279,0.07814,4,-6.05,0,0,SMALL_SAMPLE,SMALL_SAMPLE_NO_EDGE_CLAIM
1X2,T1,2024/25,2_00_2_49,NOT_AH,NOT_FT_OVER25,AWAY,LT_100,42,42,16,0.380952,2.236667,-0.149286,8,-13.35,0,0,SMALL_SAMPLE,SMALL_SAMPLE_NO_EDGE_CLAIM
1X2,T1,2024/25,2_00_2_49,NOT_AH,NOT_FT_OVER25,HOME,LT_100,78,78,46,0.589744,2.221282,0.310641,5,-5.0,0,0,SMALL_SAMPLE,SMALL_SAMPLE_NO_EDGE_CLAIM
1X2,T1,2024/25,2_50_3_49,NOT_AH,NOT_FT_OVER25,AWAY,LT_100,92,92,20,0.217391,2.979239,-0.36913,19,-37.37,0,0,SMALL_SAMPLE,SMALL_SAMPLE_NO_EDGE_CLAIM
1X2,T1,2024/25,2_50_3_49,NOT_AH,NOT_FT_OVER25,DRAW,100_299,133,133,37,0.278195,3.270677,-0.088346,12,-23.55,0,0,LOW_CONFIDENCE,LOW_CONFIDENCE_RESEARCH_ONLY
1X2,T1,2024/25,2_50_3_49,NOT_AH,NOT_FT_OVER25,HOME,LT_100,68,68,21,0.308824,2.833824,-0.132206,11,-19.34,0,0,SMALL_SAMPLE,SMALL_SAMPLE_NO_EDGE_CLAIM
1X2,T1,2024/25,3_50_4_99,NOT_AH,NOT_FT_OVER25,AWAY,LT_100,76,76,12,0.157895,4.090263,-0.375263,23,-36.97,0,0,SMALL_SAMPLE,SMALL_SAMPLE_NO_EDGE_CLAIM
1X2,T1,2024/25,3_50_4_99,NOT_AH,NOT_FT_OVER25,DRAW,100_299,151,151,37,0.245033,3.926623,-0.063775,14,-25.31,0,0,LOW_CONFIDENCE,LOW_CONFIDENCE_RESEARCH_ONLY
1X2,T1,2024/25,3_50_4_99,NOT_AH,NOT_FT_OVER25,HOME,LT_100,27,27,1,0.037037,4.133333,-0.87037,15,-23.5,0,0,SMALL_SAMPLE,SMALL_SAMPLE_NO_EDGE_CLAIM
1X2,T1,2024/25,GE_5_00,NOT_AH,NOT_FT_OVER25,AWAY,LT_100,79,79,9,0.113924,8.363924,-0.136076,16,-32.75,0,0,SMALL_SAMPLE,SMALL_SAMPLE_NO_EDGE_CLAIM
1X2,T1,2024/25,GE_5_00,NOT_AH,NOT_FT_OVER25,DRAW,LT_100,58,58,6,0.103448,6.568966,-0.288793,14,-20.25,0,0,SMALL_SAMPLE,SMALL_SAMPLE_NO_EDGE_CLAIM
1X2,T1,2024/25,GE_5_00,NOT_AH,NOT_FT_OVER25,HOME,LT_100,29,29,2,0.068966,6.663793,-0.474138,18,-21.75,0,0,SMALL_SAMPLE,SMALL_SAMPLE_NO_EDGE_CLAIM
1X2,T1,2024/25,LT_1_50,NOT_AH,NOT_FT_OVER25,AWAY,LT_100,17,17,14,0.823529,1.341765,0.113529,2,-2.0,0,0,SMALL_SAMPLE,SMALL_SAMPLE_NO_EDGE_CLAIM
1X2,T1,2024/25,LT_1_50,NOT_AH,NOT_FT_OVER25,HOME,LT_100,59,59,47,0.79661,1.292881,0.024915,2,-4.96,0,0,SMALL_SAMPLE,SMALL_SAMPLE_NO_EDGE_CLAIM
ASIAN_HANDICAP,B1,2020/21,1_50_1_74,AH_0_25,NOT_FT_OVER25,HOME,LT_100,3,3,2,0.666667,1.73,0.32,1,-0.5,0,0,SMALL_SAMPLE,SMALL_SAMPLE_NO_EDGE_CLAIM
ASIAN_HANDICAP,B1,2020/21,1_50_1_74,AH_0_50,NOT_FT_OVER25,AWAY,LT_100,1,1,1,1.0,1.7,0.7,0,0.0,0,0,SMALL_SAMPLE,SMALL_SAMPLE_NO_EDGE_CLAIM
ASIAN_HANDICAP,B1,2020/21,1_50_1_74,AH_1_25_1_50,NOT_FT_OVER25,HOME,LT_100,1,1,0,0.0,1.72,-1.0,1,-1.0,0,0,SMALL_SAMPLE,SMALL_SAMPLE_NO_EDGE_CLAIM
ASIAN_HANDICAP,B1,2020/21,1_75_1_99,AH_0,NOT_FT_OVER25,AWAY,LT_100,23,23,8,0.347826,1.871739,0.036522,2,-4.0,0,0,SMALL_SAMPLE,SMALL_SAMPLE_NO_EDGE_CLAIM
ASIAN_HANDICAP,B1,2020/21,1_75_1_99,AH_0,NOT_FT_OVER25,HOME,LT_100,21,21,7,0.333333,1.888095,0.053333,2,-4.0,0,0,SMALL_SAMPLE,SMALL_SAMPLE_NO_EDGE_CLAIM
ASIAN_HANDICAP,B1,2020/21,1_75_1_99,AH_0_25,NOT_FT_OVER25,AWAY,LT_100,53,53,26,0.490566,1.879434,-0.105189,4,-9.63,0,0,SMALL_SAMPLE,SMALL_SAMPLE_NO_EDGE_CLAIM
ASIAN_HANDICAP,B1,2020/21,1_75_1_99,AH_0_25,NOT_FT_OVER25,HOME,LT_100,56,56,26,0.464286,1.868214,-0.093482,10,-11.19,0,0,SMALL_SAMPLE,SMALL_SAMPLE_NO_EDGE_CLAIM
ASIAN_HANDICAP,B1,2020/21,1_75_1_99,AH_0_50,NOT_FT_OVER25,AWAY,LT_100,48,48,25,0.520833,1.899583,-0.00625,5,-8.46,0,0,SMALL_SAMPLE,SMALL_SAMPLE_NO_EDGE_CLAIM
ASIAN_HANDICAP,B1,2020/21,1_75_1_99,AH_0_50,NOT_FT_OVER25,HOME,LT_100,52,52,19,0.365385,1.886538,-0.306731,7,-15.95,0,0,SMALL_SAMPLE,SMALL_SAMPLE_NO_EDGE_CLAIM
ASIAN_HANDICAP,B1,2020/21,1_75_1_99,AH_0_75,NOT_FT_OVER25,AWAY,LT_100,37,37,16,0.432432,1.884865,-0.128243,5,-7.535,0,0,SMALL_SAMPLE,SMALL_SAMPLE_NO_EDGE_CLAIM
ASIAN_HANDICAP,B1,2020/21,1_75_1_99,AH_0_75,NOT_FT_OVER25,HOME,LT_100,35,35,22,0.628571,1.889143,0.179286,3,-3.02,0,0,SMALL_SAMPLE,SMALL_SAMPLE_NO_EDGE_CLAIM
ASIAN_HANDICAP,B1,2020/21,1_75_1_99,AH_1_00,NOT_FT_OVER25,AWAY,LT_100,23,23,10,0.434783,1.871739,-0.03087,3,-3.88,0,0,SMALL_SAMPLE,SMALL_SAMPLE_NO_EDGE_CLAIM
ASIAN_HANDICAP,B1,2020/21,1_75_1_99,AH_1_00,NOT_FT_OVER25,HOME,LT_100,27,27,8,0.296296,1.866296,-0.11,3,-5.58,0,0,SMALL_SAMPLE,SMALL_SAMPLE_NO_EDGE_CLAIM
ASIAN_HANDICAP,B1,2020/21,1_75_1_99,AH_1_25_1_50,NOT_FT_OVER25,AWAY,LT_100,21,21,14,0.666667,1.90381,0.227143,2,-2.1,0,0,SMALL_SAMPLE,SMALL_SAMPLE_NO_EDGE_CLAIM
ASIAN_HANDICAP,B1,2020/21,1_75_1_99,AH_1_25_1_50,NOT_FT_OVER25,HOME,LT_100,22,22,9,0.409091,1.9,-0.199773,4,-6.955,0,0,SMALL_SAMPLE,SMALL_SAMPLE_NO_EDGE_CLAIM
ASIAN_HANDICAP,B1,2020/21,1_75_1_99,AH_GT_1_50,NOT_FT_OVER25,AWAY,LT_100,7,7,3,0.428571,1.942857,-0.027143,2,-2.0,0,0,SMALL_SAMPLE,SMALL_SAMPLE_NO_EDGE_CLAIM
ASIAN_HANDICAP,B1,2020/21,1_75_1_99,AH_GT_1_50,NOT_FT_OVER25,HOME,LT_100,7,7,4,0.571429,1.885714,0.107143,1,-1.0,0,0,SMALL_SAMPLE,SMALL_SAMPLE_NO_EDGE_CLAIM
ASIAN_HANDICAP,B1,2020/21,2_00_2_49,AH_0,NOT_FT_OVER25,AWAY,LT_100,9,9,2,0.222222,2.023333,-0.216667,3,-4.0,0,0,SMALL_SAMPLE,SMALL_SAMPLE_NO_EDGE_CLAIM
ASIAN_HANDICAP,B1,2020/21,2_00_2_49,AH_0,NOT_FT_OVER25,HOME,LT_100,11,11,3,0.272727,2.031818,-0.166364,5,-5.0,0,0,SMALL_SAMPLE,SMALL_SAMPLE_NO_EDGE_CLAIM
ASIAN_HANDICAP,B1,2020/21,2_00_2_49,AH_0_25,NOT_FT_OVER25,AWAY,LT_100,31,31,21,0.677419,2.040645,0.298548,4,-4.0,0,0,SMALL_SAMPLE,SMALL_SAMPLE_NO_EDGE_CLAIM
ASIAN_HANDICAP,B1,2020/21,2_00_2_49,AH_0_25,NOT_FT_OVER25,HOME,LT_100,25,25,9,0.36,2.0316,-0.1916,3,-5.81,0,0,SMALL_SAMPLE,SMALL_SAMPLE_NO_EDGE_CLAIM
ASIAN_HANDICAP,B1,2020/21,2_00_2_49,AH_0_50,NOT_FT_OVER25,AWAY,LT_100,19,19,14,0.736842,2.028947,0.491053,2,-2.0,0,0,SMALL_SAMPLE,SMALL_SAMPLE_NO_EDGE_CLAIM
ASIAN_HANDICAP,B1,2020/21,2_00_2_49,AH_0_50,NOT_FT_OVER25,HOME,LT_100,16,16,9,0.5625,2.025,0.135625,3,-3.0,0,0,SMALL_SAMPLE,SMALL_SAMPLE_NO_EDGE_CLAIM
ASIAN_HANDICAP,B1,2020/21,2_00_2_49,AH_0_75,NOT_FT_OVER25,AWAY,LT_100,12,12,4,0.333333,2.025833,-0.406667,4,-6.49,0,0,SMALL_SAMPLE,SMALL_SAMPLE_NO_EDGE_CLAIM
ASIAN_HANDICAP,B1,2020/21,2_00_2_49,AH_0_75,NOT_FT_OVER25,HOME,LT_100,14,14,7,0.5,2.021429,-0.024643,2,-2.465,0,0,SMALL_SAMPLE,SMALL_SAMPLE_NO_EDGE_CLAIM
ASIAN_HANDICAP,B1,2020/21,2_00_2_49,AH_1_00,NOT_FT_OVER25,AWAY,LT_100,15,15,7,0.466667,2.024,0.282,2,-2.0,0,0,SMALL_SAMPLE,SMALL_SAMPLE_NO_EDGE_CLAIM
ASIAN_HANDICAP,B1,2020/21,2_00_2_49,AH_1_00,NOT_FT_OVER25,HOME,LT_100,11,11,4,0.363636,2.031818,-0.264545,3,-3.0,0,0,SMALL_SAMPLE,SMALL_SAMPLE_NO_EDGE_CLAIM
ASIAN_HANDICAP,B1,2020/21,2_00_2_49,AH_1_25_1_50,NOT_FT_OVER25,AWAY,LT_100,6,6,3,0.5,2.035,0.103333,2,-1.5,0,0,SMALL_SAMPLE,SMALL_SAMPLE_NO_EDGE_CLAIM
ASIAN_HANDICAP,B1,2020/21,2_00_2_49,AH_1_25_1_50,NOT_FT_OVER25,HOME,LT_100,4,4,1,0.25,2.0175,-0.495,2,-2.0,0,0,SMALL_SAMPLE,SMALL_SAMPLE_NO_EDGE_CLAIM
ASIAN_HANDICAP,B1,2020/21,2_00_2_49,AH_GT_1_50,NOT_FT_OVER25,AWAY,LT_100,1,1,0,0.0,2.05,0.0,0,0.0,0,0,SMALL_SAMPLE,SMALL_SAMPLE_NO_EDGE_CLAIM
ASIAN_HANDICAP,B1,2020/21,2_00_2_49,AH_GT_1_50,NOT_FT_OVER25,HOME,LT_100,1,1,0,0.0,2.0,-1.0,1,-1.0,0,0,SMALL_SAMPLE,SMALL_SAMPLE_NO_EDGE_CLAIM
ASIAN_HANDICAP,B1,2021/22,1_50_1_74,AH_0_25,NOT_FT_OVER25,HOME,LT_100,3,3,1,0.333333,1.703333,-0.44,1,-1.32,0,0,SMALL_SAMPLE,SMALL_SAMPLE_NO_EDGE_CLAIM
ASIAN_HANDICAP,B1,2021/22,1_50_1_74,AH_0_50,NOT_FT_OVER25,AWAY,LT_100,3,3,1,0.333333,1.73,-0.423333,1,-1.27,0,0,SMALL_SAMPLE,SMALL_SAMPLE_NO_EDGE_CLAIM
ASIAN_HANDICAP,B1,2021/22,1_50_1_74,AH_1_25_1_50,NOT_FT_OVER25,HOME,LT_100,3,3,1,0.333333,1.72,-0.423333,2,-2.0,0,0,SMALL_SAMPLE,SMALL_SAMPLE_NO_EDGE_CLAIM
ASIAN_HANDICAP,B1,2021/22,1_75_1_99,AH_0,NOT_FT_OVER25,AWAY,LT_100,19,19,3,0.157895,1.838947,-0.347368,4,-7.15,0,0,SMALL_SAMPLE,SMALL_SAMPLE_NO_EDGE_CLAIM
ASIAN_HANDICAP,B1,2021/22,1_75_1_99,AH_0,NOT_FT_OVER25,HOME,LT_100,20,20,7,0.35,1.828,-0.1405,2,-4.44,0,0,SMALL_SAMPLE,SMALL_SAMPLE_NO_EDGE_CLAIM
ASIAN_HANDICAP,B1,2021/22,1_75_1_99,AH_0_25,NOT_FT_OVER25,AWAY,LT_100,47,47,33,0.702128,1.860638,0.23617,2,-2.405,0,0,SMALL_SAMPLE,SMALL_SAMPLE_NO_EDGE_CLAIM
ASIAN_HANDICAP,B1,2021/22,1_75_1_99,AH_0_25,NOT_FT_OVER25,HOME,LT_100,49,49,18,0.367347,1.867347,-0.285102,6,-15.825,0,0,SMALL_SAMPLE,SMALL_SAMPLE_NO_EDGE_CLAIM
ASIAN_HANDICAP,B1,2021/22,1_75_1_99,AH_0_50,NOT_FT_OVER25,AWAY,LT_100,44,44,22,0.5,1.892045,-0.055909,5,-9.12,0,0,SMALL_SAMPLE,SMALL_SAMPLE_NO_EDGE_CLAIM
ASIAN_HANDICAP,B1,2021/22,1_75_1_99,AH_0_50,NOT_FT_OVER25,HOME,LT_100,38,38,20,0.526316,1.911579,0.003421,4,-4.33,0,0,SMALL_SAMPLE,SMALL_SAMPLE_NO_EDGE_CLAIM
ASIAN_HANDICAP,B1,2021/22,1_75_1_99,AH_0_75,NOT_FT_OVER25,AWAY,LT_100,32,32,17,0.53125,1.87125,-0.054375,5,-7.595,0,0,SMALL_SAMPLE,SMALL_SAMPLE_NO_EDGE_CLAIM
ASIAN_HANDICAP,B1,2021/22,1_75_1_99,AH_0_75,NOT_FT_OVER25,HOME,LT_100,26,26,12,0.461538,1.879615,-0.083077,4,-5.4,0,0,SMALL_SAMPLE,SMALL_SAMPLE_NO_EDGE_CLAIM
ASIAN_HANDICAP,B1,2021/22,1_75_1_99,AH_1_00,NOT_FT_OVER25,AWAY,LT_100,31,31,11,0.354839,1.880645,-0.112903,2,-6.41,0,0,SMALL_SAMPLE,SMALL_SAMPLE_NO_EDGE_CLAIM
ASIAN_HANDICAP,B1,2021/22,1_75_1_99,AH_1_00,NOT_FT_OVER25,HOME,LT_100,27,27,11,0.407407,1.886667,0.070741,2,-4.19,0,0,SMALL_SAMPLE,SMALL_SAMPLE_NO_EDGE_CLAIM
ASIAN_HANDICAP,B1,2021/22,1_75_1_99,AH_1_25_1_50,NOT_FT_OVER25,AWAY,LT_100,30,30,18,0.6,1.908333,0.142167,4,-4.12,0,0,SMALL_SAMPLE,SMALL_SAMPLE_NO_EDGE_CLAIM
ASIAN_HANDICAP,B1,2021/22,1_75_1_99,AH_1_25_1_50,NOT_FT_OVER25,HOME,LT_100,32,32,16,0.5,1.87625,-0.06375,4,-6.22,0,0,SMALL_SAMPLE,SMALL_SAMPLE_NO_EDGE_CLAIM
ASIAN_HANDICAP,B1,2021/22,1_75_1_99,AH_GT_1_50,NOT_FT_OVER25,AWAY,LT_100,9,9,3,0.333333,1.86,-0.187778,3,-3.57,0,0,SMALL_SAMPLE,SMALL_SAMPLE_NO_EDGE_CLAIM
ASIAN_HANDICAP,B1,2021/22,1_75_1_99,AH_GT_1_50,NOT_FT_OVER25,HOME,LT_100,11,11,3,0.272727,1.856364,-0.352273,4,-5.575,0,0,SMALL_SAMPLE,SMALL_SAMPLE_NO_EDGE_CLAIM
ASIAN_HANDICAP,B1,2021/22,2_00_2_49,AH_0,NOT_FT_OVER25,AWAY,LT_100,15,15,9,0.6,2.054667,0.503333,1,-1.0,0,0,SMALL_SAMPLE,SMALL_SAMPLE_NO_EDGE_CLAIM
ASIAN_HANDICAP,B1,2021/22,2_00_2_49,AH_0,NOT_FT_OVER25,HOME,LT_100,14,14,4,0.285714,2.047143,0.085,2,-2.0,0,0,SMALL_SAMPLE,SMALL_SAMPLE_NO_EDGE_CLAIM
ASIAN_HANDICAP,B1,2021/22,2_00_2_49,AH_0_25,NOT_FT_OVER25,AWAY,LT_100,29,29,16,0.551724,2.042069,0.089655,4,-4.4,0,0,SMALL_SAMPLE,SMALL_SAMPLE_NO_EDGE_CLAIM
ASIAN_HANDICAP,B1,2021/22,2_00_2_49,AH_0_25,NOT_FT_OVER25,HOME,LT_100,24,24,8,0.333333,2.057917,-0.150417,6,-5.4,0,0,SMALL_SAMPLE,SMALL_SAMPLE_NO_EDGE_CLAIM
ASIAN_HANDICAP,B1,2021/22,2_00_2_49,AH_0_50,NOT_FT_OVER25,AWAY,LT_100,7,7,3,0.428571,2.037143,-0.132857,3,-3.0,0,0,SMALL_SAMPLE,SMALL_SAMPLE_NO_EDGE_CLAIM
ASIAN_HANDICAP,B1,2021/22,2_00_2_49,AH_0_50,NOT_FT_OVER25,HOME,LT_100,16,16,8,0.5,2.035625,0.01875,2,-2.0,0,0,SMALL_SAMPLE,SMALL_SAMPLE_NO_EDGE_CLAIM
ASIAN_HANDICAP,B1,2021/22,2_00_2_49,AH_0_75,NOT_FT_OVER25,AWAY,LT_100,11,11,3,0.272727,2.032727,-0.401818,4,-4.44,0,0,SMALL_SAMPLE,SMALL_SAMPLE_NO_EDGE_CLAIM
ASIAN_HANDICAP,B1,2021/22,2_00_2_49,AH_0_75,NOT_FT_OVER25,HOME,LT_100,17,17,11,0.647059,2.017647,0.305882,2,-2.0,0,0,SMALL_SAMPLE,SMALL_SAMPLE_NO_EDGE_CLAIM
ASIAN_HANDICAP,B1,2021/22,2_00_2_49,AH_1_00,NOT_FT_OVER25,AWAY,LT_100,9,9,3,0.333333,2.04,0.011111,1,-1.0,0,0,SMALL_SAMPLE,SMALL_SAMPLE_NO_EDGE_CLAIM
ASIAN_HANDICAP,B1,2021/22,2_00_2_49,AH_1_00,NOT_FT_OVER25,HOME,LT_100,13,13,5,0.384615,2.025385,-0.068462,4,-4.98,0,0,SMALL_SAMPLE,SMALL_SAMPLE_NO_EDGE_CLAIM
ASIAN_HANDICAP,B1,2021/22,2_00_2_49,AH_1_25_1_50,NOT_FT_OVER25,AWAY,LT_100,13,13,6,0.461538,2.047692,-0.088077,5,-6.0,0,0,SMALL_SAMPLE,SMALL_SAMPLE_NO_EDGE_CLAIM
ASIAN_HANDICAP,B1,2021/22,2_00_2_49,AH_1_25_1_50,NOT_FT_OVER25,HOME,LT_100,8,8,2,0.25,2.0325,-0.435,4,-4.48,0,0,SMALL_SAMPLE,SMALL_SAMPLE_NO_EDGE_CLAIM
ASIAN_HANDICAP,B1,2021/22,2_00_2_49,AH_GT_1_50,NOT_FT_OVER25,AWAY,LT_100,7,7,3,0.428571,2.012857,0.22,1,-1.0,0,0,SMALL_SAMPLE,SMALL_SAMPLE_NO_EDGE_CLAIM
ASIAN_HANDICAP,B1,2021/22,2_00_2_49,AH_GT_1_50,NOT_FT_OVER25,HOME,LT_100,5,5,4,0.8,2.034,0.722,0,0.0,0,0,SMALL_SAMPLE,SMALL_SAMPLE_NO_EDGE_CLAIM
ASIAN_HANDICAP,B1,2022/23,1_50_1_74,AH_0,NOT_FT_OVER25,AWAY,LT_100,1,1,0,0.0,1.7,-1.0,1,-1.0,0,0,SMALL_SAMPLE,SMALL_SAMPLE_NO_EDGE_CLAIM
ASIAN_HANDICAP,B1,2022/23,1_50_1_74,AH_0_25,NOT_FT_OVER25,HOME,LT_100,3,3,1,0.333333,1.73,-0.423333,2,-2.0,0,0,SMALL_SAMPLE,SMALL_SAMPLE_NO_EDGE_CLAIM
ASIAN_HANDICAP,B1,2022/23,1_50_1_74,AH_0_75,NOT_FT_OVER25,HOME,LT_100,2,2,2,1.0,1.64,0.64,0,0.0,0,0,SMALL_SAMPLE,SMALL_SAMPLE_NO_EDGE_CLAIM
ASIAN_HANDICAP,B1,2022/23,1_50_1_74,AH_1_00,NOT_FT_OVER25,HOME,LT_100,1,1,0,0.0,1.68,-1.0,1,-1.0,0,0,SMALL_SAMPLE,SMALL_SAMPLE_NO_EDGE_CLAIM
ASIAN_HANDICAP,B1,2022/23,1_75_1_99,AH_0,NOT_FT_OVER25,AWAY,LT_100,20,20,7,0.35,1.8675,-0.0005,2,-2.2,0,0,SMALL_SAMPLE,SMALL_SAMPLE_NO_EDGE_CLAIM
ASIAN_HANDICAP,B1,2022/23,1_75_1_99,AH_0,NOT_FT_OVER25,HOME,LT_100,20,20,5,0.25,1.8605,-0.027,2,-3.0,0,0,SMALL_SAMPLE,SMALL_SAMPLE_NO_EDGE_CLAIM
ASIAN_HANDICAP,B1,2022/23,1_75_1_99,AH_0_25,NOT_FT_OVER25,AWAY,LT_100,62,62,29,0.467742,1.892097,-0.117419,7,-10.87,0,0,SMALL_SAMPLE,SMALL_SAMPLE_NO_EDGE_CLAIM
ASIAN_HANDICAP,B1,2022/23,1_75_1_99,AH_0_25,NOT_FT_OVER25,HOME,LT_100,71,71,34,0.478873,1.882676,-0.078169,6,-8.795,0,0,SMALL_SAMPLE,SMALL_SAMPLE_NO_EDGE_CLAIM
ASIAN_HANDICAP,B1,2022/23,1_75_1_99,AH_0_50,NOT_FT_OVER25,AWAY,LT_100,41,41,19,0.463415,1.89878,-0.121463,4,-8.51,0,0,SMALL_SAMPLE,SMALL_SAMPLE_NO_EDGE_CLAIM
ASIAN_HANDICAP,B1,2022/23,1_75_1_99,AH_0_50,NOT_FT_OVER25,HOME,LT_100,41,41,22,0.536585,1.903902,0.026829,3,-5.87,0,0,SMALL_SAMPLE,SMALL_SAMPLE_NO_EDGE_CLAIM
ASIAN_HANDICAP,B1,2022/23,1_75_1_99,AH_0_75,NOT_FT_OVER25,AWAY,LT_100,32,32,16,0.5,1.900625,0.034688,4,-4.585,0,0,SMALL_SAMPLE,SMALL_SAMPLE_NO_EDGE_CLAIM
ASIAN_HANDICAP,B1,2022/23,1_75_1_99,AH_0_75,NOT_FT_OVER25,HOME,LT_100,38,38,21,0.552632,1.876842,-0.013947,4,-5.575,0,0,SMALL_SAMPLE,SMALL_SAMPLE_NO_EDGE_CLAIM
ASIAN_HANDICAP,B1,2022/23,1_75_1_99,AH_1_00,NOT_FT_OVER25,AWAY,LT_100,21,21,10,0.47619,1.855238,0.018571,3,-5.17,0,0,SMALL_SAMPLE,SMALL_SAMPLE_NO_EDGE_CLAIM
ASIAN_HANDICAP,B1,2022/23,1_75_1_99,AH_1_00,NOT_FT_OVER25,HOME,LT_100,20,20,8,0.4,1.859,-0.0985,4,-5.25,0,0,SMALL_SAMPLE,SMALL_SAMPLE_NO_EDGE_CLAIM
ASIAN_HANDICAP,B1,2022/23,1_75_1_99,AH_1_25_1_50,NOT_FT_OVER25,AWAY,LT_100,29,29,14,0.482759,1.902759,-0.110862,5,-6.69,0,0,SMALL_SAMPLE,SMALL_SAMPLE_NO_EDGE_CLAIM
ASIAN_HANDICAP,B1,2022/23,1_75_1_99,AH_1_25_1_50,NOT_FT_OVER25,HOME,LT_100,28,28,13,0.464286,1.893571,-0.030714,4,-4.62,0,0,SMALL_SAMPLE,SMALL_SAMPLE_NO_EDGE_CLAIM
ASIAN_HANDICAP,B1,2022/23,1_75_1_99,AH_GT_1_50,NOT_FT_OVER25,AWAY,LT_100,8,8,5,0.625,1.89,0.3575,1,-1.0,0,0,SMALL_SAMPLE,SMALL_SAMPLE_NO_EDGE_CLAIM
ASIAN_HANDICAP,B1,2022/23,1_75_1_99,AH_GT_1_50,NOT_FT_OVER25,HOME,LT_100,5,5,2,0.4,1.904,-0.142,2,-2.0,0,0,SMALL_SAMPLE,SMALL_SAMPLE_NO_EDGE_CLAIM
ASIAN_HANDICAP,B1,2022/23,2_00_2_49,AH_0,NOT_FT_OVER25,AWAY,LT_100,10,10,3,0.3,2.047,0.21,1,-1.0,0,0,SMALL_SAMPLE,SMALL_SAMPLE_NO_EDGE_CLAIM
ASIAN_HANDICAP,B1,2022/23,2_00_2_49,AH_0,NOT_FT_OVER25,HOME,LT_100,11,11,3,0.272727,2.07,-0.154545,2,-3.9,0,0,SMALL_SAMPLE,SMALL_SAMPLE_NO_EDGE_CLAIM
ASIAN_HANDICAP,B1,2022/23,2_00_2_49,AH_0_25,NOT_FT_OVER25,AWAY,LT_100,32,32,19,0.59375,2.03125,0.205,2,-2.45,0,0,SMALL_SAMPLE,SMALL_SAMPLE_NO_EDGE_CLAIM
ASIAN_HANDICAP,B1,2022/23,2_00_2_49,AH_0_25,NOT_FT_OVER25,HOME,LT_100,20,20,11,0.55,2.03,0.09025,2,-2.49,0,0,SMALL_SAMPLE,SMALL_SAMPLE_NO_EDGE_CLAIM
ASIAN_HANDICAP,B1,2022/23,2_00_2_49,AH_0_50,NOT_FT_OVER25,AWAY,LT_100,10,10,6,0.6,2.016,0.209,2,-2.0,0,0,SMALL_SAMPLE,SMALL_SAMPLE_NO_EDGE_CLAIM
ASIAN_HANDICAP,B1,2022/23,2_00_2_49,AH_0_50,NOT_FT_OVER25,HOME,LT_100,10,10,4,0.4,2.036,-0.183,5,-5.0,0,0,SMALL_SAMPLE,SMALL_SAMPLE_NO_EDGE_CLAIM
ASIAN_HANDICAP,B1,2022/23,2_00_2_49,AH_0_75,NOT_FT_OVER25,AWAY,LT_100,18,18,7,0.388889,2.05,-0.178889,4,-4.44,0,0,SMALL_SAMPLE,SMALL_SAMPLE_NO_EDGE_CLAIM
ASIAN_HANDICAP,B1,2022/23,2_00_2_49,AH_0_75,NOT_FT_OVER25,HOME,LT_100,10,10,4,0.4,2.017,-0.245,5,-4.5,0,0,SMALL_SAMPLE,SMALL_SAMPLE_NO_EDGE_CLAIM
ASIAN_HANDICAP,B1,2022/23,2_00_2_49,AH_1_00,NOT_FT_OVER25,AWAY,LT_100,13,13,7,0.538462,2.039231,0.263077,1,-2.0,0,0,SMALL_SAMPLE,SMALL_SAMPLE_NO_EDGE_CLAIM
ASIAN_HANDICAP,B1,2022/23,2_00_2_49,AH_1_00,NOT_FT_OVER25,HOME,LT_100,13,13,4,0.307692,2.026154,-0.223846,5,-5.0,0,0,SMALL_SAMPLE,SMALL_SAMPLE_NO_EDGE_CLAIM
ASIAN_HANDICAP,B1,2022/23,2_00_2_49,AH_1_25_1_50,NOT_FT_OVER25,AWAY,LT_100,8,8,5,0.625,2.01,0.00375,1,-1.0,0,0,SMALL_SAMPLE,SMALL_SAMPLE_NO_EDGE_CLAIM
ASIAN_HANDICAP,B1,2022/23,2_00_2_49,AH_1_25_1_50,NOT_FT_OVER25,HOME,LT_100,9,9,5,0.555556,2.023333,0.176667,2,-2.0,0,0,SMALL_SAMPLE,SMALL_SAMPLE_NO_EDGE_CLAIM
ASIAN_HANDICAP,B1,2022/23,2_00_2_49,AH_GT_1_50,NOT_FT_OVER25,AWAY,LT_100,1,1,0,0.0,2.0,-1.0,1,-1.0,0,0,SMALL_SAMPLE,SMALL_SAMPLE_NO_EDGE_CLAIM
ASIAN_HANDICAP,B1,2022/23,2_00_2_49,AH_GT_1_50,NOT_FT_OVER25,HOME,LT_100,4,4,1,0.25,2.01,-0.5,2,-2.0,0,0,SMALL_SAMPLE,SMALL_SAMPLE_NO_EDGE_CLAIM
ASIAN_HANDICAP,B1,2023/24,1_50_1_74,AH_0_25,NOT_FT_OVER25,AWAY,LT_100,3,3,2,0.666667,1.73,0.153333,1,-1.0,0,0,SMALL_SAMPLE,SMALL_SAMPLE_NO_EDGE_CLAIM
ASIAN_HANDICAP,B1,2023/24,1_50_1_74,AH_0_25,NOT_FT_OVER25,HOME,LT_100,4,4,3,0.75,1.73,0.24,1,-0.5,0,0,SMALL_SAMPLE,SMALL_SAMPLE_NO_EDGE_CLAIM
ASIAN_HANDICAP,B1,2023/24,1_50_1_74,AH_0_50,NOT_FT_OVER25,AWAY,LT_100,2,2,1,0.5,1.73,-0.135,1,-1.0,0,0,SMALL_SAMPLE,SMALL_SAMPLE_NO_EDGE_CLAIM
ASIAN_HANDICAP,B1,2023/24,1_50_1_74,AH_0_50,NOT_FT_OVER25,HOME,LT_100,1,1,1,1.0,1.73,0.73,0,0.0,0,0,SMALL_SAMPLE,SMALL_SAMPLE_NO_EDGE_CLAIM
ASIAN_HANDICAP,B1,2023/24,1_50_1_74,AH_1_25_1_50,NOT_FT_OVER25,AWAY,LT_100,2,2,1,0.5,1.73,-0.135,1,-1.0,0,0,SMALL_SAMPLE,SMALL_SAMPLE_NO_EDGE_CLAIM
ASIAN_HANDICAP,B1,2023/24,1_50_1_74,AH_1_25_1_50,NOT_FT_OVER25,HOME,LT_100,1,1,0,0.0,1.73,-1.0,1,-1.0,0,0,SMALL_SAMPLE,SMALL_SAMPLE_NO_EDGE_CLAIM
ASIAN_HANDICAP,B1,2023/24,1_75_1_99,AH_0,NOT_FT_OVER25,AWAY,LT_100,24,24,10,0.416667,1.885833,-0.004167,2,-2.59,0,0,SMALL_SAMPLE,SMALL_SAMPLE_NO_EDGE_CLAIM
ASIAN_HANDICAP,B1,2023/24,1_75_1_99,AH_0,NOT_FT_OVER25,HOME,LT_100,19,19,8,0.421053,1.886842,-0.045263,2,-2.3,0,0,SMALL_SAMPLE,SMALL_SAMPLE_NO_EDGE_CLAIM
ASIAN_HANDICAP,B1,2023/24,1_75_1_99,AH_0_25,NOT_FT_OVER25,AWAY,LT_100,56,56,29,0.517857,1.89625,-0.096071,6,-10.415,0,0,SMALL_SAMPLE,SMALL_SAMPLE_NO_EDGE_CLAIM
ASIAN_HANDICAP,B1,2023/24,1_75_1_99,AH_0_25,NOT_FT_OVER25,HOME,LT_100,69,69,28,0.405797,1.888696,-0.143986,4,-11.39,0,0,SMALL_SAMPLE,SMALL_SAMPLE_NO_EDGE_CLAIM
ASIAN_HANDICAP,B1,2023/24,1_75_1_99,AH_0_50,NOT_FT_OVER25,AWAY,LT_100,33,33,19,0.575758,1.876667,0.076061,3,-4.78,0,0,SMALL_SAMPLE,SMALL_SAMPLE_NO_EDGE_CLAIM
ASIAN_HANDICAP,B1,2023/24,1_75_1_99,AH_0_50,NOT_FT_OVER25,HOME,LT_100,35,35,19,0.542857,1.878286,0.018,4,-5.2,0,0,SMALL_SAMPLE,SMALL_SAMPLE_NO_EDGE_CLAIM
ASIAN_HANDICAP,B1,2023/24,1_75_1_99,AH_0_75,NOT_FT_OVER25,AWAY,LT_100,37,37,16,0.432432,1.881622,-0.115946,6,-7.11,0,0,SMALL_SAMPLE,SMALL_SAMPLE_NO_EDGE_CLAIM
ASIAN_HANDICAP,B1,2023/24,1_75_1_99,AH_0_75,NOT_FT_OVER25,HOME,LT_100,35,35,22,0.628571,1.888857,0.151,3,-2.635,0,0,SMALL_SAMPLE,SMALL_SAMPLE_NO_EDGE_CLAIM
ASIAN_HANDICAP,B1,2023/24,1_75_1_99,AH_1_00,NOT_FT_OVER25,AWAY,LT_100,32,32,13,0.40625,1.89375,-0.015938,4,-4.63,0,0,SMALL_SAMPLE,SMALL_SAMPLE_NO_EDGE_CLAIM
ASIAN_HANDICAP,B1,2023/24,1_75_1_99,AH_1_00,NOT_FT_OVER25,HOME,LT_100,30,30,12,0.4,1.9,0.061,3,-3.51,0,0,SMALL_SAMPLE,SMALL_SAMPLE_NO_EDGE_CLAIM
ASIAN_HANDICAP,B1,2023/24,1_75_1_99,AH_1_25_1_50,NOT_FT_OVER25,AWAY,LT_100,24,24,15,0.625,1.90375,0.19125,4,-3.5,0,0,SMALL_SAMPLE,SMALL_SAMPLE_NO_EDGE_CLAIM
ASIAN_HANDICAP,B1,2023/24,1_75_1_99,AH_1_25_1_50,NOT_FT_OVER25,HOME,LT_100,22,22,11,0.5,1.881818,-0.081136,3,-3.54,0,0,SMALL_SAMPLE,SMALL_SAMPLE_NO_EDGE_CLAIM
ASIAN_HANDICAP,B1,2023/24,1_75_1_99,AH_GT_1_50,NOT_FT_OVER25,AWAY,LT_100,12,12,4,0.333333,1.8875,-0.381667,5,-5.46,0,0,SMALL_SAMPLE,SMALL_SAMPLE_NO_EDGE_CLAIM
ASIAN_HANDICAP,B1,2023/24,1_75_1_99,AH_GT_1_50,NOT_FT_OVER25,HOME,LT_100,13,13,9,0.692308,1.896154,0.350769,2,-2.0,0,0,SMALL_SAMPLE,SMALL_SAMPLE_NO_EDGE_CLAIM
ASIAN_HANDICAP,B1,2023/24,2_00_2_49,AH_0,NOT_FT_OVER25,AWAY,LT_100,6,6,2,0.333333,2.041667,-0.141667,3,-3.0,0,0,SMALL_SAMPLE,SMALL_SAMPLE_NO_EDGE_CLAIM
ASIAN_HANDICAP,B1,2023/24,2_00_2_49,AH_0,NOT_FT_OVER25,HOME,LT_100,11,11,4,0.363636,2.026364,0.005455,1,-2.0,0,0,SMALL_SAMPLE,SMALL_SAMPLE_NO_EDGE_CLAIM
ASIAN_HANDICAP,B1,2023/24,2_00_2_49,AH_0_25,NOT_FT_OVER25,AWAY,LT_100,31,31,19,0.612903,2.039032,0.193871,4,-3.5,0,0,SMALL_SAMPLE,SMALL_SAMPLE_NO_EDGE_CLAIM
ASIAN_HANDICAP,B1,2023/24,2_00_2_49,AH_0_25,NOT_FT_OVER25,HOME,LT_100,17,17,9,0.529412,2.055294,0.196765,2,-1.5,0,0,SMALL_SAMPLE,SMALL_SAMPLE_NO_EDGE_CLAIM
ASIAN_HANDICAP,B1,2023/24,2_00_2_49,AH_0_50,NOT_FT_OVER25,AWAY,LT_100,17,17,6,0.352941,2.03,-0.284706,5,-7.97,0,0,SMALL_SAMPLE,SMALL_SAMPLE_NO_EDGE_CLAIM
ASIAN_HANDICAP,B1,2023/24,2_00_2_49,AH_0_50,NOT_FT_OVER25,HOME,LT_100,16,16,6,0.375,2.036875,-0.235,5,-5.92,0,0,SMALL_SAMPLE,SMALL_SAMPLE_NO_EDGE_CLAIM
ASIAN_HANDICAP,B1,2023/24,2_00_2_49,AH_0_75,NOT_FT_OVER25,AWAY,LT_100,13,13,4,0.307692,2.02,-0.374615,3,-5.4,0,0,SMALL_SAMPLE,SMALL_SAMPLE_NO_EDGE_CLAIM
ASIAN_HANDICAP,B1,2023/24,2_00_2_49,AH_0_75,NOT_FT_OVER25,HOME,LT_100,15,15,8,0.533333,2.026,0.012,4,-4.45,0,0,SMALL_SAMPLE,SMALL_SAMPLE_NO_EDGE_CLAIM
ASIAN_HANDICAP,B1,2023/24,2_00_2_49,AH_1_00,NOT_FT_OVER25,AWAY,LT_100,7,7,0,0.0,2.02,-0.428571,1,-3.0,0,0,SMALL_SAMPLE,SMALL_SAMPLE_NO_EDGE_CLAIM
ASIAN_HANDICAP,B1,2023/24,2_00_2_49,AH_1_00,NOT_FT_OVER25,HOME,LT_100,9,9,3,0.333333,2.045556,-0.102222,3,-3.0,0,0,SMALL_SAMPLE,SMALL_SAMPLE_NO_EDGE_CLAIM
ASIAN_HANDICAP,B1,2023/24,2_00_2_49,AH_1_25_1_50,NOT_FT_OVER25,AWAY,LT_100,8,8,4,0.5,2.025,0.0175,2,-2.0,0,0,SMALL_SAMPLE,SMALL_SAMPLE_NO_EDGE_CLAIM
ASIAN_HANDICAP,B1,2023/24,2_00_2_49,AH_1_25_1_50,NOT_FT_OVER25,HOME,LT_100,11,11,3,0.272727,2.027273,-0.399091,3,-4.42,0,0,SMALL_SAMPLE,SMALL_SAMPLE_NO_EDGE_CLAIM
ASIAN_HANDICAP,B1,2023/24,2_00_2_49,AH_GT_1_50,NOT_FT_OVER25,AWAY,LT_100,5,5,2,0.4,2.022,-0.297,2,-2.485,0,0,SMALL_SAMPLE,SMALL_SAMPLE_NO_EDGE_CLAIM
ASIAN_HANDICAP,B1,2023/24,2_00_2_49,AH_GT_1_50,NOT_FT_OVER25,HOME,LT_100,4,4,2,0.5,2.0275,0.0125,1,-1.0,0,0,SMALL_SAMPLE,SMALL_SAMPLE_NO_EDGE_CLAIM
ASIAN_HANDICAP,B1,2024/25,1_50_1_74,AH_0,NOT_FT_OVER25,AWAY,LT_100,1,1,0,0.0,1.72,-1.0,1,-1.0,0,0,SMALL_SAMPLE,SMALL_SAMPLE_NO_EDGE_CLAIM
ASIAN_HANDICAP,B1,2024/25,1_50_1_74,AH_0_25,NOT_FT_OVER25,AWAY,LT_100,2,2,1,0.5,1.705,-0.135,1,-1.0,0,0,SMALL_SAMPLE,SMALL_SAMPLE_NO_EDGE_CLAIM
ASIAN_HANDICAP,B1,2024/25,1_50_1_74,AH_0_25,NOT_FT_OVER25,HOME,LT_100,8,8,5,0.625,1.7225,0.0925,1,-1.27,0,0,SMALL_SAMPLE,SMALL_SAMPLE_NO_EDGE_CLAIM
ASIAN_HANDICAP,B1,2024/25,1_50_1_74,AH_0_50,NOT_FT_OVER25,HOME,LT_100,1,1,0,0.0,1.68,-1.0,1,-1.0,0,0,SMALL_SAMPLE,SMALL_SAMPLE_NO_EDGE_CLAIM
ASIAN_HANDICAP,B1,2024/25,1_75_1_99,AH_0,NOT_FT_OVER25,AWAY,LT_100,26,26,11,0.423077,1.887692,0.220385,2,-2.0,0,0,SMALL_SAMPLE,SMALL_SAMPLE_NO_EDGE_CLAIM
ASIAN_HANDICAP,B1,2024/25,1_75_1_99,AH_0,NOT_FT_OVER25,HOME,LT_100,31,31,10,0.322581,1.87129,0.016452,2,-3.0,0,0,SMALL_SAMPLE,SMALL_SAMPLE_NO_EDGE_CLAIM
ASIAN_HANDICAP,B1,2024/25,1_75_1_99,AH_0_25,NOT_FT_OVER25,AWAY,LT_100,59,59,32,0.542373,1.884407,-0.026695,8,-9.57,0,0,SMALL_SAMPLE,SMALL_SAMPLE_NO_EDGE_CLAIM
ASIAN_HANDICAP,B1,2024/25,1_75_1_99,AH_0_25,NOT_FT_OVER25,HOME,LT_100,53,53,22,0.415094,1.888113,-0.178868,5,-10.395,0,0,SMALL_SAMPLE,SMALL_SAMPLE_NO_EDGE_CLAIM
ASIAN_HANDICAP,B1,2024/25,1_75_1_99,AH_0_50,NOT_FT_OVER25,AWAY,LT_100,40,40,22,0.55,1.886,0.04175,4,-5.14,0,0,SMALL_SAMPLE,SMALL_SAMPLE_NO_EDGE_CLAIM
ASIAN_HANDICAP,B1,2024/25,1_75_1_99,AH_0_50,NOT_FT_OVER25,HOME,LT_100,46,46,21,0.456522,1.9,-0.128696,7,-9.79,0,0,SMALL_SAMPLE,SMALL_SAMPLE_NO_EDGE_CLAIM
ASIAN_HANDICAP,B1,2024/25,1_75_1_99,AH_0_75,NOT_FT_OVER25,AWAY,LT_100,41,41,18,0.439024,1.889756,-0.129878,6,-12.075,0,0,SMALL_SAMPLE,SMALL_SAMPLE_NO_EDGE_CLAIM
ASIAN_HANDICAP,B1,2024/25,1_75_1_99,AH_0_75,NOT_FT_OVER25,HOME,LT_100,42,42,25,0.595238,1.890476,0.07881,7,-6.085,0,0,SMALL_SAMPLE,SMALL_SAMPLE_NO_EDGE_CLAIM
ASIAN_HANDICAP,B1,2024/25,1_75_1_99,AH_1_00,NOT_FT_OVER25,AWAY,LT_100,16,16,5,0.3125,1.895,-0.149375,3,-3.29,0,0,SMALL_SAMPLE,SMALL_SAMPLE_NO_EDGE_CLAIM
ASIAN_HANDICAP,B1,2024/25,1_75_1_99,AH_1_00,NOT_FT_OVER25,HOME,LT_100,24,24,12,0.5,1.853333,0.053333,2,-2.14,0,0,SMALL_SAMPLE,SMALL_SAMPLE_NO_EDGE_CLAIM
ASIAN_HANDICAP,B1,2024/25,1_75_1_99,AH_1_25_1_50,NOT_FT_OVER25,AWAY,LT_100,26,26,15,0.576923,1.858846,0.025192,4,-4.655,0,0,SMALL_SAMPLE,SMALL_SAMPLE_NO_EDGE_CLAIM
ASIAN_HANDICAP,B1,2024/25,1_75_1_99,AH_1_25_1_50,NOT_FT_OVER25,HOME,LT_100,20,20,8,0.4,1.8905,-0.2055,4,-6.1,0,0,SMALL_SAMPLE,SMALL_SAMPLE_NO_EDGE_CLAIM
ASIAN_HANDICAP,B1,2024/25,1_75_1_99,AH_GT_1_50,NOT_FT_OVER25,AWAY,LT_100,7,7,4,0.571429,1.868571,0.224286,1,-1.0,0,0,SMALL_SAMPLE,SMALL_SAMPLE_NO_EDGE_CLAIM
ASIAN_HANDICAP,B1,2024/25,1_75_1_99,AH_GT_1_50,NOT_FT_OVER25,HOME,LT_100,5,5,1,0.2,1.88,-0.634,4,-4.0,0,0,SMALL_SAMPLE,SMALL_SAMPLE_NO_EDGE_CLAIM
ASIAN_HANDICAP,B1,2024/25,2_00_2_49,AH_0,NOT_FT_OVER25,AWAY,LT_100,14,14,0,0.0,2.045714,-0.5,3,-7.0,0,0,SMALL_SAMPLE,SMALL_SAMPLE_NO_EDGE_CLAIM
ASIAN_HANDICAP,B1,2024/25,2_00_2_49,AH_0,NOT_FT_OVER25,HOME,LT_100,10,10,2,0.2,2.031,-0.091,1,-2.0,0,0,SMALL_SAMPLE,SMALL_SAMPLE_NO_EDGE_CLAIM
ASIAN_HANDICAP,B1,2024/25,2_00_2_49,AH_0_25,NOT_FT_OVER25,AWAY,LT_100,25,25,13,0.52,2.0552,0.0254,2,-2.885,0,0,SMALL_SAMPLE,SMALL_SAMPLE_NO_EDGE_CLAIM
ASIAN_HANDICAP,B1,2024/25,2_00_2_49,AH_0_25,NOT_FT_OVER25,HOME,LT_100,25,25,13,0.52,2.036,0.1998,2,-1.5,0,0,SMALL_SAMPLE,SMALL_SAMPLE_NO_EDGE_CLAIM
ASIAN_HANDICAP,B1,2024/25,2_00_2_49,AH_0_50,NOT_FT_OVER25,AWAY,LT_100,17,17,9,0.529412,2.034118,0.082941,4,-4.0,0,0,SMALL_SAMPLE,SMALL_SAMPLE_NO_EDGE_CLAIM
ASIAN_HANDICAP,B1,2024/25,2_00_2_49,AH_0_50,NOT_FT_OVER25,HOME,LT_100,10,10,5,0.5,2.032,0.016,3,-3.0,0,0,SMALL_SAMPLE,SMALL_SAMPLE_NO_EDGE_CLAIM
ASIAN_HANDICAP,B1,2024/25,2_00_2_49,AH_0_75,NOT_FT_OVER25,AWAY,LT_100,14,14,3,0.214286,2.029286,-0.4575,4,-6.92,0,0,SMALL_SAMPLE,SMALL_SAMPLE_NO_EDGE_CLAIM
ASIAN_HANDICAP,B1,2024/25,2_00_2_49,AH_0_75,NOT_FT_OVER25,HOME,LT_100,13,13,9,0.692308,2.026154,0.324231,2,-2.0,0,0,SMALL_SAMPLE,SMALL_SAMPLE_NO_EDGE_CLAIM
ASIAN_HANDICAP,B1,2024/25,2_00_2_49,AH_1_00,NOT_FT_OVER25,AWAY,LT_100,14,14,5,0.357143,2.035714,-0.131429,3,-6.0,0,0,SMALL_SAMPLE,SMALL_SAMPLE_NO_EDGE_CLAIM
ASIAN_HANDICAP,B1,2024/25,2_00_2_49,AH_1_00,NOT_FT_OVER25,HOME,LT_100,6,6,2,0.333333,2.015,0.171667,1,-1.0,0,0,SMALL_SAMPLE,SMALL_SAMPLE_NO_EDGE_CLAIM
ASIAN_HANDICAP,B1,2024/25,2_00_2_49,AH_1_25_1_50,NOT_FT_OVER25,AWAY,LT_100,8,8,3,0.375,2.03375,-0.239375,3,-2.5,0,0,SMALL_SAMPLE,SMALL_SAMPLE_NO_EDGE_CLAIM
ASIAN_HANDICAP,B1,2024/25,2_00_2_49,AH_1_25_1_50,NOT_FT_OVER25,HOME,LT_100,14,14,8,0.571429,2.027857,0.192143,3,-3.0,0,0,SMALL_SAMPLE,SMALL_SAMPLE_NO_EDGE_CLAIM
ASIAN_HANDICAP,B1,2024/25,2_00_2_49,AH_GT_1_50,NOT_FT_OVER25,AWAY,LT_100,2,2,1,0.5,2.03,0.015,1,-1.0,0,0,SMALL_SAMPLE,SMALL_SAMPLE_NO_EDGE_CLAIM
ASIAN_HANDICAP,B1,2024/25,2_00_2_49,AH_GT_1_50,NOT_FT_OVER25,HOME,LT_100,4,4,2,0.5,2.0225,0.265,1,-1.0,0,0,SMALL_SAMPLE,SMALL_SAMPLE_NO_EDGE_CLAIM
ASIAN_HANDICAP,D1,2020/21,1_50_1_74,AH_0,NOT_FT_OVER25,HOME,LT_100,2,2,2,1.0,1.71,0.71,0,0.0,0,0,SMALL_SAMPLE,SMALL_SAMPLE_NO_EDGE_CLAIM
ASIAN_HANDICAP,D1,2020/21,1_50_1_74,AH_0_25,NOT_FT_OVER25,HOME,LT_100,1,1,0,0.0,1.65,-0.5,1,-0.5,0,0,SMALL_SAMPLE,SMALL_SAMPLE_NO_EDGE_CLAIM
ASIAN_HANDICAP,D1,2020/21,1_50_1_74,AH_0_50,NOT_FT_OVER25,HOME,LT_100,1,1,1,1.0,1.73,0.73,0,0.0,0,0,SMALL_SAMPLE,SMALL_SAMPLE_NO_EDGE_CLAIM
ASIAN_HANDICAP,D1,2020/21,1_50_1_74,AH_1_00,NOT_FT_OVER25,AWAY,LT_100,1,1,0,0.0,1.73,-1.0,1,-1.0,0,0,SMALL_SAMPLE,SMALL_SAMPLE_NO_EDGE_CLAIM
ASIAN_HANDICAP,D1,2020/21,1_50_1_74,AH_GT_1_50,NOT_FT_OVER25,AWAY,LT_100,1,1,0,0.0,1.73,-1.0,1,-1.0,0,0,SMALL_SAMPLE,SMALL_SAMPLE_NO_EDGE_CLAIM
ASIAN_HANDICAP,D1,2020/21,1_75_1_99,AH_0,NOT_FT_OVER25,AWAY,LT_100,21,21,4,0.190476,1.879048,-0.265714,2,-6.39,0,0,SMALL_SAMPLE,SMALL_SAMPLE_NO_EDGE_CLAIM
ASIAN_HANDICAP,D1,2020/21,1_75_1_99,AH_0,NOT_FT_OVER25,HOME,LT_100,19,19,6,0.315789,1.887895,-0.197368,4,-6.29,0,0,SMALL_SAMPLE,SMALL_SAMPLE_NO_EDGE_CLAIM
ASIAN_HANDICAP,D1,2020/21,1_75_1_99,AH_0_25,NOT_FT_OVER25,AWAY,LT_100,40,40,23,0.575,1.895,0.05775,4,-6.485,0,0,SMALL_SAMPLE,SMALL_SAMPLE_NO_EDGE_CLAIM
ASIAN_HANDICAP,D1,2020/21,1_75_1_99,AH_0_25,NOT_FT_OVER25,HOME,LT_100,49,49,30,0.612245,1.881224,0.083469,7,-6.0,0,0,SMALL_SAMPLE,SMALL_SAMPLE_NO_EDGE_CLAIM
ASIAN_HANDICAP,D1,2020/21,1_75_1_99,AH_0_50,NOT_FT_OVER25,AWAY,LT_100,29,29,16,0.551724,1.915862,0.058966,5,-7.55,0,0,SMALL_SAMPLE,SMALL_SAMPLE_NO_EDGE_CLAIM
ASIAN_HANDICAP,D1,2020/21,1_75_1_99,AH_0_50,NOT_FT_OVER25,HOME,LT_100,40,40,18,0.45,1.9105,-0.14375,6,-8.37,0,0,SMALL_SAMPLE,SMALL_SAMPLE_NO_EDGE_CLAIM
ASIAN_HANDICAP,D1,2020/21,1_75_1_99,AH_0_75,NOT_FT_OVER25,AWAY,LT_100,20,20,12,0.6,1.9215,0.10325,5,-5.61,0,0,SMALL_SAMPLE,SMALL_SAMPLE_NO_EDGE_CLAIM
ASIAN_HANDICAP,D1,2020/21,1_75_1_99,AH_0_75,NOT_FT_OVER25,HOME,LT_100,27,27,15,0.555556,1.905556,0.062963,3,-3.08,0,0,SMALL_SAMPLE,SMALL_SAMPLE_NO_EDGE_CLAIM
ASIAN_HANDICAP,D1,2020/21,1_75_1_99,AH_1_00,NOT_FT_OVER25,AWAY,LT_100,18,18,5,0.277778,1.892778,-0.090556,2,-2.19,0,0,SMALL_SAMPLE,SMALL_SAMPLE_NO_EDGE_CLAIM
ASIAN_HANDICAP,D1,2020/21,1_75_1_99,AH_1_00,NOT_FT_OVER25,HOME,LT_100,24,24,13,0.541667,1.886667,0.230417,3,-3.0,0,0,SMALL_SAMPLE,SMALL_SAMPLE_NO_EDGE_CLAIM
ASIAN_HANDICAP,D1,2020/21,1_75_1_99,AH_1_25_1_50,NOT_FT_OVER25,AWAY,LT_100,16,16,8,0.5,1.88375,-0.015,3,-3.13,0,0,SMALL_SAMPLE,SMALL_SAMPLE_NO_EDGE_CLAIM
ASIAN_HANDICAP,D1,2020/21,1_75_1_99,AH_1_25_1_50,NOT_FT_OVER25,HOME,LT_100,19,19,9,0.473684,1.874737,-0.176316,4,-6.49,0,0,SMALL_SAMPLE,SMALL_SAMPLE_NO_EDGE_CLAIM
ASIAN_HANDICAP,D1,2020/21,1_75_1_99,AH_GT_1_50,NOT_FT_OVER25,AWAY,LT_100,17,17,8,0.470588,1.887647,-0.027353,2,-2.18,0,0,SMALL_SAMPLE,SMALL_SAMPLE_NO_EDGE_CLAIM
ASIAN_HANDICAP,D1,2020/21,1_75_1_99,AH_GT_1_50,NOT_FT_OVER25,HOME,LT_100,19,19,12,0.631579,1.892105,0.218684,2,-3.08,0,0,SMALL_SAMPLE,SMALL_SAMPLE_NO_EDGE_CLAIM
ASIAN_HANDICAP,D1,2020/21,2_00_2_49,AH_0,NOT_FT_OVER25,AWAY,LT_100,17,17,8,0.470588,2.060588,0.141765,4,-4.0,0,0,SMALL_SAMPLE,SMALL_SAMPLE_NO_EDGE_CLAIM
ASIAN_HANDICAP,D1,2020/21,2_00_2_49,AH_0,NOT_FT_OVER25,HOME,LT_100,17,17,7,0.411765,2.065882,0.251176,1,-1.0,0,0,SMALL_SAMPLE,SMALL_SAMPLE_NO_EDGE_CLAIM
ASIAN_HANDICAP,D1,2020/21,2_00_2_49,AH_0_25,NOT_FT_OVER25,AWAY,LT_100,36,36,15,0.416667,2.075833,-0.088472,6,-4.815,0,0,SMALL_SAMPLE,SMALL_SAMPLE_NO_EDGE_CLAIM
ASIAN_HANDICAP,D1,2020/21,2_00_2_49,AH_0_25,NOT_FT_OVER25,HOME,LT_100,26,26,8,0.307692,2.062692,-0.255769,9,-7.43,0,0,SMALL_SAMPLE,SMALL_SAMPLE_NO_EDGE_CLAIM
ASIAN_HANDICAP,D1,2020/21,2_00_2_49,AH_0_50,NOT_FT_OVER25,AWAY,LT_100,26,26,13,0.5,2.030385,0.008846,3,-4.98,0,0,SMALL_SAMPLE,SMALL_SAMPLE_NO_EDGE_CLAIM
ASIAN_HANDICAP,D1,2020/21,2_00_2_49,AH_0_50,NOT_FT_OVER25,HOME,LT_100,14,14,7,0.5,2.050714,0.027143,4,-4.0,0,0,SMALL_SAMPLE,SMALL_SAMPLE_NO_EDGE_CLAIM
ASIAN_HANDICAP,D1,2020/21,2_00_2_49,AH_0_75,NOT_FT_OVER25,AWAY,LT_100,17,17,7,0.411765,2.045294,-0.132941,2,-2.855,0,0,SMALL_SAMPLE,SMALL_SAMPLE_NO_EDGE_CLAIM
ASIAN_HANDICAP,D1,2020/21,2_00_2_49,AH_0_75,NOT_FT_OVER25,HOME,LT_100,10,10,3,0.3,2.034,-0.337,5,-4.5,0,0,SMALL_SAMPLE,SMALL_SAMPLE_NO_EDGE_CLAIM
ASIAN_HANDICAP,D1,2020/21,2_00_2_49,AH_1_00,NOT_FT_OVER25,AWAY,LT_100,18,18,6,0.333333,2.052778,-0.206111,7,-7.0,0,0,SMALL_SAMPLE,SMALL_SAMPLE_NO_EDGE_CLAIM
ASIAN_HANDICAP,D1,2020/21,2_00_2_49,AH_1_00,NOT_FT_OVER25,HOME,LT_100,13,13,4,0.307692,2.043077,-0.066154,2,-3.0,0,0,SMALL_SAMPLE,SMALL_SAMPLE_NO_EDGE_CLAIM
ASIAN_HANDICAP,D1,2020/21,2_00_2_49,AH_1_25_1_50,NOT_FT_OVER25,AWAY,LT_100,15,15,7,0.466667,2.048667,-0.016,3,-3.0,0,0,SMALL_SAMPLE,SMALL_SAMPLE_NO_EDGE_CLAIM
ASIAN_HANDICAP,D1,2020/21,2_00_2_49,AH_1_25_1_50,NOT_FT_OVER25,HOME,LT_100,12,12,7,0.583333,2.0375,0.190833,2,-2.0,0,0,SMALL_SAMPLE,SMALL_SAMPLE_NO_EDGE_CLAIM
ASIAN_HANDICAP,D1,2020/21,2_00_2_49,AH_GT_1_50,NOT_FT_OVER25,AWAY,LT_100,14,14,4,0.285714,2.035,-0.381429,4,-5.38,0,0,SMALL_SAMPLE,SMALL_SAMPLE_NO_EDGE_CLAIM
ASIAN_HANDICAP,D1,2020/21,2_00_2_49,AH_GT_1_50,NOT_FT_OVER25,HOME,LT_100,13,13,6,0.461538,2.053077,0.061538,5,-4.5,0,0,SMALL_SAMPLE,SMALL_SAMPLE_NO_EDGE_CLAIM
ASIAN_HANDICAP,D1,2021/22,1_50_1_74,AH_0,NOT_FT_OVER25,HOME,LT_100,2,2,1,0.5,1.68,-0.185,1,-1.0,0,0,SMALL_SAMPLE,SMALL_SAMPLE_NO_EDGE_CLAIM
ASIAN_HANDICAP,D1,2021/22,1_50_1_74,AH_0_25,NOT_FT_OVER25,AWAY,LT_100,2,2,0,0.0,1.715,-0.75,2,-1.5,0,0,SMALL_SAMPLE,SMALL_SAMPLE_NO_EDGE_CLAIM
ASIAN_HANDICAP,D1,2021/22,1_50_1_74,AH_0_25,NOT_FT_OVER25,HOME,LT_100,2,2,1,0.5,1.73,-0.135,1,-1.0,0,0,SMALL_SAMPLE,SMALL_SAMPLE_NO_EDGE_CLAIM
ASIAN_HANDICAP,D1,2021/22,1_50_1_74,AH_0_50,NOT_FT_OVER25,HOME,LT_100,1,1,1,1.0,1.73,0.73,0,0.0,0,0,SMALL_SAMPLE,SMALL_SAMPLE_NO_EDGE_CLAIM
ASIAN_HANDICAP,D1,2021/22,1_50_1_74,AH_1_00,NOT_FT_OVER25,AWAY,LT_100,1,1,0,0.0,1.7,0.0,0,0.0,0,0,SMALL_SAMPLE,SMALL_SAMPLE_NO_EDGE_CLAIM
ASIAN_HANDICAP,D1,2021/22,1_50_1_74,AH_GT_1_50,NOT_FT_OVER25,HOME,LT_100,3,3,3,1.0,1.693333,0.693333,0,0.0,0,0,SMALL_SAMPLE,SMALL_SAMPLE_NO_EDGE_CLAIM
ASIAN_HANDICAP,D1,2021/22,1_75_1_99,AH_0,NOT_FT_OVER25,AWAY,LT_100,13,13,5,0.384615,1.899231,-0.043077,5,-5.0,0,0,SMALL_SAMPLE,SMALL_SAMPLE_NO_EDGE_CLAIM
ASIAN_HANDICAP,D1,2021/22,1_75_1_99,AH_0,NOT_FT_OVER25,HOME,LT_100,18,18,12,0.666667,1.912222,0.435556,1,-1.0,0,0,SMALL_SAMPLE,SMALL_SAMPLE_NO_EDGE_CLAIM
ASIAN_HANDICAP,D1,2021/22,1_75_1_99,AH_0_25,NOT_FT_OVER25,AWAY,LT_100,51,51,26,0.509804,1.910392,0.015784,4,-3.0,0,0,SMALL_SAMPLE,SMALL_SAMPLE_NO_EDGE_CLAIM
ASIAN_HANDICAP,D1,2021/22,1_75_1_99,AH_0_25,NOT_FT_OVER25,HOME,LT_100,58,58,29,0.5,1.892069,-0.062672,5,-6.75,0,0,SMALL_SAMPLE,SMALL_SAMPLE_NO_EDGE_CLAIM
ASIAN_HANDICAP,D1,2021/22,1_75_1_99,AH_0_50,NOT_FT_OVER25,AWAY,LT_100,33,33,21,0.636364,1.908485,0.211212,2,-2.09,0,0,SMALL_SAMPLE,SMALL_SAMPLE_NO_EDGE_CLAIM
ASIAN_HANDICAP,D1,2021/22,1_75_1_99,AH_0_50,NOT_FT_OVER25,HOME,LT_100,37,37,19,0.513514,1.897838,-0.029459,4,-4.86,0,0,SMALL_SAMPLE,SMALL_SAMPLE_NO_EDGE_CLAIM
ASIAN_HANDICAP,D1,2021/22,1_75_1_99,AH_0_75,NOT_FT_OVER25,AWAY,LT_100,22,22,10,0.454545,1.908182,-0.042273,3,-3.77,0,0,SMALL_SAMPLE,SMALL_SAMPLE_NO_EDGE_CLAIM
ASIAN_HANDICAP,D1,2021/22,1_75_1_99,AH_0_75,NOT_FT_OVER25,HOME,LT_100,21,21,12,0.571429,1.924286,0.015476,2,-2.775,0,0,SMALL_SAMPLE,SMALL_SAMPLE_NO_EDGE_CLAIM
ASIAN_HANDICAP,D1,2021/22,1_75_1_99,AH_1_00,NOT_FT_OVER25,AWAY,LT_100,11,11,4,0.363636,1.910909,-0.024545,2,-2.01,0,0,SMALL_SAMPLE,SMALL_SAMPLE_NO_EDGE_CLAIM
ASIAN_HANDICAP,D1,2021/22,1_75_1_99,AH_1_00,NOT_FT_OVER25,HOME,LT_100,19,19,10,0.526316,1.869474,0.184737,3,-3.0,0,0,SMALL_SAMPLE,SMALL_SAMPLE_NO_EDGE_CLAIM
ASIAN_HANDICAP,D1,2021/22,1_75_1_99,AH_1_25_1_50,NOT_FT_OVER25,AWAY,LT_100,25,25,12,0.48,1.9184,-0.136,5,-6.9,0,0,SMALL_SAMPLE,SMALL_SAMPLE_NO_EDGE_CLAIM
ASIAN_HANDICAP,D1,2021/22,1_75_1_99,AH_1_25_1_50,NOT_FT_OVER25,HOME,LT_100,33,33,18,0.545455,1.881818,0.051061,6,-6.38,0,0,SMALL_SAMPLE,SMALL_SAMPLE_NO_EDGE_CLAIM
ASIAN_HANDICAP,D1,2021/22,1_75_1_99,AH_GT_1_50,NOT_FT_OVER25,AWAY,LT_100,21,21,13,0.619048,1.907619,0.257619,2,-1.5,0,0,SMALL_SAMPLE,SMALL_SAMPLE_NO_EDGE_CLAIM
ASIAN_HANDICAP,D1,2021/22,1_75_1_99,AH_GT_1_50,NOT_FT_OVER25,HOME,LT_100,18,18,11,0.611111,1.881667,0.176389,2,-2.505,0,0,SMALL_SAMPLE,SMALL_SAMPLE_NO_EDGE_CLAIM
ASIAN_HANDICAP,D1,2021/22,2_00_2_49,AH_0,NOT_FT_OVER25,AWAY,LT_100,14,14,2,0.142857,2.056429,-0.560714,7,-7.92,0,0,SMALL_SAMPLE,SMALL_SAMPLE_NO_EDGE_CLAIM
ASIAN_HANDICAP,D1,2021/22,2_00_2_49,AH_0,NOT_FT_OVER25,HOME,LT_100,7,7,2,0.285714,2.038571,-0.135714,2,-2.0,0,0,SMALL_SAMPLE,SMALL_SAMPLE_NO_EDGE_CLAIM
ASIAN_HANDICAP,D1,2021/22,2_00_2_49,AH_0_25,NOT_FT_OVER25,AWAY,LT_100,34,34,20,0.588235,2.064118,0.146912,3,-4.315,0,0,SMALL_SAMPLE,SMALL_SAMPLE_NO_EDGE_CLAIM
ASIAN_HANDICAP,D1,2021/22,2_00_2_49,AH_0_25,NOT_FT_OVER25,HOME,LT_100,27,27,11,0.407407,2.055556,-0.146296,7,-6.0,0,0,SMALL_SAMPLE,SMALL_SAMPLE_NO_EDGE_CLAIM
ASIAN_HANDICAP,D1,2021/22,2_00_2_49,AH_0_50,NOT_FT_OVER25,AWAY,LT_100,24,24,10,0.416667,2.046667,-0.149167,4,-9.82,0,0,SMALL_SAMPLE,SMALL_SAMPLE_NO_EDGE_CLAIM
ASIAN_HANDICAP,D1,2021/22,2_00_2_49,AH_0_50,NOT_FT_OVER25,HOME,LT_100,19,19,6,0.315789,2.031053,-0.360526,4,-7.88,0,0,SMALL_SAMPLE,SMALL_SAMPLE_NO_EDGE_CLAIM
ASIAN_HANDICAP,D1,2021/22,2_00_2_49,AH_0_75,NOT_FT_OVER25,AWAY,LT_100,10,10,5,0.5,2.043,0.0685,3,-2.0,0,0,SMALL_SAMPLE,SMALL_SAMPLE_NO_EDGE_CLAIM
ASIAN_HANDICAP,D1,2021/22,2_00_2_49,AH_0_75,NOT_FT_OVER25,HOME,LT_100,11,11,5,0.454545,2.030909,-0.126818,3,-3.475,0,0,SMALL_SAMPLE,SMALL_SAMPLE_NO_EDGE_CLAIM
ASIAN_HANDICAP,D1,2021/22,2_00_2_49,AH_1_00,NOT_FT_OVER25,AWAY,LT_100,13,13,3,0.230769,2.057692,-0.376923,4,-7.0,0,0,SMALL_SAMPLE,SMALL_SAMPLE_NO_EDGE_CLAIM
ASIAN_HANDICAP,D1,2021/22,2_00_2_49,AH_1_00,NOT_FT_OVER25,HOME,LT_100,6,6,2,0.333333,2.058333,0.015,2,-2.0,0,0,SMALL_SAMPLE,SMALL_SAMPLE_NO_EDGE_CLAIM
ASIAN_HANDICAP,D1,2021/22,2_00_2_49,AH_1_25_1_50,NOT_FT_OVER25,AWAY,LT_100,20,20,9,0.45,2.0455,-0.08225,5,-5.4,0,0,SMALL_SAMPLE,SMALL_SAMPLE_NO_EDGE_CLAIM
ASIAN_HANDICAP,D1,2021/22,2_00_2_49,AH_1_25_1_50,NOT_FT_OVER25,HOME,LT_100,12,12,6,0.5,2.028333,0.106667,3,-2.5,0,0,SMALL_SAMPLE,SMALL_SAMPLE_NO_EDGE_CLAIM
ASIAN_HANDICAP,D1,2021/22,2_00_2_49,AH_GT_1_50,NOT_FT_OVER25,AWAY,LT_100,12,12,3,0.25,2.058333,-0.489167,5,-6.95,0,0,SMALL_SAMPLE,SMALL_SAMPLE_NO_EDGE_CLAIM
ASIAN_HANDICAP,D1,2021/22,2_00_2_49,AH_GT_1_50,NOT_FT_OVER25,HOME,LT_100,12,12,2,0.166667,2.033333,-0.706667,9,-9.0,0,0,SMALL_SAMPLE,SMALL_SAMPLE_NO_EDGE_CLAIM
ASIAN_HANDICAP,D1,2022/23,1_50_1_74,AH_0_25,NOT_FT_OVER25,AWAY,LT_100,1,1,1,1.0,1.73,0.73,0,0.0,0,0,SMALL_SAMPLE,SMALL_SAMPLE_NO_EDGE_CLAIM
ASIAN_HANDICAP,D1,2022/23,1_50_1_74,AH_0_25,NOT_FT_OVER25,HOME,LT_100,4,4,3,0.75,1.69,0.27,1,-1.0,0,0,SMALL_SAMPLE,SMALL_SAMPLE_NO_EDGE_CLAIM
ASIAN_HANDICAP,D1,2022/23,1_50_1_74,AH_GT_1_50,NOT_FT_OVER25,HOME,LT_100,1,1,0,0.0,1.7,-1.0,1,-1.0,0,0,SMALL_SAMPLE,SMALL_SAMPLE_NO_EDGE_CLAIM
ASIAN_HANDICAP,D1,2022/23,1_75_1_99,AH_0,NOT_FT_OVER25,AWAY,LT_100,22,22,9,0.409091,1.898636,0.005455,2,-2.52,0,0,SMALL_SAMPLE,SMALL_SAMPLE_NO_EDGE_CLAIM
ASIAN_HANDICAP,D1,2022/23,1_75_1_99,AH_0,NOT_FT_OVER25,HOME,LT_100,27,27,11,0.407407,1.893704,-0.043704,2,-2.42,0,0,SMALL_SAMPLE,SMALL_SAMPLE_NO_EDGE_CLAIM
ASIAN_HANDICAP,D1,2022/23,1_75_1_99,AH_0_25,NOT_FT_OVER25,AWAY,LT_100,49,49,24,0.489796,1.898776,-0.116837,5,-9.08,0,0,SMALL_SAMPLE,SMALL_SAMPLE_NO_EDGE_CLAIM
ASIAN_HANDICAP,D1,2022/23,1_75_1_99,AH_0_25,NOT_FT_OVER25,HOME,LT_100,63,63,39,0.619048,1.886349,0.175635,4,-4.675,0,0,SMALL_SAMPLE,SMALL_SAMPLE_NO_EDGE_CLAIM
ASIAN_HANDICAP,D1,2022/23,1_75_1_99,AH_0_50,NOT_FT_OVER25,AWAY,LT_100,34,34,14,0.411765,1.899412,-0.220588,5,-7.97,0,0,SMALL_SAMPLE,SMALL_SAMPLE_NO_EDGE_CLAIM
ASIAN_HANDICAP,D1,2022/23,1_75_1_99,AH_0_50,NOT_FT_OVER25,HOME,LT_100,37,37,22,0.594595,1.88973,0.129459,6,-6.05,0,0,SMALL_SAMPLE,SMALL_SAMPLE_NO_EDGE_CLAIM
ASIAN_HANDICAP,D1,2022/23,1_75_1_99,AH_0_75,NOT_FT_OVER25,AWAY,LT_100,21,21,11,0.52381,1.904286,-0.034762,3,-4.2,0,0,SMALL_SAMPLE,SMALL_SAMPLE_NO_EDGE_CLAIM
ASIAN_HANDICAP,D1,2022/23,1_75_1_99,AH_0_75,NOT_FT_OVER25,HOME,LT_100,21,21,13,0.619048,1.90619,0.115238,1,-1.745,0,0,SMALL_SAMPLE,SMALL_SAMPLE_NO_EDGE_CLAIM
ASIAN_HANDICAP,D1,2022/23,1_75_1_99,AH_1_00,NOT_FT_OVER25,AWAY,LT_100,22,22,10,0.454545,1.929545,0.008636,3,-3.11,0,0,SMALL_SAMPLE,SMALL_SAMPLE_NO_EDGE_CLAIM
ASIAN_HANDICAP,D1,2022/23,1_75_1_99,AH_1_00,NOT_FT_OVER25,HOME,LT_100,20,20,10,0.5,1.899,0.15,2,-2.25,0,0,SMALL_SAMPLE,SMALL_SAMPLE_NO_EDGE_CLAIM
ASIAN_HANDICAP,D1,2022/23,1_75_1_99,AH_1_25_1_50,NOT_FT_OVER25,AWAY,LT_100,16,16,8,0.5,1.8825,-0.11,6,-6.2,0,0,SMALL_SAMPLE,SMALL_SAMPLE_NO_EDGE_CLAIM
ASIAN_HANDICAP,D1,2022/23,1_75_1_99,AH_1_25_1_50,NOT_FT_OVER25,HOME,LT_100,18,18,11,0.611111,1.878333,0.132222,3,-2.5,0,0,SMALL_SAMPLE,SMALL_SAMPLE_NO_EDGE_CLAIM
ASIAN_HANDICAP,D1,2022/23,1_75_1_99,AH_GT_1_50,NOT_FT_OVER25,AWAY,LT_100,14,14,7,0.5,1.91,-0.051429,5,-5.0,0,0,SMALL_SAMPLE,SMALL_SAMPLE_NO_EDGE_CLAIM
ASIAN_HANDICAP,D1,2022/23,1_75_1_99,AH_GT_1_50,NOT_FT_OVER25,HOME,LT_100,17,17,8,0.470588,1.885882,-0.037647,3,-3.0,0,0,SMALL_SAMPLE,SMALL_SAMPLE_NO_EDGE_CLAIM
ASIAN_HANDICAP,D1,2022/23,2_00_2_49,AH_0,NOT_FT_OVER25,AWAY,LT_100,17,17,7,0.411765,2.059412,0.024118,2,-2.0,0,0,SMALL_SAMPLE,SMALL_SAMPLE_NO_EDGE_CLAIM
ASIAN_HANDICAP,D1,2022/23,2_00_2_49,AH_0,NOT_FT_OVER25,HOME,LT_100,12,12,4,0.333333,2.053333,-0.0625,2,-2.0,0,0,SMALL_SAMPLE,SMALL_SAMPLE_NO_EDGE_CLAIM
ASIAN_HANDICAP,D1,2022/23,2_00_2_49,AH_0_25,NOT_FT_OVER25,AWAY,LT_100,44,44,17,0.386364,2.063864,-0.196477,7,-12.78,0,0,SMALL_SAMPLE,SMALL_SAMPLE_NO_EDGE_CLAIM
ASIAN_HANDICAP,D1,2022/23,2_00_2_49,AH_0_25,NOT_FT_OVER25,HOME,LT_100,27,27,10,0.37037,2.061852,-0.168148,4,-5.37,0,0,SMALL_SAMPLE,SMALL_SAMPLE_NO_EDGE_CLAIM
ASIAN_HANDICAP,D1,2022/23,2_00_2_49,AH_0_50,NOT_FT_OVER25,AWAY,LT_100,22,22,10,0.454545,2.061818,-0.06,5,-5.72,0,0,SMALL_SAMPLE,SMALL_SAMPLE_NO_EDGE_CLAIM
ASIAN_HANDICAP,D1,2022/23,2_00_2_49,AH_0_50,NOT_FT_OVER25,HOME,LT_100,19,19,10,0.526316,2.053684,0.084737,4,-4.93,0,0,SMALL_SAMPLE,SMALL_SAMPLE_NO_EDGE_CLAIM
ASIAN_HANDICAP,D1,2022/23,2_00_2_49,AH_0_75,NOT_FT_OVER25,AWAY,LT_100,11,11,3,0.272727,2.050909,-0.307273,7,-6.0,0,0,SMALL_SAMPLE,SMALL_SAMPLE_NO_EDGE_CLAIM
ASIAN_HANDICAP,D1,2022/23,2_00_2_49,AH_0_75,NOT_FT_OVER25,HOME,LT_100,11,11,5,0.454545,2.037273,0.022727,4,-3.0,0,0,SMALL_SAMPLE,SMALL_SAMPLE_NO_EDGE_CLAIM
ASIAN_HANDICAP,D1,2022/23,2_00_2_49,AH_1_00,NOT_FT_OVER25,AWAY,LT_100,8,8,3,0.375,2.04875,0.0275,1,-2.0,0,0,SMALL_SAMPLE,SMALL_SAMPLE_NO_EDGE_CLAIM
ASIAN_HANDICAP,D1,2022/23,2_00_2_49,AH_1_00,NOT_FT_OVER25,HOME,LT_100,10,10,2,0.2,2.025,-0.491,4,-4.93,0,0,SMALL_SAMPLE,SMALL_SAMPLE_NO_EDGE_CLAIM
ASIAN_HANDICAP,D1,2022/23,2_00_2_49,AH_1_25_1_50,NOT_FT_OVER25,AWAY,LT_100,14,14,6,0.428571,2.035714,-0.129286,4,-3.905,0,0,SMALL_SAMPLE,SMALL_SAMPLE_NO_EDGE_CLAIM
ASIAN_HANDICAP,D1,2022/23,2_00_2_49,AH_1_25_1_50,NOT_FT_OVER25,HOME,LT_100,12,12,5,0.416667,2.0375,-0.0275,3,-2.5,0,0,SMALL_SAMPLE,SMALL_SAMPLE_NO_EDGE_CLAIM
ASIAN_HANDICAP,D1,2022/23,2_00_2_49,AH_GT_1_50,NOT_FT_OVER25,AWAY,LT_100,11,11,7,0.636364,2.040909,0.392727,1,-1.0,0,0,SMALL_SAMPLE,SMALL_SAMPLE_NO_EDGE_CLAIM
ASIAN_HANDICAP,D1,2022/23,2_00_2_49,AH_GT_1_50,NOT_FT_OVER25,HOME,LT_100,7,7,2,0.285714,2.027143,-0.425714,3,-3.0,0,0,SMALL_SAMPLE,SMALL_SAMPLE_NO_EDGE_CLAIM
ASIAN_HANDICAP,D1,2023/24,1_50_1_74,AH_0_25,NOT_FT_OVER25,AWAY,LT_100,1,1,1,1.0,1.73,0.73,0,0.0,0,0,SMALL_SAMPLE,SMALL_SAMPLE_NO_EDGE_CLAIM
ASIAN_HANDICAP,D1,2023/24,1_50_1_74,AH_0_25,NOT_FT_OVER25,HOME,LT_100,6,6,3,0.5,1.703333,-0.136667,2,-1.77,0,0,SMALL_SAMPLE,SMALL_SAMPLE_NO_EDGE_CLAIM
ASIAN_HANDICAP,D1,2023/24,1_75_1_99,AH_0,NOT_FT_OVER25,AWAY,LT_100,19,19,6,0.315789,1.906842,0.028947,2,-2.0,0,0,SMALL_SAMPLE,SMALL_SAMPLE_NO_EDGE_CLAIM
ASIAN_HANDICAP,D1,2023/24,1_75_1_99,AH_0,NOT_FT_OVER25,HOME,LT_100,23,23,12,0.521739,1.899565,0.204783,2,-2.17,0,0,SMALL_SAMPLE,SMALL_SAMPLE_NO_EDGE_CLAIM
ASIAN_HANDICAP,D1,2023/24,1_75_1_99,AH_0_25,NOT_FT_OVER25,AWAY,LT_100,39,39,23,0.589744,1.875385,0.053718,4,-5.085,0,0,SMALL_SAMPLE,SMALL_SAMPLE_NO_EDGE_CLAIM
ASIAN_HANDICAP,D1,2023/24,1_75_1_99,AH_0_25,NOT_FT_OVER25,HOME,LT_100,48,48,24,0.5,1.897083,-0.010937,6,-6.68,0,0,SMALL_SAMPLE,SMALL_SAMPLE_NO_EDGE_CLAIM
ASIAN_HANDICAP,D1,2023/24,1_75_1_99,AH_0_50,NOT_FT_OVER25,AWAY,LT_100,27,27,16,0.592593,1.92,0.132593,3,-3.1,0,0,SMALL_SAMPLE,SMALL_SAMPLE_NO_EDGE_CLAIM
ASIAN_HANDICAP,D1,2023/24,1_75_1_99,AH_0_50,NOT_FT_OVER25,HOME,LT_100,22,22,12,0.545455,1.899091,0.036364,3,-5.18,0,0,SMALL_SAMPLE,SMALL_SAMPLE_NO_EDGE_CLAIM
ASIAN_HANDICAP,D1,2023/24,1_75_1_99,AH_0_75,NOT_FT_OVER25,AWAY,LT_100,29,29,17,0.586207,1.912759,0.141724,3,-2.77,0,0,SMALL_SAMPLE,SMALL_SAMPLE_NO_EDGE_CLAIM
ASIAN_HANDICAP,D1,2023/24,1_75_1_99,AH_0_75,NOT_FT_OVER25,HOME,LT_100,32,32,14,0.4375,1.915938,-0.184844,3,-8.695,0,0,SMALL_SAMPLE,SMALL_SAMPLE_NO_EDGE_CLAIM
ASIAN_HANDICAP,D1,2023/24,1_75_1_99,AH_1_00,NOT_FT_OVER25,AWAY,LT_100,13,13,7,0.538462,1.896154,0.114615,3,-3.0,0,0,SMALL_SAMPLE,SMALL_SAMPLE_NO_EDGE_CLAIM
ASIAN_HANDICAP,D1,2023/24,1_75_1_99,AH_1_00,NOT_FT_OVER25,HOME,LT_100,10,10,4,0.4,1.904,-0.242,3,-4.17,0,0,SMALL_SAMPLE,SMALL_SAMPLE_NO_EDGE_CLAIM
ASIAN_HANDICAP,D1,2023/24,1_75_1_99,AH_1_25_1_50,NOT_FT_OVER25,AWAY,LT_100,30,30,11,0.366667,1.887333,-0.3185,6,-10.95,0,0,SMALL_SAMPLE,SMALL_SAMPLE_NO_EDGE_CLAIM
ASIAN_HANDICAP,D1,2023/24,1_75_1_99,AH_1_25_1_50,NOT_FT_OVER25,HOME,LT_100,28,28,16,0.571429,1.890714,0.019821,4,-6.02,0,0,SMALL_SAMPLE,SMALL_SAMPLE_NO_EDGE_CLAIM
ASIAN_HANDICAP,D1,2023/24,1_75_1_99,AH_GT_1_50,NOT_FT_OVER25,AWAY,LT_100,15,15,7,0.466667,1.913333,-0.106667,4,-4.23,0,0,SMALL_SAMPLE,SMALL_SAMPLE_NO_EDGE_CLAIM
ASIAN_HANDICAP,D1,2023/24,1_75_1_99,AH_GT_1_50,NOT_FT_OVER25,HOME,LT_100,26,26,12,0.461538,1.886923,-0.081154,4,-5.18,0,0,SMALL_SAMPLE,SMALL_SAMPLE_NO_EDGE_CLAIM
ASIAN_HANDICAP,D1,2023/24,2_00_2_49,AH_0,NOT_FT_OVER25,AWAY,LT_100,15,15,3,0.2,2.06,-0.386,3,-6.0,0,0,SMALL_SAMPLE,SMALL_SAMPLE_NO_EDGE_CLAIM
ASIAN_HANDICAP,D1,2023/24,2_00_2_49,AH_0,NOT_FT_OVER25,HOME,LT_100,11,11,2,0.181818,2.057273,-0.067273,2,-2.0,0,0,SMALL_SAMPLE,SMALL_SAMPLE_NO_EDGE_CLAIM
ASIAN_HANDICAP,D1,2023/24,2_00_2_49,AH_0_25,NOT_FT_OVER25,AWAY,LT_100,43,43,21,0.488372,2.054651,-0.040116,3,-5.49,0,0,SMALL_SAMPLE,SMALL_SAMPLE_NO_EDGE_CLAIM
ASIAN_HANDICAP,D1,2023/24,2_00_2_49,AH_0_25,NOT_FT_OVER25,HOME,LT_100,29,29,11,0.37931,2.066207,-0.132759,4,-6.61,0,0,SMALL_SAMPLE,SMALL_SAMPLE_NO_EDGE_CLAIM
ASIAN_HANDICAP,D1,2023/24,2_00_2_49,AH_0_50,NOT_FT_OVER25,AWAY,LT_100,12,12,6,0.5,2.046667,0.025,2,-2.93,0,0,SMALL_SAMPLE,SMALL_SAMPLE_NO_EDGE_CLAIM
ASIAN_HANDICAP,D1,2023/24,2_00_2_49,AH_0_50,NOT_FT_OVER25,HOME,LT_100,17,17,5,0.294118,2.027059,-0.405294,8,-9.0,0,0,SMALL_SAMPLE,SMALL_SAMPLE_NO_EDGE_CLAIM
ASIAN_HANDICAP,D1,2023/24,2_00_2_49,AH_0_75,NOT_FT_OVER25,AWAY,LT_100,19,19,10,0.526316,2.036316,0.102895,3,-2.5,0,0,SMALL_SAMPLE,SMALL_SAMPLE_NO_EDGE_CLAIM
ASIAN_HANDICAP,D1,2023/24,2_00_2_49,AH_0_75,NOT_FT_OVER25,HOME,LT_100,16,16,7,0.4375,2.0425,-0.109375,5,-4.91,0,0,SMALL_SAMPLE,SMALL_SAMPLE_NO_EDGE_CLAIM
ASIAN_HANDICAP,D1,2023/24,2_00_2_49,AH_1_00,NOT_FT_OVER25,AWAY,LT_100,5,5,2,0.4,2.06,-0.18,2,-2.0,0,0,SMALL_SAMPLE,SMALL_SAMPLE_NO_EDGE_CLAIM
ASIAN_HANDICAP,D1,2023/24,2_00_2_49,AH_1_00,NOT_FT_OVER25,HOME,LT_100,8,8,4,0.5,2.06125,0.165,2,-2.0,0,0,SMALL_SAMPLE,SMALL_SAMPLE_NO_EDGE_CLAIM
ASIAN_HANDICAP,D1,2023/24,2_00_2_49,AH_1_25_1_50,NOT_FT_OVER25,AWAY,LT_100,19,19,8,0.421053,2.037895,-0.040526,4,-4.47,0,0,SMALL_SAMPLE,SMALL_SAMPLE_NO_EDGE_CLAIM
ASIAN_HANDICAP,D1,2023/24,2_00_2_49,AH_1_25_1_50,NOT_FT_OVER25,HOME,LT_100,21,21,14,0.666667,2.044286,0.385,3,-3.0,0,0,SMALL_SAMPLE,SMALL_SAMPLE_NO_EDGE_CLAIM
ASIAN_HANDICAP,D1,2023/24,2_00_2_49,AH_GT_1_50,NOT_FT_OVER25,AWAY,LT_100,20,20,10,0.5,2.0365,0.04225,3,-3.0,0,0,SMALL_SAMPLE,SMALL_SAMPLE_NO_EDGE_CLAIM
ASIAN_HANDICAP,D1,2023/24,2_00_2_49,AH_GT_1_50,NOT_FT_OVER25,HOME,LT_100,9,9,5,0.555556,2.021111,0.124444,1,-1.0,0,0,SMALL_SAMPLE,SMALL_SAMPLE_NO_EDGE_CLAIM
ASIAN_HANDICAP,D1,2024/25,1_50_1_74,AH_0,NOT_FT_OVER25,HOME,LT_100,2,2,1,0.5,1.715,-0.135,1,-1.0,0,0,SMALL_SAMPLE,SMALL_SAMPLE_NO_EDGE_CLAIM
ASIAN_HANDICAP,D1,2024/25,1_50_1_74,AH_0_25,NOT_FT_OVER25,AWAY,LT_100,2,2,2,1.0,1.715,0.5325,0,0.0,0,0,SMALL_SAMPLE,SMALL_SAMPLE_NO_EDGE_CLAIM
ASIAN_HANDICAP,D1,2024/25,1_50_1_74,AH_0_25,NOT_FT_OVER25,HOME,LT_100,4,4,3,0.75,1.73,0.20625,1,-1.0,0,0,SMALL_SAMPLE,SMALL_SAMPLE_NO_EDGE_CLAIM
ASIAN_HANDICAP,D1,2024/25,1_50_1_74,AH_0_75,NOT_FT_OVER25,HOME,LT_100,1,1,0,0.0,1.73,-1.0,1,-1.0,0,0,SMALL_SAMPLE,SMALL_SAMPLE_NO_EDGE_CLAIM
ASIAN_HANDICAP,D1,2024/25,1_50_1_74,AH_1_00,NOT_FT_OVER25,HOME,LT_100,1,1,1,1.0,1.7,0.7,0,0.0,0,0,SMALL_SAMPLE,SMALL_SAMPLE_NO_EDGE_CLAIM
ASIAN_HANDICAP,D1,2024/25,1_75_1_99,AH_0,NOT_FT_OVER25,AWAY,LT_100,18,18,13,0.722222,1.900556,0.486667,2,-2.0,0,0,SMALL_SAMPLE,SMALL_SAMPLE_NO_EDGE_CLAIM
ASIAN_HANDICAP,D1,2024/25,1_75_1_99,AH_0,NOT_FT_OVER25,HOME,LT_100,18,18,3,0.166667,1.906667,-0.243889,2,-5.2,0,0,SMALL_SAMPLE,SMALL_SAMPLE_NO_EDGE_CLAIM
ASIAN_HANDICAP,D1,2024/25,1_75_1_99,AH_0_25,NOT_FT_OVER25,AWAY,LT_100,54,54,31,0.574074,1.888519,0.048241,4,-6.77,0,0,SMALL_SAMPLE,SMALL_SAMPLE_NO_EDGE_CLAIM
ASIAN_HANDICAP,D1,2024/25,1_75_1_99,AH_0_25,NOT_FT_OVER25,HOME,LT_100,37,37,16,0.432432,1.912432,-0.174595,4,-7.175,0,0,SMALL_SAMPLE,SMALL_SAMPLE_NO_EDGE_CLAIM
ASIAN_HANDICAP,D1,2024/25,1_75_1_99,AH_0_50,NOT_FT_OVER25,AWAY,LT_100,35,35,23,0.657143,1.912857,0.259714,3,-3.0,0,0,SMALL_SAMPLE,SMALL_SAMPLE_NO_EDGE_CLAIM
ASIAN_HANDICAP,D1,2024/25,1_75_1_99,AH_0_50,NOT_FT_OVER25,HOME,LT_100,39,39,16,0.410256,1.898718,-0.224103,5,-12.11,0,0,SMALL_SAMPLE,SMALL_SAMPLE_NO_EDGE_CLAIM
ASIAN_HANDICAP,D1,2024/25,1_75_1_99,AH_0_75,NOT_FT_OVER25,AWAY,LT_100,24,24,12,0.5,1.913333,-0.032708,3,-3.0,0,0,SMALL_SAMPLE,SMALL_SAMPLE_NO_EDGE_CLAIM
ASIAN_HANDICAP,D1,2024/25,1_75_1_99,AH_0_75,NOT_FT_OVER25,HOME,LT_100,27,27,17,0.62963,1.922963,0.18537,2,-2.14,0,0,SMALL_SAMPLE,SMALL_SAMPLE_NO_EDGE_CLAIM
ASIAN_HANDICAP,D1,2024/25,1_75_1_99,AH_1_00,NOT_FT_OVER25,AWAY,LT_100,17,17,8,0.470588,1.882941,0.171765,2,-2.25,0,0,SMALL_SAMPLE,SMALL_SAMPLE_NO_EDGE_CLAIM
ASIAN_HANDICAP,D1,2024/25,1_75_1_99,AH_1_00,NOT_FT_OVER25,HOME,LT_100,10,10,2,0.2,1.871,-0.438,5,-5.16,0,0,SMALL_SAMPLE,SMALL_SAMPLE_NO_EDGE_CLAIM
ASIAN_HANDICAP,D1,2024/25,1_75_1_99,AH_1_25_1_50,NOT_FT_OVER25,AWAY,LT_100,23,23,15,0.652174,1.903043,0.219783,2,-2.0,0,0,SMALL_SAMPLE,SMALL_SAMPLE_NO_EDGE_CLAIM
ASIAN_HANDICAP,D1,2024/25,1_75_1_99,AH_1_25_1_50,NOT_FT_OVER25,HOME,LT_100,23,23,11,0.478261,1.921739,-0.079348,4,-4.19,0,0,SMALL_SAMPLE,SMALL_SAMPLE_NO_EDGE_CLAIM
ASIAN_HANDICAP,D1,2024/25,1_75_1_99,AH_GT_1_50,NOT_FT_OVER25,AWAY,LT_100,13,13,6,0.461538,1.906154,-0.043846,4,-4.12,0,0,SMALL_SAMPLE,SMALL_SAMPLE_NO_EDGE_CLAIM
ASIAN_HANDICAP,D1,2024/25,1_75_1_99,AH_GT_1_50,NOT_FT_OVER25,HOME,LT_100,25,25,12,0.48,1.8884,0.02,2,-4.02,0,0,SMALL_SAMPLE,SMALL_SAMPLE_NO_EDGE_CLAIM
ASIAN_HANDICAP,D1,2024/25,2_00_2_49,AH_0,NOT_FT_OVER25,AWAY,LT_100,12,12,1,0.083333,2.061667,-0.241667,1,-3.0,0,0,SMALL_SAMPLE,SMALL_SAMPLE_NO_EDGE_CLAIM
ASIAN_HANDICAP,D1,2024/25,2_00_2_49,AH_0,NOT_FT_OVER25,HOME,LT_100,10,10,3,0.3,2.058,-0.282,2,-4.0,0,0,SMALL_SAMPLE,SMALL_SAMPLE_NO_EDGE_CLAIM
ASIAN_HANDICAP,D1,2024/25,2_00_2_49,AH_0_25,NOT_FT_OVER25,AWAY,LT_100,27,27,15,0.555556,2.051481,0.152222,3,-2.92,0,0,SMALL_SAMPLE,SMALL_SAMPLE_NO_EDGE_CLAIM
ASIAN_HANDICAP,D1,2024/25,2_00_2_49,AH_0_25,NOT_FT_OVER25,HOME,LT_100,42,42,16,0.380952,2.056429,-0.135595,8,-8.485,0,0,SMALL_SAMPLE,SMALL_SAMPLE_NO_EDGE_CLAIM
ASIAN_HANDICAP,D1,2024/25,2_00_2_49,AH_0_50,NOT_FT_OVER25,AWAY,LT_100,23,23,12,0.521739,2.035217,0.066087,3,-3.94,0,0,SMALL_SAMPLE,SMALL_SAMPLE_NO_EDGE_CLAIM
ASIAN_HANDICAP,D1,2024/25,2_00_2_49,AH_0_50,NOT_FT_OVER25,HOME,LT_100,19,19,7,0.368421,2.040526,-0.245789,3,-4.91,0,0,SMALL_SAMPLE,SMALL_SAMPLE_NO_EDGE_CLAIM
ASIAN_HANDICAP,D1,2024/25,2_00_2_49,AH_0_75,NOT_FT_OVER25,AWAY,LT_100,15,15,4,0.266667,2.046,-0.419333,4,-6.43,0,0,SMALL_SAMPLE,SMALL_SAMPLE_NO_EDGE_CLAIM
ASIAN_HANDICAP,D1,2024/25,2_00_2_49,AH_0_75,NOT_FT_OVER25,HOME,LT_100,11,11,6,0.545455,2.038182,0.112273,3,-2.5,0,0,SMALL_SAMPLE,SMALL_SAMPLE_NO_EDGE_CLAIM
ASIAN_HANDICAP,D1,2024/25,2_00_2_49,AH_1_00,NOT_FT_OVER25,AWAY,LT_100,8,8,4,0.5,2.055,0.15125,2,-2.0,0,0,SMALL_SAMPLE,SMALL_SAMPLE_NO_EDGE_CLAIM
ASIAN_HANDICAP,D1,2024/25,2_00_2_49,AH_1_00,NOT_FT_OVER25,HOME,LT_100,14,14,4,0.285714,2.026429,-0.136429,2,-2.97,0,0,SMALL_SAMPLE,SMALL_SAMPLE_NO_EDGE_CLAIM
ASIAN_HANDICAP,D1,2024/25,2_00_2_49,AH_1_25_1_50,NOT_FT_OVER25,AWAY,LT_100,14,14,8,0.571429,2.03,0.157143,3,-3.0,0,0,SMALL_SAMPLE,SMALL_SAMPLE_NO_EDGE_CLAIM
ASIAN_HANDICAP,D1,2024/25,2_00_2_49,AH_1_25_1_50,NOT_FT_OVER25,HOME,LT_100,14,14,3,0.214286,2.042143,-0.525,4,-8.43,0,0,SMALL_SAMPLE,SMALL_SAMPLE_NO_EDGE_CLAIM
ASIAN_HANDICAP,D1,2024/25,2_00_2_49,AH_GT_1_50,NOT_FT_OVER25,AWAY,LT_100,21,21,9,0.428571,2.033333,0.015476,4,-4.0,0,0,SMALL_SAMPLE,SMALL_SAMPLE_NO_EDGE_CLAIM
ASIAN_HANDICAP,D1,2024/25,2_00_2_49,AH_GT_1_50,NOT_FT_OVER25,HOME,LT_100,9,9,4,0.444444,2.037778,-0.147222,2,-2.495,0,0,SMALL_SAMPLE,SMALL_SAMPLE_NO_EDGE_CLAIM
ASIAN_HANDICAP,E0,2020/21,1_50_1_74,AH_0,NOT_FT_OVER25,AWAY,LT_100,1,1,1,1.0,1.73,0.73,0,0.0,0,0,SMALL_SAMPLE,SMALL_SAMPLE_NO_EDGE_CLAIM
ASIAN_HANDICAP,E0,2020/21,1_50_1_74,AH_0,NOT_FT_OVER25,HOME,LT_100,1,1,0,0.0,1.73,-1.0,1,-1.0,0,0,SMALL_SAMPLE,SMALL_SAMPLE_NO_EDGE_CLAIM
ASIAN_HANDICAP,E0,2020/21,1_50_1_74,AH_0_25,NOT_FT_OVER25,AWAY,LT_100,3,3,2,0.666667,1.72,0.153333,1,-1.0,0,0,SMALL_SAMPLE,SMALL_SAMPLE_NO_EDGE_CLAIM
ASIAN_HANDICAP,E0,2020/21,1_50_1_74,AH_0_25,NOT_FT_OVER25,HOME,LT_100,2,2,0,0.0,1.7,-1.0,2,-2.0,0,0,SMALL_SAMPLE,SMALL_SAMPLE_NO_EDGE_CLAIM
ASIAN_HANDICAP,E0,2020/21,1_50_1_74,AH_1_00,NOT_FT_OVER25,AWAY,LT_100,2,2,2,1.0,1.655,0.655,0,0.0,0,0,SMALL_SAMPLE,SMALL_SAMPLE_NO_EDGE_CLAIM
ASIAN_HANDICAP,E0,2020/21,1_50_1_74,AH_1_00,NOT_FT_OVER25,HOME,LT_100,2,2,0,0.0,1.715,-0.5,1,-1.0,0,0,SMALL_SAMPLE,SMALL_SAMPLE_NO_EDGE_CLAIM
ASIAN_HANDICAP,E0,2020/21,1_50_1_74,AH_1_25_1_50,NOT_FT_OVER25,AWAY,LT_100,1,1,0,0.0,1.73,-1.0,1,-1.0,0,0,SMALL_SAMPLE,SMALL_SAMPLE_NO_EDGE_CLAIM
ASIAN_HANDICAP,E0,2020/21,1_50_1_74,AH_1_25_1_50,NOT_FT_OVER25,HOME,LT_100,1,1,0,0.0,1.72,-1.0,1,-1.0,0,0,SMALL_SAMPLE,SMALL_SAMPLE_NO_EDGE_CLAIM
ASIAN_HANDICAP,E0,2020/21,1_75_1_99,AH_0,NOT_FT_OVER25,AWAY,LT_100,17,17,5,0.294118,1.881176,-0.09,2,-4.1,0,0,SMALL_SAMPLE,SMALL_SAMPLE_NO_EDGE_CLAIM
ASIAN_HANDICAP,E0,2020/21,1_75_1_99,AH_0,NOT_FT_OVER25,HOME,LT_100,17,17,4,0.235294,1.879412,-0.258235,2,-4.39,0,0,SMALL_SAMPLE,SMALL_SAMPLE_NO_EDGE_CLAIM
ASIAN_HANDICAP,E0,2020/21,1_75_1_99,AH_0_25,NOT_FT_OVER25,AWAY,LT_100,62,62,30,0.483871,1.901129,-0.010484,4,-6.73,0,0,SMALL_SAMPLE,SMALL_SAMPLE_NO_EDGE_CLAIM
ASIAN_HANDICAP,E0,2020/21,1_75_1_99,AH_0_25,NOT_FT_OVER25,HOME,LT_100,61,61,27,0.442623,1.888033,-0.171148,5,-12.14,0,0,SMALL_SAMPLE,SMALL_SAMPLE_NO_EDGE_CLAIM
ASIAN_HANDICAP,E0,2020/21,1_75_1_99,AH_0_50,NOT_FT_OVER25,AWAY,LT_100,34,34,21,0.617647,1.888235,0.172941,3,-4.6,0,0,SMALL_SAMPLE,SMALL_SAMPLE_NO_EDGE_CLAIM
ASIAN_HANDICAP,E0,2020/21,1_75_1_99,AH_0_50,NOT_FT_OVER25,HOME,LT_100,40,40,13,0.325,1.87925,-0.39375,7,-18.22,0,0,SMALL_SAMPLE,SMALL_SAMPLE_NO_EDGE_CLAIM
ASIAN_HANDICAP,E0,2020/21,1_75_1_99,AH_0_75,NOT_FT_OVER25,AWAY,LT_100,34,34,12,0.352941,1.892353,-0.210882,6,-8.75,0,0,SMALL_SAMPLE,SMALL_SAMPLE_NO_EDGE_CLAIM
ASIAN_HANDICAP,E0,2020/21,1_75_1_99,AH_0_75,NOT_FT_OVER25,HOME,LT_100,32,32,18,0.5625,1.8925,0.012188,4,-4.0,0,0,SMALL_SAMPLE,SMALL_SAMPLE_NO_EDGE_CLAIM
ASIAN_HANDICAP,E0,2020/21,1_75_1_99,AH_1_00,NOT_FT_OVER25,AWAY,LT_100,22,22,7,0.318182,1.880909,-0.134091,3,-5.1,0,0,SMALL_SAMPLE,SMALL_SAMPLE_NO_EDGE_CLAIM
ASIAN_HANDICAP,E0,2020/21,1_75_1_99,AH_1_00,NOT_FT_OVER25,HOME,LT_100,28,28,11,0.392857,1.880714,0.102143,2,-2.36,0,0,SMALL_SAMPLE,SMALL_SAMPLE_NO_EDGE_CLAIM
ASIAN_HANDICAP,E0,2020/21,1_75_1_99,AH_1_25_1_50,NOT_FT_OVER25,AWAY,LT_100,26,26,13,0.5,1.902692,-0.069808,6,-7.695,0,0,SMALL_SAMPLE,SMALL_SAMPLE_NO_EDGE_CLAIM
ASIAN_HANDICAP,E0,2020/21,1_75_1_99,AH_1_25_1_50,NOT_FT_OVER25,HOME,LT_100,33,33,19,0.575758,1.89697,0.079242,2,-3.11,0,0,SMALL_SAMPLE,SMALL_SAMPLE_NO_EDGE_CLAIM
ASIAN_HANDICAP,E0,2020/21,1_75_1_99,AH_GT_1_50,NOT_FT_OVER25,AWAY,LT_100,15,15,9,0.6,1.902,0.142,2,-2.0,0,0,SMALL_SAMPLE,SMALL_SAMPLE_NO_EDGE_CLAIM
ASIAN_HANDICAP,E0,2020/21,1_75_1_99,AH_GT_1_50,NOT_FT_OVER25,HOME,LT_100,12,12,6,0.5,1.8925,0.076667,2,-2.0,0,0,SMALL_SAMPLE,SMALL_SAMPLE_NO_EDGE_CLAIM
ASIAN_HANDICAP,E0,2020/21,2_00_2_49,AH_0,NOT_FT_OVER25,AWAY,LT_100,14,14,8,0.571429,2.070714,0.470714,2,-2.0,0,0,SMALL_SAMPLE,SMALL_SAMPLE_NO_EDGE_CLAIM
ASIAN_HANDICAP,E0,2020/21,2_00_2_49,AH_0,NOT_FT_OVER25,HOME,LT_100,14,14,4,0.285714,2.068571,-0.055,3,-5.0,0,0,SMALL_SAMPLE,SMALL_SAMPLE_NO_EDGE_CLAIM
ASIAN_HANDICAP,E0,2020/21,2_00_2_49,AH_0_25,NOT_FT_OVER25,AWAY,LT_100,42,42,25,0.595238,2.066905,0.216071,4,-5.465,0,0,SMALL_SAMPLE,SMALL_SAMPLE_NO_EDGE_CLAIM
ASIAN_HANDICAP,E0,2020/21,2_00_2_49,AH_0_25,NOT_FT_OVER25,HOME,LT_100,44,44,23,0.522727,2.051591,0.010795,3,-5.86,0,0,SMALL_SAMPLE,SMALL_SAMPLE_NO_EDGE_CLAIM
ASIAN_HANDICAP,E0,2020/21,2_00_2_49,AH_0_50,NOT_FT_OVER25,AWAY,LT_100,31,31,20,0.645161,2.053871,0.324194,3,-3.0,0,0,SMALL_SAMPLE,SMALL_SAMPLE_NO_EDGE_CLAIM
ASIAN_HANDICAP,E0,2020/21,2_00_2_49,AH_0_50,NOT_FT_OVER25,HOME,LT_100,25,25,11,0.44,2.0584,-0.0892,4,-4.89,0,0,SMALL_SAMPLE,SMALL_SAMPLE_NO_EDGE_CLAIM
ASIAN_HANDICAP,E0,2020/21,2_00_2_49,AH_0_75,NOT_FT_OVER25,AWAY,LT_100,21,21,9,0.428571,2.059048,-0.061429,4,-4.42,0,0,SMALL_SAMPLE,SMALL_SAMPLE_NO_EDGE_CLAIM
ASIAN_HANDICAP,E0,2020/21,2_00_2_49,AH_0_75,NOT_FT_OVER25,HOME,LT_100,23,23,16,0.695652,2.042174,0.284348,2,-2.0,0,0,SMALL_SAMPLE,SMALL_SAMPLE_NO_EDGE_CLAIM
ASIAN_HANDICAP,E0,2020/21,2_00_2_49,AH_1_00,NOT_FT_OVER25,AWAY,LT_100,24,24,6,0.25,2.058333,-0.065,4,-4.0,0,0,SMALL_SAMPLE,SMALL_SAMPLE_NO_EDGE_CLAIM
ASIAN_HANDICAP,E0,2020/21,2_00_2_49,AH_1_00,NOT_FT_OVER25,HOME,LT_100,18,18,6,0.333333,2.073333,-0.043889,3,-3.0,0,0,SMALL_SAMPLE,SMALL_SAMPLE_NO_EDGE_CLAIM
ASIAN_HANDICAP,E0,2020/21,2_00_2_49,AH_1_25_1_50,NOT_FT_OVER25,AWAY,LT_100,24,24,10,0.416667,2.045417,-0.126667,4,-6.2,0,0,SMALL_SAMPLE,SMALL_SAMPLE_NO_EDGE_CLAIM
ASIAN_HANDICAP,E0,2020/21,2_00_2_49,AH_1_25_1_50,NOT_FT_OVER25,HOME,LT_100,17,17,9,0.529412,2.041765,0.108824,6,-5.0,0,0,SMALL_SAMPLE,SMALL_SAMPLE_NO_EDGE_CLAIM
ASIAN_HANDICAP,E0,2020/21,2_00_2_49,AH_GT_1_50,NOT_FT_OVER25,AWAY,LT_100,7,7,3,0.428571,2.051429,-0.054286,2,-2.0,0,0,SMALL_SAMPLE,SMALL_SAMPLE_NO_EDGE_CLAIM
ASIAN_HANDICAP,E0,2020/21,2_00_2_49,AH_GT_1_50,NOT_FT_OVER25,HOME,LT_100,10,10,3,0.3,2.042,-0.387,6,-6.0,0,0,SMALL_SAMPLE,SMALL_SAMPLE_NO_EDGE_CLAIM
ASIAN_HANDICAP,E0,2021/22,1_50_1_74,AH_0,NOT_FT_OVER25,HOME,LT_100,1,1,1,1.0,1.7,0.7,0,0.0,0,0,SMALL_SAMPLE,SMALL_SAMPLE_NO_EDGE_CLAIM
ASIAN_HANDICAP,E0,2021/22,1_50_1_74,AH_0_25,NOT_FT_OVER25,HOME,LT_100,4,4,1,0.25,1.71,-0.455,3,-2.5,0,0,SMALL_SAMPLE,SMALL_SAMPLE_NO_EDGE_CLAIM
ASIAN_HANDICAP,E0,2021/22,1_50_1_74,AH_0_50,NOT_FT_OVER25,HOME,LT_100,3,3,3,1.0,1.703333,0.703333,0,0.0,0,0,SMALL_SAMPLE,SMALL_SAMPLE_NO_EDGE_CLAIM
ASIAN_HANDICAP,E0,2021/22,1_50_1_74,AH_1_00,NOT_FT_OVER25,HOME,LT_100,1,1,0,0.0,1.7,-1.0,1,-1.0,0,0,SMALL_SAMPLE,SMALL_SAMPLE_NO_EDGE_CLAIM
ASIAN_HANDICAP,E0,2021/22,1_50_1_74,AH_1_25_1_50,NOT_FT_OVER25,AWAY,LT_100,1,1,1,1.0,1.7,0.7,0,0.0,0,0,SMALL_SAMPLE,SMALL_SAMPLE_NO_EDGE_CLAIM
ASIAN_HANDICAP,E0,2021/22,1_50_1_74,AH_1_25_1_50,NOT_FT_OVER25,HOME,LT_100,2,2,1,0.5,1.73,-0.135,1,-1.0,0,0,SMALL_SAMPLE,SMALL_SAMPLE_NO_EDGE_CLAIM
ASIAN_HANDICAP,E0,2021/22,1_50_1_74,AH_GT_1_50,NOT_FT_OVER25,AWAY,LT_100,1,1,1,1.0,1.7,0.7,0,0.0,0,0,SMALL_SAMPLE,SMALL_SAMPLE_NO_EDGE_CLAIM
ASIAN_HANDICAP,E0,2021/22,1_50_1_74,AH_GT_1_50,NOT_FT_OVER25,HOME,LT_100,1,1,1,1.0,1.7,0.7,0,0.0,0,0,SMALL_SAMPLE,SMALL_SAMPLE_NO_EDGE_CLAIM
ASIAN_HANDICAP,E0,2021/22,1_75_1_99,AH_0,NOT_FT_OVER25,AWAY,LT_100,20,20,9,0.45,1.894,0.14,1,-2.32,0,0,SMALL_SAMPLE,SMALL_SAMPLE_NO_EDGE_CLAIM
ASIAN_HANDICAP,E0,2021/22,1_75_1_99,AH_0,NOT_FT_OVER25,HOME,LT_100,24,24,9,0.375,1.869583,0.118333,3,-3.0,0,0,SMALL_SAMPLE,SMALL_SAMPLE_NO_EDGE_CLAIM
ASIAN_HANDICAP,E0,2021/22,1_75_1_99,AH_0_25,NOT_FT_OVER25,AWAY,LT_100,53,53,27,0.509434,1.892075,-0.041604,5,-10.37,0,0,SMALL_SAMPLE,SMALL_SAMPLE_NO_EDGE_CLAIM
ASIAN_HANDICAP,E0,2021/22,1_75_1_99,AH_0_25,NOT_FT_OVER25,HOME,LT_100,61,61,35,0.57377,1.882131,0.053443,4,-5.34,0,0,SMALL_SAMPLE,SMALL_SAMPLE_NO_EDGE_CLAIM
ASIAN_HANDICAP,E0,2021/22,1_75_1_99,AH_0_50,NOT_FT_OVER25,AWAY,LT_100,36,36,18,0.5,1.900278,-0.046667,7,-8.11,0,0,SMALL_SAMPLE,SMALL_SAMPLE_NO_EDGE_CLAIM
ASIAN_HANDICAP,E0,2021/22,1_75_1_99,AH_0_50,NOT_FT_OVER25,HOME,LT_100,37,37,13,0.351351,1.877838,-0.341892,7,-15.87,0,0,SMALL_SAMPLE,SMALL_SAMPLE_NO_EDGE_CLAIM
ASIAN_HANDICAP,E0,2021/22,1_75_1_99,AH_0_75,NOT_FT_OVER25,AWAY,LT_100,33,33,14,0.424242,1.904848,-0.175455,4,-7.91,0,0,SMALL_SAMPLE,SMALL_SAMPLE_NO_EDGE_CLAIM
ASIAN_HANDICAP,E0,2021/22,1_75_1_99,AH_0_75,NOT_FT_OVER25,HOME,LT_100,34,34,18,0.529412,1.882941,0.015588,4,-5.61,0,0,SMALL_SAMPLE,SMALL_SAMPLE_NO_EDGE_CLAIM
ASIAN_HANDICAP,E0,2021/22,1_75_1_99,AH_1_00,NOT_FT_OVER25,AWAY,LT_100,20,20,11,0.55,1.894,0.348,1,-1.0,0,0,SMALL_SAMPLE,SMALL_SAMPLE_NO_EDGE_CLAIM
ASIAN_HANDICAP,E0,2021/22,1_75_1_99,AH_1_00,NOT_FT_OVER25,HOME,LT_100,28,28,9,0.321429,1.903214,-0.076786,2,-5.45,0,0,SMALL_SAMPLE,SMALL_SAMPLE_NO_EDGE_CLAIM
ASIAN_HANDICAP,E0,2021/22,1_75_1_99,AH_1_25_1_50,NOT_FT_OVER25,AWAY,LT_100,30,30,15,0.5,1.924,-0.058,3,-4.81,0,0,SMALL_SAMPLE,SMALL_SAMPLE_NO_EDGE_CLAIM
ASIAN_HANDICAP,E0,2021/22,1_75_1_99,AH_1_25_1_50,NOT_FT_OVER25,HOME,LT_100,35,35,17,0.485714,1.905143,-0.101857,7,-7.0,0,0,SMALL_SAMPLE,SMALL_SAMPLE_NO_EDGE_CLAIM
ASIAN_HANDICAP,E0,2021/22,1_75_1_99,AH_GT_1_50,NOT_FT_OVER25,AWAY,LT_100,27,27,12,0.444444,1.891852,-0.103333,4,-5.045,0,0,SMALL_SAMPLE,SMALL_SAMPLE_NO_EDGE_CLAIM
ASIAN_HANDICAP,E0,2021/22,1_75_1_99,AH_GT_1_50,NOT_FT_OVER25,HOME,LT_100,28,28,10,0.357143,1.894286,-0.154464,3,-5.87,0,0,SMALL_SAMPLE,SMALL_SAMPLE_NO_EDGE_CLAIM
ASIAN_HANDICAP,E0,2021/22,2_00_2_49,AH_0,NOT_FT_OVER25,AWAY,LT_100,19,19,4,0.210526,2.070526,-0.151579,3,-7.0,0,0,SMALL_SAMPLE,SMALL_SAMPLE_NO_EDGE_CLAIM
ASIAN_HANDICAP,E0,2021/22,2_00_2_49,AH_0,NOT_FT_OVER25,HOME,LT_100,14,14,2,0.142857,2.061429,-0.424286,3,-5.94,0,0,SMALL_SAMPLE,SMALL_SAMPLE_NO_EDGE_CLAIM
ASIAN_HANDICAP,E0,2021/22,2_00_2_49,AH_0_25,NOT_FT_OVER25,AWAY,LT_100,40,40,18,0.45,2.079,-0.064,3,-6.715,0,0,SMALL_SAMPLE,SMALL_SAMPLE_NO_EDGE_CLAIM
ASIAN_HANDICAP,E0,2021/22,2_00_2_49,AH_0_25,NOT_FT_OVER25,HOME,LT_100,28,28,12,0.428571,2.066071,-0.044286,5,-5.3,0,0,SMALL_SAMPLE,SMALL_SAMPLE_NO_EDGE_CLAIM
ASIAN_HANDICAP,E0,2021/22,2_00_2_49,AH_0_50,NOT_FT_OVER25,AWAY,LT_100,27,27,17,0.62963,2.063333,0.296667,3,-3.0,0,0,SMALL_SAMPLE,SMALL_SAMPLE_NO_EDGE_CLAIM
ASIAN_HANDICAP,E0,2021/22,2_00_2_49,AH_0_50,NOT_FT_OVER25,HOME,LT_100,23,23,12,0.521739,2.044783,0.067391,3,-5.8,0,0,SMALL_SAMPLE,SMALL_SAMPLE_NO_EDGE_CLAIM
ASIAN_HANDICAP,E0,2021/22,2_00_2_49,AH_0_75,NOT_FT_OVER25,AWAY,LT_100,22,22,13,0.590909,2.051364,0.213182,5,-4.5,0,0,SMALL_SAMPLE,SMALL_SAMPLE_NO_EDGE_CLAIM
ASIAN_HANDICAP,E0,2021/22,2_00_2_49,AH_0_75,NOT_FT_OVER25,HOME,LT_100,21,21,10,0.47619,2.04381,-0.055952,4,-3.83,0,0,SMALL_SAMPLE,SMALL_SAMPLE_NO_EDGE_CLAIM
ASIAN_HANDICAP,E0,2021/22,2_00_2_49,AH_1_00,NOT_FT_OVER25,AWAY,LT_100,17,17,5,0.294118,2.045294,-0.105294,2,-6.0,0,0,SMALL_SAMPLE,SMALL_SAMPLE_NO_EDGE_CLAIM
ASIAN_HANDICAP,E0,2021/22,2_00_2_49,AH_1_00,NOT_FT_OVER25,HOME,LT_100,8,8,1,0.125,2.045,-0.49375,3,-5.0,0,0,SMALL_SAMPLE,SMALL_SAMPLE_NO_EDGE_CLAIM
ASIAN_HANDICAP,E0,2021/22,2_00_2_49,AH_1_25_1_50,NOT_FT_OVER25,AWAY,LT_100,19,19,9,0.473684,2.036842,-0.008421,4,-5.45,0,0,SMALL_SAMPLE,SMALL_SAMPLE_NO_EDGE_CLAIM
ASIAN_HANDICAP,E0,2021/22,2_00_2_49,AH_1_25_1_50,NOT_FT_OVER25,HOME,LT_100,13,13,7,0.538462,2.039231,0.206154,2,-1.94,0,0,SMALL_SAMPLE,SMALL_SAMPLE_NO_EDGE_CLAIM
ASIAN_HANDICAP,E0,2021/22,2_00_2_49,AH_GT_1_50,NOT_FT_OVER25,AWAY,LT_100,14,14,8,0.571429,2.058571,0.277143,2,-2.49,0,0,SMALL_SAMPLE,SMALL_SAMPLE_NO_EDGE_CLAIM
ASIAN_HANDICAP,E0,2021/22,2_00_2_49,AH_GT_1_50,NOT_FT_OVER25,HOME,LT_100,13,13,6,0.461538,2.034615,-0.028462,3,-4.44,0,0,SMALL_SAMPLE,SMALL_SAMPLE_NO_EDGE_CLAIM
ASIAN_HANDICAP,E0,2021/22,PRICE_MISSING,AH_0_25,NOT_FT_OVER25,AWAY,LT_100,1,1,0,0.0,,,0,0.0,1,0,SMALL_SAMPLE,SMALL_SAMPLE_NO_EDGE_CLAIM
ASIAN_HANDICAP,E0,2021/22,PRICE_MISSING,AH_0_25,NOT_FT_OVER25,HOME,LT_100,1,1,1,1.0,,,0,0.0,1,0,SMALL_SAMPLE,SMALL_SAMPLE_NO_EDGE_CLAIM
ASIAN_HANDICAP,E0,2022/23,1_50_1_74,AH_0,NOT_FT_OVER25,AWAY,LT_100,2,2,1,0.5,1.715,-0.15,1,-1.0,0,0,SMALL_SAMPLE,SMALL_SAMPLE_NO_EDGE_CLAIM
ASIAN_HANDICAP,E0,2022/23,1_50_1_74,AH_0,NOT_FT_OVER25,HOME,LT_100,1,1,1,1.0,1.7,0.7,0,0.0,0,0,SMALL_SAMPLE,SMALL_SAMPLE_NO_EDGE_CLAIM
ASIAN_HANDICAP,E0,2022/23,1_50_1_74,AH_0_25,NOT_FT_OVER25,AWAY,LT_100,3,3,1,0.333333,1.73,-0.545,1,-1.635,0,0,SMALL_SAMPLE,SMALL_SAMPLE_NO_EDGE_CLAIM
ASIAN_HANDICAP,E0,2022/23,1_50_1_74,AH_0_25,NOT_FT_OVER25,HOME,LT_100,3,3,1,0.333333,1.693333,-0.55,2,-2.0,0,0,SMALL_SAMPLE,SMALL_SAMPLE_NO_EDGE_CLAIM
ASIAN_HANDICAP,E0,2022/23,1_50_1_74,AH_0_50,NOT_FT_OVER25,AWAY,LT_100,1,1,0,0.0,1.73,-1.0,1,-1.0,0,0,SMALL_SAMPLE,SMALL_SAMPLE_NO_EDGE_CLAIM
ASIAN_HANDICAP,E0,2022/23,1_50_1_74,AH_0_75,NOT_FT_OVER25,AWAY,LT_100,1,1,1,1.0,1.58,0.58,0,0.0,0,0,SMALL_SAMPLE,SMALL_SAMPLE_NO_EDGE_CLAIM
ASIAN_HANDICAP,E0,2022/23,1_50_1_74,AH_1_25_1_50,NOT_FT_OVER25,HOME,LT_100,2,2,0,0.0,1.715,-1.0,2,-2.0,0,0,SMALL_SAMPLE,SMALL_SAMPLE_NO_EDGE_CLAIM
ASIAN_HANDICAP,E0,2022/23,1_75_1_99,AH_0,NOT_FT_OVER25,AWAY,LT_100,24,24,7,0.291667,1.892917,-0.23625,4,-5.67,0,0,SMALL_SAMPLE,SMALL_SAMPLE_NO_EDGE_CLAIM
ASIAN_HANDICAP,E0,2022/23,1_75_1_99,AH_0,NOT_FT_OVER25,HOME,LT_100,25,25,10,0.4,1.8768,-0.1212,3,-5.27,0,0,SMALL_SAMPLE,SMALL_SAMPLE_NO_EDGE_CLAIM
ASIAN_HANDICAP,E0,2022/23,1_75_1_99,AH_0_25,NOT_FT_OVER25,AWAY,LT_100,50,50,29,0.58,1.8942,0.068,3,-5.025,0,0,SMALL_SAMPLE,SMALL_SAMPLE_NO_EDGE_CLAIM
ASIAN_HANDICAP,E0,2022/23,1_75_1_99,AH_0_25,NOT_FT_OVER25,HOME,LT_100,51,51,28,0.54902,1.888627,0.040196,5,-9.495,0,0,SMALL_SAMPLE,SMALL_SAMPLE_NO_EDGE_CLAIM
ASIAN_HANDICAP,E0,2022/23,1_75_1_99,AH_0_50,NOT_FT_OVER25,AWAY,LT_100,43,43,23,0.534884,1.882326,0.004186,5,-9.15,0,0,SMALL_SAMPLE,SMALL_SAMPLE_NO_EDGE_CLAIM
ASIAN_HANDICAP,E0,2022/23,1_75_1_99,AH_0_50,NOT_FT_OVER25,HOME,LT_100,37,37,19,0.513514,1.895946,-0.032162,5,-5.54,0,0,SMALL_SAMPLE,SMALL_SAMPLE_NO_EDGE_CLAIM
ASIAN_HANDICAP,E0,2022/23,1_75_1_99,AH_0_75,NOT_FT_OVER25,AWAY,LT_100,36,36,16,0.444444,1.908333,-0.078611,4,-5.07,0,0,SMALL_SAMPLE,SMALL_SAMPLE_NO_EDGE_CLAIM
ASIAN_HANDICAP,E0,2022/23,1_75_1_99,AH_0_75,NOT_FT_OVER25,HOME,LT_100,29,29,19,0.655172,1.902069,0.166552,4,-4.0,0,0,SMALL_SAMPLE,SMALL_SAMPLE_NO_EDGE_CLAIM
ASIAN_HANDICAP,E0,2022/23,1_75_1_99,AH_1_00,NOT_FT_OVER25,AWAY,LT_100,28,28,6,0.214286,1.875357,-0.347857,5,-11.41,0,0,SMALL_SAMPLE,SMALL_SAMPLE_NO_EDGE_CLAIM
ASIAN_HANDICAP,E0,2022/23,1_75_1_99,AH_1_00,NOT_FT_OVER25,HOME,LT_100,26,26,14,0.538462,1.880385,0.206923,3,-3.45,0,0,SMALL_SAMPLE,SMALL_SAMPLE_NO_EDGE_CLAIM
ASIAN_HANDICAP,E0,2022/23,1_75_1_99,AH_1_25_1_50,NOT_FT_OVER25,AWAY,LT_100,28,28,16,0.571429,1.902857,0.046607,4,-4.295,0,0,SMALL_SAMPLE,SMALL_SAMPLE_NO_EDGE_CLAIM
ASIAN_HANDICAP,E0,2022/23,1_75_1_99,AH_1_25_1_50,NOT_FT_OVER25,HOME,LT_100,29,29,12,0.413793,1.885172,-0.149655,4,-5.25,0,0,SMALL_SAMPLE,SMALL_SAMPLE_NO_EDGE_CLAIM
ASIAN_HANDICAP,E0,2022/23,1_75_1_99,AH_GT_1_50,NOT_FT_OVER25,AWAY,LT_100,23,23,11,0.478261,1.911739,-0.035,3,-3.16,0,0,SMALL_SAMPLE,SMALL_SAMPLE_NO_EDGE_CLAIM
ASIAN_HANDICAP,E0,2022/23,1_75_1_99,AH_GT_1_50,NOT_FT_OVER25,HOME,LT_100,25,25,14,0.56,1.9188,0.1378,3,-3.22,0,0,SMALL_SAMPLE,SMALL_SAMPLE_NO_EDGE_CLAIM
ASIAN_HANDICAP,E0,2022/23,2_00_2_49,AH_0,NOT_FT_OVER25,AWAY,LT_100,17,17,9,0.529412,2.072353,0.282353,3,-3.0,0,0,SMALL_SAMPLE,SMALL_SAMPLE_NO_EDGE_CLAIM
ASIAN_HANDICAP,E0,2022/23,2_00_2_49,AH_0,NOT_FT_OVER25,HOME,LT_100,17,17,7,0.411765,2.067059,0.144706,2,-2.0,0,0,SMALL_SAMPLE,SMALL_SAMPLE_NO_EDGE_CLAIM
ASIAN_HANDICAP,E0,2022/23,2_00_2_49,AH_0_25,NOT_FT_OVER25,AWAY,LT_100,35,35,16,0.457143,2.054857,-0.091143,3,-5.835,0,0,SMALL_SAMPLE,SMALL_SAMPLE_NO_EDGE_CLAIM
ASIAN_HANDICAP,E0,2022/23,2_00_2_49,AH_0_25,NOT_FT_OVER25,HOME,LT_100,34,34,13,0.382353,2.053235,-0.096029,6,-8.755,0,0,SMALL_SAMPLE,SMALL_SAMPLE_NO_EDGE_CLAIM
ASIAN_HANDICAP,E0,2022/23,2_00_2_49,AH_0_50,NOT_FT_OVER25,AWAY,LT_100,25,25,10,0.4,2.0304,-0.19,6,-7.9,0,0,SMALL_SAMPLE,SMALL_SAMPLE_NO_EDGE_CLAIM
ASIAN_HANDICAP,E0,2022/23,2_00_2_49,AH_0_50,NOT_FT_OVER25,HOME,LT_100,32,32,17,0.53125,2.055938,0.089375,4,-4.0,0,0,SMALL_SAMPLE,SMALL_SAMPLE_NO_EDGE_CLAIM
ASIAN_HANDICAP,E0,2022/23,2_00_2_49,AH_0_75,NOT_FT_OVER25,AWAY,LT_100,14,14,3,0.214286,2.057143,-0.448571,8,-7.5,0,0,SMALL_SAMPLE,SMALL_SAMPLE_NO_EDGE_CLAIM
ASIAN_HANDICAP,E0,2022/23,2_00_2_49,AH_0_75,NOT_FT_OVER25,HOME,LT_100,22,22,12,0.545455,2.048636,0.040682,3,-3.495,0,0,SMALL_SAMPLE,SMALL_SAMPLE_NO_EDGE_CLAIM
ASIAN_HANDICAP,E0,2022/23,2_00_2_49,AH_1_00,NOT_FT_OVER25,AWAY,LT_100,20,20,6,0.3,2.0405,-0.186,3,-5.0,0,0,SMALL_SAMPLE,SMALL_SAMPLE_NO_EDGE_CLAIM
ASIAN_HANDICAP,E0,2022/23,2_00_2_49,AH_1_00,NOT_FT_OVER25,HOME,LT_100,22,22,11,0.5,2.048636,0.298636,2,-2.0,0,0,SMALL_SAMPLE,SMALL_SAMPLE_NO_EDGE_CLAIM
ASIAN_HANDICAP,E0,2022/23,2_00_2_49,AH_1_25_1_50,NOT_FT_OVER25,AWAY,LT_100,20,20,10,0.5,2.0495,-0.07775,4,-5.415,0,0,SMALL_SAMPLE,SMALL_SAMPLE_NO_EDGE_CLAIM
ASIAN_HANDICAP,E0,2022/23,2_00_2_49,AH_1_25_1_50,NOT_FT_OVER25,HOME,LT_100,17,17,10,0.588235,2.044118,0.262353,2,-1.5,0,0,SMALL_SAMPLE,SMALL_SAMPLE_NO_EDGE_CLAIM
ASIAN_HANDICAP,E0,2022/23,2_00_2_49,AH_GT_1_50,NOT_FT_OVER25,AWAY,LT_100,10,10,4,0.4,2.054,-0.026,3,-2.5,0,0,SMALL_SAMPLE,SMALL_SAMPLE_NO_EDGE_CLAIM
ASIAN_HANDICAP,E0,2022/23,2_00_2_49,AH_GT_1_50,NOT_FT_OVER25,HOME,LT_100,8,8,2,0.25,2.04875,-0.553125,3,-4.425,0,0,SMALL_SAMPLE,SMALL_SAMPLE_NO_EDGE_CLAIM
ASIAN_HANDICAP,E0,2023/24,1_50_1_74,AH_0,NOT_FT_OVER25,HOME,LT_100,1,1,1,1.0,1.73,0.73,0,0.0,0,0,SMALL_SAMPLE,SMALL_SAMPLE_NO_EDGE_CLAIM
ASIAN_HANDICAP,E0,2023/24,1_50_1_74,AH_0_25,NOT_FT_OVER25,AWAY,LT_100,1,1,1,1.0,1.73,0.73,0,0.0,0,0,SMALL_SAMPLE,SMALL_SAMPLE_NO_EDGE_CLAIM
ASIAN_HANDICAP,E0,2023/24,1_50_1_74,AH_0_25,NOT_FT_OVER25,HOME,LT_100,5,5,3,0.6,1.73,0.065,2,-1.5,0,0,SMALL_SAMPLE,SMALL_SAMPLE_NO_EDGE_CLAIM
ASIAN_HANDICAP,E0,2023/24,1_50_1_74,AH_0_75,NOT_FT_OVER25,HOME,LT_100,1,1,1,1.0,1.73,0.73,0,0.0,0,0,SMALL_SAMPLE,SMALL_SAMPLE_NO_EDGE_CLAIM
ASIAN_HANDICAP,E0,2023/24,1_50_1_74,AH_1_00,NOT_FT_OVER25,HOME,LT_100,2,2,0,0.0,1.705,-0.5,1,-1.0,0,0,SMALL_SAMPLE,SMALL_SAMPLE_NO_EDGE_CLAIM
ASIAN_HANDICAP,E0,2023/24,1_75_1_99,AH_0,NOT_FT_OVER25,AWAY,LT_100,22,22,8,0.363636,1.88,-0.086364,2,-4.37,0,0,SMALL_SAMPLE,SMALL_SAMPLE_NO_EDGE_CLAIM
ASIAN_HANDICAP,E0,2023/24,1_75_1_99,AH_0,NOT_FT_OVER25,HOME,LT_100,19,19,8,0.421053,1.884211,0.159474,2,-2.0,0,0,SMALL_SAMPLE,SMALL_SAMPLE_NO_EDGE_CLAIM
ASIAN_HANDICAP,E0,2023/24,1_75_1_99,AH_0_25,NOT_FT_OVER25,AWAY,LT_100,44,44,26,0.590909,1.9125,0.141023,4,-3.55,0,0,SMALL_SAMPLE,SMALL_SAMPLE_NO_EDGE_CLAIM
ASIAN_HANDICAP,E0,2023/24,1_75_1_99,AH_0_25,NOT_FT_OVER25,HOME,LT_100,51,51,26,0.509804,1.908824,-0.014412,6,-6.38,0,0,SMALL_SAMPLE,SMALL_SAMPLE_NO_EDGE_CLAIM
ASIAN_HANDICAP,E0,2023/24,1_75_1_99,AH_0_50,NOT_FT_OVER25,AWAY,LT_100,31,31,13,0.419355,1.914516,-0.205161,4,-7.86,0,0,SMALL_SAMPLE,SMALL_SAMPLE_NO_EDGE_CLAIM
ASIAN_HANDICAP,E0,2023/24,1_75_1_99,AH_0_50,NOT_FT_OVER25,HOME,LT_100,38,38,26,0.684211,1.912632,0.312368,2,-2.12,0,0,SMALL_SAMPLE,SMALL_SAMPLE_NO_EDGE_CLAIM
ASIAN_HANDICAP,E0,2023/24,1_75_1_99,AH_0_75,NOT_FT_OVER25,AWAY,LT_100,34,34,15,0.441176,1.893529,-0.087794,6,-5.445,0,0,SMALL_SAMPLE,SMALL_SAMPLE_NO_EDGE_CLAIM
ASIAN_HANDICAP,E0,2023/24,1_75_1_99,AH_0_75,NOT_FT_OVER25,HOME,LT_100,39,39,19,0.487179,1.894359,-0.085641,3,-5.955,0,0,SMALL_SAMPLE,SMALL_SAMPLE_NO_EDGE_CLAIM
ASIAN_HANDICAP,E0,2023/24,1_75_1_99,AH_1_00,NOT_FT_OVER25,AWAY,LT_100,25,25,10,0.4,1.8892,0.1248,2,-2.18,0,0,SMALL_SAMPLE,SMALL_SAMPLE_NO_EDGE_CLAIM
ASIAN_HANDICAP,E0,2023/24,1_75_1_99,AH_1_00,NOT_FT_OVER25,HOME,LT_100,28,28,11,0.392857,1.888571,-0.083571,3,-5.1,0,0,SMALL_SAMPLE,SMALL_SAMPLE_NO_EDGE_CLAIM
ASIAN_HANDICAP,E0,2023/24,1_75_1_99,AH_1_25_1_50,NOT_FT_OVER25,AWAY,LT_100,28,28,10,0.357143,1.888214,-0.32375,6,-14.05,0,0,SMALL_SAMPLE,SMALL_SAMPLE_NO_EDGE_CLAIM
ASIAN_HANDICAP,E0,2023/24,1_75_1_99,AH_1_25_1_50,NOT_FT_OVER25,HOME,LT_100,28,28,11,0.392857,1.866071,-0.25375,6,-7.48,0,0,SMALL_SAMPLE,SMALL_SAMPLE_NO_EDGE_CLAIM
ASIAN_HANDICAP,E0,2023/24,1_75_1_99,AH_GT_1_50,NOT_FT_OVER25,AWAY,LT_100,34,34,21,0.617647,1.885588,0.232353,2,-2.19,0,0,SMALL_SAMPLE,SMALL_SAMPLE_NO_EDGE_CLAIM
ASIAN_HANDICAP,E0,2023/24,1_75_1_99,AH_GT_1_50,NOT_FT_OVER25,HOME,LT_100,28,28,11,0.392857,1.903571,-0.132143,4,-8.86,0,0,SMALL_SAMPLE,SMALL_SAMPLE_NO_EDGE_CLAIM
ASIAN_HANDICAP,E0,2023/24,2_00_2_49,AH_0,NOT_FT_OVER25,AWAY,LT_100,17,17,3,0.176471,2.05,-0.288235,3,-5.0,0,0,SMALL_SAMPLE,SMALL_SAMPLE_NO_EDGE_CLAIM
ASIAN_HANDICAP,E0,2023/24,2_00_2_49,AH_0,NOT_FT_OVER25,HOME,LT_100,19,19,8,0.421053,2.055789,0.078421,2,-2.0,0,0,SMALL_SAMPLE,SMALL_SAMPLE_NO_EDGE_CLAIM
ASIAN_HANDICAP,E0,2023/24,2_00_2_49,AH_0_25,NOT_FT_OVER25,AWAY,LT_100,35,35,18,0.514286,2.050857,0.022857,6,-9.37,0,0,SMALL_SAMPLE,SMALL_SAMPLE_NO_EDGE_CLAIM
ASIAN_HANDICAP,E0,2023/24,2_00_2_49,AH_0_25,NOT_FT_OVER25,HOME,LT_100,24,24,6,0.25,2.047917,-0.473125,5,-11.355,0,0,SMALL_SAMPLE,SMALL_SAMPLE_NO_EDGE_CLAIM
ASIAN_HANDICAP,E0,2023/24,2_00_2_49,AH_0_50,NOT_FT_OVER25,AWAY,LT_100,24,24,9,0.375,2.040833,-0.234167,7,-7.87,0,0,SMALL_SAMPLE,SMALL_SAMPLE_NO_EDGE_CLAIM
ASIAN_HANDICAP,E0,2023/24,2_00_2_49,AH_0_50,NOT_FT_OVER25,HOME,LT_100,17,17,7,0.411765,2.045882,-0.160588,4,-4.0,0,0,SMALL_SAMPLE,SMALL_SAMPLE_NO_EDGE_CLAIM
ASIAN_HANDICAP,E0,2023/24,2_00_2_49,AH_0_75,NOT_FT_OVER25,AWAY,LT_100,26,26,16,0.615385,2.051923,0.244038,2,-2.495,0,0,SMALL_SAMPLE,SMALL_SAMPLE_NO_EDGE_CLAIM
ASIAN_HANDICAP,E0,2023/24,2_00_2_49,AH_0_75,NOT_FT_OVER25,HOME,LT_100,20,20,9,0.45,2.0475,-0.1365,5,-5.405,0,0,SMALL_SAMPLE,SMALL_SAMPLE_NO_EDGE_CLAIM
ASIAN_HANDICAP,E0,2023/24,2_00_2_49,AH_1_00,NOT_FT_OVER25,AWAY,LT_100,20,20,8,0.4,2.0575,-0.0225,3,-3.98,0,0,SMALL_SAMPLE,SMALL_SAMPLE_NO_EDGE_CLAIM
ASIAN_HANDICAP,E0,2023/24,2_00_2_49,AH_1_00,NOT_FT_OVER25,HOME,LT_100,15,15,4,0.266667,2.057333,-0.054,2,-3.0,0,0,SMALL_SAMPLE,SMALL_SAMPLE_NO_EDGE_CLAIM
ASIAN_HANDICAP,E0,2023/24,2_00_2_49,AH_1_25_1_50,NOT_FT_OVER25,AWAY,LT_100,22,22,15,0.681818,2.039545,0.391136,3,-2.5,0,0,SMALL_SAMPLE,SMALL_SAMPLE_NO_EDGE_CLAIM
ASIAN_HANDICAP,E0,2023/24,2_00_2_49,AH_1_25_1_50,NOT_FT_OVER25,HOME,LT_100,22,22,14,0.636364,2.045455,0.303182,2,-2.0,0,0,SMALL_SAMPLE,SMALL_SAMPLE_NO_EDGE_CLAIM
ASIAN_HANDICAP,E0,2023/24,2_00_2_49,AH_GT_1_50,NOT_FT_OVER25,AWAY,LT_100,17,17,6,0.352941,2.045294,-0.104118,4,-5.0,0,0,SMALL_SAMPLE,SMALL_SAMPLE_NO_EDGE_CLAIM
ASIAN_HANDICAP,E0,2023/24,2_00_2_49,AH_GT_1_50,NOT_FT_OVER25,HOME,LT_100,23,23,8,0.347826,2.041739,-0.224348,4,-7.44,0,0,SMALL_SAMPLE,SMALL_SAMPLE_NO_EDGE_CLAIM
ASIAN_HANDICAP,E0,2024/25,1_50_1_74,AH_0,NOT_FT_OVER25,HOME,LT_100,1,1,0,0.0,1.73,-1.0,1,-1.0,0,0,SMALL_SAMPLE,SMALL_SAMPLE_NO_EDGE_CLAIM
ASIAN_HANDICAP,E0,2024/25,1_50_1_74,AH_0_25,NOT_FT_OVER25,AWAY,LT_100,3,3,2,0.666667,1.73,0.031667,1,-1.0,0,0,SMALL_SAMPLE,SMALL_SAMPLE_NO_EDGE_CLAIM
ASIAN_HANDICAP,E0,2024/25,1_50_1_74,AH_0_25,NOT_FT_OVER25,HOME,LT_100,4,4,3,0.75,1.73,0.02375,1,-1.0,0,0,SMALL_SAMPLE,SMALL_SAMPLE_NO_EDGE_CLAIM
ASIAN_HANDICAP,E0,2024/25,1_50_1_74,AH_0_50,NOT_FT_OVER25,AWAY,LT_100,1,1,1,1.0,1.73,0.73,0,0.0,0,0,SMALL_SAMPLE,SMALL_SAMPLE_NO_EDGE_CLAIM
ASIAN_HANDICAP,E0,2024/25,1_50_1_74,AH_0_75,NOT_FT_OVER25,HOME,LT_100,1,1,0,0.0,1.73,-1.0,1,-1.0,0,0,SMALL_SAMPLE,SMALL_SAMPLE_NO_EDGE_CLAIM
ASIAN_HANDICAP,E0,2024/25,1_50_1_74,AH_1_25_1_50,NOT_FT_OVER25,HOME,LT_100,1,1,0,0.0,1.68,-1.0,1,-1.0,0,0,SMALL_SAMPLE,SMALL_SAMPLE_NO_EDGE_CLAIM
ASIAN_HANDICAP,E0,2024/25,1_75_1_99,AH_0,NOT_FT_OVER25,AWAY,LT_100,19,19,7,0.368421,1.935263,-0.082105,2,-2.55,0,0,SMALL_SAMPLE,SMALL_SAMPLE_NO_EDGE_CLAIM
ASIAN_HANDICAP,E0,2024/25,1_75_1_99,AH_0,NOT_FT_OVER25,HOME,LT_100,23,23,10,0.434783,1.908696,0.094348,2,-2.0,0,0,SMALL_SAMPLE,SMALL_SAMPLE_NO_EDGE_CLAIM
ASIAN_HANDICAP,E0,2024/25,1_75_1_99,AH_0_25,NOT_FT_OVER25,AWAY,LT_100,48,48,26,0.541667,1.910208,-0.022812,4,-7.045,0,0,SMALL_SAMPLE,SMALL_SAMPLE_NO_EDGE_CLAIM
ASIAN_HANDICAP,E0,2024/25,1_75_1_99,AH_0_25,NOT_FT_OVER25,HOME,LT_100,56,56,26,0.464286,1.90125,-0.066786,4,-7.345,0,0,SMALL_SAMPLE,SMALL_SAMPLE_NO_EDGE_CLAIM
ASIAN_HANDICAP,E0,2024/25,1_75_1_99,AH_0_50,NOT_FT_OVER25,AWAY,LT_100,44,44,24,0.545455,1.93,0.051364,8,-8.07,0,0,SMALL_SAMPLE,SMALL_SAMPLE_NO_EDGE_CLAIM
ASIAN_HANDICAP,E0,2024/25,1_75_1_99,AH_0_50,NOT_FT_OVER25,HOME,LT_100,48,48,23,0.479167,1.913333,-0.084792,5,-6.26,0,0,SMALL_SAMPLE,SMALL_SAMPLE_NO_EDGE_CLAIM
ASIAN_HANDICAP,E0,2024/25,1_75_1_99,AH_0_75,NOT_FT_OVER25,AWAY,LT_100,35,35,19,0.542857,1.906,0.072714,6,-5.0,0,0,SMALL_SAMPLE,SMALL_SAMPLE_NO_EDGE_CLAIM
ASIAN_HANDICAP,E0,2024/25,1_75_1_99,AH_0_75,NOT_FT_OVER25,HOME,LT_100,40,40,20,0.5,1.9005,-0.15525,4,-8.195,0,0,SMALL_SAMPLE,SMALL_SAMPLE_NO_EDGE_CLAIM
ASIAN_HANDICAP,E0,2024/25,1_75_1_99,AH_1_00,NOT_FT_OVER25,AWAY,LT_100,23,23,13,0.565217,1.888261,0.192174,2,-2.01,0,0,SMALL_SAMPLE,SMALL_SAMPLE_NO_EDGE_CLAIM
ASIAN_HANDICAP,E0,2024/25,1_75_1_99,AH_1_00,NOT_FT_OVER25,HOME,LT_100,22,22,7,0.318182,1.898182,-0.088182,1,-2.72,0,0,SMALL_SAMPLE,SMALL_SAMPLE_NO_EDGE_CLAIM
ASIAN_HANDICAP,E0,2024/25,1_75_1_99,AH_1_25_1_50,NOT_FT_OVER25,AWAY,LT_100,38,38,24,0.631579,1.913947,0.194474,3,-3.0,0,0,SMALL_SAMPLE,SMALL_SAMPLE_NO_EDGE_CLAIM
ASIAN_HANDICAP,E0,2024/25,1_75_1_99,AH_1_25_1_50,NOT_FT_OVER25,HOME,LT_100,39,39,15,0.384615,1.905897,-0.235385,5,-14.645,0,0,SMALL_SAMPLE,SMALL_SAMPLE_NO_EDGE_CLAIM
ASIAN_HANDICAP,E0,2024/25,1_75_1_99,AH_GT_1_50,NOT_FT_OVER25,AWAY,LT_100,22,22,15,0.681818,1.903636,0.367045,2,-1.55,0,0,SMALL_SAMPLE,SMALL_SAMPLE_NO_EDGE_CLAIM
ASIAN_HANDICAP,E0,2024/25,1_75_1_99,AH_GT_1_50,NOT_FT_OVER25,HOME,LT_100,21,21,11,0.52381,1.901905,0.043095,2,-4.13,0,0,SMALL_SAMPLE,SMALL_SAMPLE_NO_EDGE_CLAIM
ASIAN_HANDICAP,E0,2024/25,2_00_2_49,AH_0,NOT_FT_OVER25,AWAY,LT_100,14,14,6,0.428571,2.057857,0.104286,1,-3.0,0,0,SMALL_SAMPLE,SMALL_SAMPLE_NO_EDGE_CLAIM
ASIAN_HANDICAP,E0,2024/25,2_00_2_49,AH_0,NOT_FT_OVER25,HOME,LT_100,9,9,3,0.333333,2.03,-0.211111,3,-4.0,0,0,SMALL_SAMPLE,SMALL_SAMPLE_NO_EDGE_CLAIM
ASIAN_HANDICAP,E0,2024/25,2_00_2_49,AH_0_25,NOT_FT_OVER25,AWAY,LT_100,36,36,19,0.527778,2.058889,0.091111,4,-5.75,0,0,SMALL_SAMPLE,SMALL_SAMPLE_NO_EDGE_CLAIM
ASIAN_HANDICAP,E0,2024/25,2_00_2_49,AH_0_25,NOT_FT_OVER25,HOME,LT_100,27,27,11,0.407407,2.057037,-0.09037,5,-7.31,0,0,SMALL_SAMPLE,SMALL_SAMPLE_NO_EDGE_CLAIM
ASIAN_HANDICAP,E0,2024/25,2_00_2_49,AH_0_50,NOT_FT_OVER25,AWAY,LT_100,22,22,11,0.5,2.041364,0.023636,4,-4.0,0,0,SMALL_SAMPLE,SMALL_SAMPLE_NO_EDGE_CLAIM
ASIAN_HANDICAP,E0,2024/25,2_00_2_49,AH_0_50,NOT_FT_OVER25,HOME,LT_100,19,19,8,0.421053,2.029474,-0.145263,4,-5.95,0,0,SMALL_SAMPLE,SMALL_SAMPLE_NO_EDGE_CLAIM
ASIAN_HANDICAP,E0,2024/25,2_00_2_49,AH_0_75,NOT_FT_OVER25,AWAY,LT_100,26,26,10,0.384615,2.054615,-0.053462,8,-6.38,0,0,SMALL_SAMPLE,SMALL_SAMPLE_NO_EDGE_CLAIM
ASIAN_HANDICAP,E0,2024/25,2_00_2_49,AH_0_75,NOT_FT_OVER25,HOME,LT_100,20,20,12,0.6,2.0435,0.1985,2,-2.0,0,0,SMALL_SAMPLE,SMALL_SAMPLE_NO_EDGE_CLAIM
ASIAN_HANDICAP,E0,2024/25,2_00_2_49,AH_1_00,NOT_FT_OVER25,AWAY,LT_100,12,12,3,0.25,2.054167,-0.073333,2,-2.0,0,0,SMALL_SAMPLE,SMALL_SAMPLE_NO_EDGE_CLAIM
ASIAN_HANDICAP,E0,2024/25,2_00_2_49,AH_1_00,NOT_FT_OVER25,HOME,LT_100,13,13,4,0.307692,2.053077,-0.293077,5,-5.9,0,0,SMALL_SAMPLE,SMALL_SAMPLE_NO_EDGE_CLAIM
ASIAN_HANDICAP,E0,2024/25,2_00_2_49,AH_1_25_1_50,NOT_FT_OVER25,AWAY,LT_100,23,23,15,0.652174,2.046522,0.312826,5,-4.5,0,0,SMALL_SAMPLE,SMALL_SAMPLE_NO_EDGE_CLAIM
ASIAN_HANDICAP,E0,2024/25,2_00_2_49,AH_1_25_1_50,NOT_FT_OVER25,HOME,LT_100,21,21,7,0.333333,2.042381,-0.321429,4,-7.8,0,0,SMALL_SAMPLE,SMALL_SAMPLE_NO_EDGE_CLAIM
ASIAN_HANDICAP,E0,2024/25,2_00_2_49,AH_GT_1_50,NOT_FT_OVER25,AWAY,LT_100,14,14,4,0.285714,2.043571,-0.265714,5,-4.5,0,0,SMALL_SAMPLE,SMALL_SAMPLE_NO_EDGE_CLAIM
ASIAN_HANDICAP,E0,2024/25,2_00_2_49,AH_GT_1_50,NOT_FT_OVER25,HOME,LT_100,15,15,3,0.2,2.033333,-0.495667,6,-8.465,0,0,SMALL_SAMPLE,SMALL_SAMPLE_NO_EDGE_CLAIM
ASIAN_HANDICAP,F1,2020/21,1_50_1_74,AH_0,NOT_FT_OVER25,HOME,LT_100,2,2,0,0.0,1.7,-0.5,1,-1.0,0,0,SMALL_SAMPLE,SMALL_SAMPLE_NO_EDGE_CLAIM
ASIAN_HANDICAP,F1,2020/21,1_50_1_74,AH_0_25,NOT_FT_OVER25,AWAY,LT_100,2,2,2,1.0,1.73,0.5475,0,0.0,0,0,SMALL_SAMPLE,SMALL_SAMPLE_NO_EDGE_CLAIM
ASIAN_HANDICAP,F1,2020/21,1_50_1_74,AH_0_25,NOT_FT_OVER25,HOME,LT_100,2,2,1,0.5,1.715,-0.075,1,-0.5,0,0,SMALL_SAMPLE,SMALL_SAMPLE_NO_EDGE_CLAIM
ASIAN_HANDICAP,F1,2020/21,1_50_1_74,AH_0_75,NOT_FT_OVER25,AWAY,LT_100,1,1,0,0.0,1.7,-0.5,1,-0.5,0,0,SMALL_SAMPLE,SMALL_SAMPLE_NO_EDGE_CLAIM
ASIAN_HANDICAP,F1,2020/21,1_50_1_74,AH_1_00,NOT_FT_OVER25,AWAY,LT_100,1,1,1,1.0,1.73,0.73,0,0.0,0,0,SMALL_SAMPLE,SMALL_SAMPLE_NO_EDGE_CLAIM
ASIAN_HANDICAP,F1,2020/21,1_50_1_74,AH_1_25_1_50,NOT_FT_OVER25,AWAY,LT_100,1,1,1,1.0,1.73,0.73,0,0.0,0,0,SMALL_SAMPLE,SMALL_SAMPLE_NO_EDGE_CLAIM
ASIAN_HANDICAP,F1,2020/21,1_50_1_74,AH_1_25_1_50,NOT_FT_OVER25,HOME,LT_100,2,2,1,0.5,1.7,-0.3175,1,-1.0,0,0,SMALL_SAMPLE,SMALL_SAMPLE_NO_EDGE_CLAIM
ASIAN_HANDICAP,F1,2020/21,1_50_1_74,AH_GT_1_50,NOT_FT_OVER25,HOME,LT_100,1,1,0,0.0,1.65,-1.0,1,-1.0,0,0,SMALL_SAMPLE,SMALL_SAMPLE_NO_EDGE_CLAIM
ASIAN_HANDICAP,F1,2020/21,1_75_1_99,AH_0,NOT_FT_OVER25,AWAY,LT_100,32,32,13,0.40625,1.883125,0.042188,2,-5.63,0,0,SMALL_SAMPLE,SMALL_SAMPLE_NO_EDGE_CLAIM
ASIAN_HANDICAP,F1,2020/21,1_75_1_99,AH_0,NOT_FT_OVER25,HOME,LT_100,33,33,6,0.181818,1.885152,-0.265455,3,-8.76,0,0,SMALL_SAMPLE,SMALL_SAMPLE_NO_EDGE_CLAIM
ASIAN_HANDICAP,F1,2020/21,1_75_1_99,AH_0_25,NOT_FT_OVER25,AWAY,LT_100,65,65,34,0.523077,1.887692,-0.067385,4,-6.91,0,0,SMALL_SAMPLE,SMALL_SAMPLE_NO_EDGE_CLAIM
ASIAN_HANDICAP,F1,2020/21,1_75_1_99,AH_0_25,NOT_FT_OVER25,HOME,LT_100,67,67,29,0.432836,1.890149,-0.12903,5,-9.605,0,0,SMALL_SAMPLE,SMALL_SAMPLE_NO_EDGE_CLAIM
ASIAN_HANDICAP,F1,2020/21,1_75_1_99,AH_0_50,NOT_FT_OVER25,AWAY,LT_100,39,39,20,0.512821,1.923846,-0.01,4,-4.62,0,0,SMALL_SAMPLE,SMALL_SAMPLE_NO_EDGE_CLAIM
ASIAN_HANDICAP,F1,2020/21,1_75_1_99,AH_0_50,NOT_FT_OVER25,HOME,LT_100,42,42,18,0.428571,1.918095,-0.178571,6,-10.67,0,0,SMALL_SAMPLE,SMALL_SAMPLE_NO_EDGE_CLAIM
ASIAN_HANDICAP,F1,2020/21,1_75_1_99,AH_0_75,NOT_FT_OVER25,AWAY,LT_100,28,28,11,0.392857,1.888571,-0.209286,4,-6.86,0,0,SMALL_SAMPLE,SMALL_SAMPLE_NO_EDGE_CLAIM
ASIAN_HANDICAP,F1,2020/21,1_75_1_99,AH_0_75,NOT_FT_OVER25,HOME,LT_100,34,34,18,0.529412,1.891176,-0.050441,3,-8.13,0,0,SMALL_SAMPLE,SMALL_SAMPLE_NO_EDGE_CLAIM
ASIAN_HANDICAP,F1,2020/21,1_75_1_99,AH_1_00,NOT_FT_OVER25,AWAY,LT_100,16,16,6,0.375,1.850625,-0.006875,2,-3.15,0,0,SMALL_SAMPLE,SMALL_SAMPLE_NO_EDGE_CLAIM
ASIAN_HANDICAP,F1,2020/21,1_75_1_99,AH_1_00,NOT_FT_OVER25,HOME,LT_100,10,10,3,0.3,1.898,-0.134,2,-2.0,0,0,SMALL_SAMPLE,SMALL_SAMPLE_NO_EDGE_CLAIM
ASIAN_HANDICAP,F1,2020/21,1_75_1_99,AH_1_25_1_50,NOT_FT_OVER25,AWAY,LT_100,24,24,13,0.541667,1.884583,-0.001458,6,-5.5,0,0,SMALL_SAMPLE,SMALL_SAMPLE_NO_EDGE_CLAIM
ASIAN_HANDICAP,F1,2020/21,1_75_1_99,AH_1_25_1_50,NOT_FT_OVER25,HOME,LT_100,23,23,12,0.521739,1.9,-0.121304,3,-5.285,0,0,SMALL_SAMPLE,SMALL_SAMPLE_NO_EDGE_CLAIM
ASIAN_HANDICAP,F1,2020/21,1_75_1_99,AH_GT_1_50,NOT_FT_OVER25,AWAY,LT_100,15,15,4,0.266667,1.904,-0.466333,8,-8.0,0,0,SMALL_SAMPLE,SMALL_SAMPLE_NO_EDGE_CLAIM
ASIAN_HANDICAP,F1,2020/21,1_75_1_99,AH_GT_1_50,NOT_FT_OVER25,HOME,LT_100,16,16,8,0.5,1.914375,0.116562,2,-2.04,0,0,SMALL_SAMPLE,SMALL_SAMPLE_NO_EDGE_CLAIM
ASIAN_HANDICAP,F1,2020/21,2_00_2_49,AH_0,NOT_FT_OVER25,AWAY,LT_100,27,27,12,0.444444,2.067778,0.294815,2,-2.0,0,0,SMALL_SAMPLE,SMALL_SAMPLE_NO_EDGE_CLAIM
ASIAN_HANDICAP,F1,2020/21,2_00_2_49,AH_0,NOT_FT_OVER25,HOME,LT_100,24,24,9,0.375,2.072917,-0.020833,2,-4.0,0,0,SMALL_SAMPLE,SMALL_SAMPLE_NO_EDGE_CLAIM
ASIAN_HANDICAP,F1,2020/21,2_00_2_49,AH_0_25,NOT_FT_OVER25,AWAY,LT_100,49,49,30,0.612245,2.062653,0.226837,4,-3.0,0,0,SMALL_SAMPLE,SMALL_SAMPLE_NO_EDGE_CLAIM
ASIAN_HANDICAP,F1,2020/21,2_00_2_49,AH_0_25,NOT_FT_OVER25,HOME,LT_100,47,47,20,0.425532,2.070213,-0.064362,10,-12.98,0,0,SMALL_SAMPLE,SMALL_SAMPLE_NO_EDGE_CLAIM
ASIAN_HANDICAP,F1,2020/21,2_00_2_49,AH_0_50,NOT_FT_OVER25,AWAY,LT_100,21,21,12,0.571429,2.046667,0.16619,2,-2.94,0,0,SMALL_SAMPLE,SMALL_SAMPLE_NO_EDGE_CLAIM
ASIAN_HANDICAP,F1,2020/21,2_00_2_49,AH_0_50,NOT_FT_OVER25,HOME,LT_100,18,18,10,0.555556,2.038889,0.126667,3,-3.0,0,0,SMALL_SAMPLE,SMALL_SAMPLE_NO_EDGE_CLAIM
ASIAN_HANDICAP,F1,2020/21,2_00_2_49,AH_0_75,NOT_FT_OVER25,AWAY,LT_100,25,25,12,0.48,2.0448,0.0206,4,-5.495,0,0,SMALL_SAMPLE,SMALL_SAMPLE_NO_EDGE_CLAIM
ASIAN_HANDICAP,F1,2020/21,2_00_2_49,AH_0_75,NOT_FT_OVER25,HOME,LT_100,20,20,13,0.65,2.0465,0.27575,3,-3.0,0,0,SMALL_SAMPLE,SMALL_SAMPLE_NO_EDGE_CLAIM
ASIAN_HANDICAP,F1,2020/21,2_00_2_49,AH_1_00,NOT_FT_OVER25,AWAY,LT_100,7,7,3,0.428571,2.04,0.151429,2,-2.0,0,0,SMALL_SAMPLE,SMALL_SAMPLE_NO_EDGE_CLAIM
ASIAN_HANDICAP,F1,2020/21,2_00_2_49,AH_1_00,NOT_FT_OVER25,HOME,LT_100,14,14,4,0.285714,2.06,-0.135714,3,-4.0,0,0,SMALL_SAMPLE,SMALL_SAMPLE_NO_EDGE_CLAIM
ASIAN_HANDICAP,F1,2020/21,2_00_2_49,AH_1_25_1_50,NOT_FT_OVER25,AWAY,LT_100,16,16,9,0.5625,2.060625,0.346875,4,-2.5,0,0,SMALL_SAMPLE,SMALL_SAMPLE_NO_EDGE_CLAIM
ASIAN_HANDICAP,F1,2020/21,2_00_2_49,AH_1_25_1_50,NOT_FT_OVER25,HOME,LT_100,16,16,5,0.3125,2.049375,-0.2925,6,-5.87,0,0,SMALL_SAMPLE,SMALL_SAMPLE_NO_EDGE_CLAIM
ASIAN_HANDICAP,F1,2020/21,2_00_2_49,AH_GT_1_50,NOT_FT_OVER25,AWAY,LT_100,11,11,5,0.454545,2.046364,0.161818,2,-2.0,0,0,SMALL_SAMPLE,SMALL_SAMPLE_NO_EDGE_CLAIM
ASIAN_HANDICAP,F1,2020/21,2_00_2_49,AH_GT_1_50,NOT_FT_OVER25,HOME,LT_100,9,9,6,0.666667,2.025556,0.402222,2,-1.5,0,0,SMALL_SAMPLE,SMALL_SAMPLE_NO_EDGE_CLAIM
ASIAN_HANDICAP,F1,2021/22,1_50_1_74,AH_0_25,NOT_FT_OVER25,AWAY,LT_100,2,2,1,0.5,1.73,-0.3175,1,-1.0,0,0,SMALL_SAMPLE,SMALL_SAMPLE_NO_EDGE_CLAIM
ASIAN_HANDICAP,F1,2021/22,1_50_1_74,AH_0_25,NOT_FT_OVER25,HOME,LT_100,1,1,1,1.0,1.73,0.365,0,0.0,0,0,SMALL_SAMPLE,SMALL_SAMPLE_NO_EDGE_CLAIM
ASIAN_HANDICAP,F1,2021/22,1_50_1_74,AH_0_50,NOT_FT_OVER25,AWAY,LT_100,1,1,1,1.0,1.73,0.73,0,0.0,0,0,SMALL_SAMPLE,SMALL_SAMPLE_NO_EDGE_CLAIM
ASIAN_HANDICAP,F1,2021/22,1_50_1_74,AH_1_00,NOT_FT_OVER25,HOME,LT_100,2,2,1,0.5,1.715,-0.135,1,-1.0,0,0,SMALL_SAMPLE,SMALL_SAMPLE_NO_EDGE_CLAIM
ASIAN_HANDICAP,F1,2021/22,1_50_1_74,AH_1_25_1_50,NOT_FT_OVER25,HOME,LT_100,3,3,2,0.666667,1.71,0.021667,1,-1.0,0,0,SMALL_SAMPLE,SMALL_SAMPLE_NO_EDGE_CLAIM
ASIAN_HANDICAP,F1,2021/22,1_50_1_74,AH_GT_1_50,NOT_FT_OVER25,AWAY,LT_100,2,2,0,0.0,1.715,-0.5,2,-1.0,0,0,SMALL_SAMPLE,SMALL_SAMPLE_NO_EDGE_CLAIM
ASIAN_HANDICAP,F1,2021/22,1_75_1_99,AH_0,NOT_FT_OVER25,AWAY,LT_100,19,19,4,0.210526,1.923684,-0.221053,3,-5.02,0,0,SMALL_SAMPLE,SMALL_SAMPLE_NO_EDGE_CLAIM
ASIAN_HANDICAP,F1,2021/22,1_75_1_99,AH_0,NOT_FT_OVER25,HOME,LT_100,35,35,12,0.342857,1.871143,-0.008,3,-5.36,0,0,SMALL_SAMPLE,SMALL_SAMPLE_NO_EDGE_CLAIM
ASIAN_HANDICAP,F1,2021/22,1_75_1_99,AH_0_25,NOT_FT_OVER25,AWAY,LT_100,62,62,34,0.548387,1.905968,0.023145,3,-3.22,0,0,SMALL_SAMPLE,SMALL_SAMPLE_NO_EDGE_CLAIM
ASIAN_HANDICAP,F1,2021/22,1_75_1_99,AH_0_25,NOT_FT_OVER25,HOME,LT_100,71,71,34,0.478873,1.893099,-0.078732,5,-8.68,0,0,SMALL_SAMPLE,SMALL_SAMPLE_NO_EDGE_CLAIM
ASIAN_HANDICAP,F1,2021/22,1_75_1_99,AH_0_50,NOT_FT_OVER25,AWAY,LT_100,55,55,27,0.490909,1.899455,-0.070727,6,-11.15,0,0,SMALL_SAMPLE,SMALL_SAMPLE_NO_EDGE_CLAIM
ASIAN_HANDICAP,F1,2021/22,1_75_1_99,AH_0_50,NOT_FT_OVER25,HOME,LT_100,49,49,25,0.510204,1.907347,-0.023469,4,-4.41,0,0,SMALL_SAMPLE,SMALL_SAMPLE_NO_EDGE_CLAIM
ASIAN_HANDICAP,F1,2021/22,1_75_1_99,AH_0_75,NOT_FT_OVER25,AWAY,LT_100,33,33,21,0.636364,1.90303,0.255606,3,-2.59,0,0,SMALL_SAMPLE,SMALL_SAMPLE_NO_EDGE_CLAIM
ASIAN_HANDICAP,F1,2021/22,1_75_1_99,AH_0_75,NOT_FT_OVER25,HOME,LT_100,36,36,17,0.472222,1.901667,-0.107083,5,-7.48,0,0,SMALL_SAMPLE,SMALL_SAMPLE_NO_EDGE_CLAIM
ASIAN_HANDICAP,F1,2021/22,1_75_1_99,AH_1_00,NOT_FT_OVER25,AWAY,LT_100,15,15,7,0.466667,1.861333,0.134667,2,-2.15,0,0,SMALL_SAMPLE,SMALL_SAMPLE_NO_EDGE_CLAIM
ASIAN_HANDICAP,F1,2021/22,1_75_1_99,AH_1_00,NOT_FT_OVER25,HOME,LT_100,19,19,7,0.368421,1.867368,0.001579,2,-3.25,0,0,SMALL_SAMPLE,SMALL_SAMPLE_NO_EDGE_CLAIM
ASIAN_HANDICAP,F1,2021/22,1_75_1_99,AH_1_25_1_50,NOT_FT_OVER25,AWAY,LT_100,36,36,17,0.472222,1.891111,-0.168194,4,-9.53,0,0,SMALL_SAMPLE,SMALL_SAMPLE_NO_EDGE_CLAIM
ASIAN_HANDICAP,F1,2021/22,1_75_1_99,AH_1_25_1_50,NOT_FT_OVER25,HOME,LT_100,21,21,11,0.52381,1.928095,0.088571,3,-2.6,0,0,SMALL_SAMPLE,SMALL_SAMPLE_NO_EDGE_CLAIM
ASIAN_HANDICAP,F1,2021/22,1_75_1_99,AH_GT_1_50,NOT_FT_OVER25,AWAY,LT_100,16,16,8,0.5,1.898125,0.017188,2,-3.255,0,0,SMALL_SAMPLE,SMALL_SAMPLE_NO_EDGE_CLAIM
ASIAN_HANDICAP,F1,2021/22,1_75_1_99,AH_GT_1_50,NOT_FT_OVER25,HOME,LT_100,12,12,6,0.5,1.923333,0.08625,2,-1.63,0,0,SMALL_SAMPLE,SMALL_SAMPLE_NO_EDGE_CLAIM
ASIAN_HANDICAP,F1,2021/22,2_00_2_49,AH_0,NOT_FT_OVER25,AWAY,LT_100,24,24,8,0.333333,2.0775,0.019583,2,-4.91,0,0,SMALL_SAMPLE,SMALL_SAMPLE_NO_EDGE_CLAIM
ASIAN_HANDICAP,F1,2021/22,2_00_2_49,AH_0,NOT_FT_OVER25,HOME,LT_100,8,8,4,0.5,2.0525,0.39875,1,-1.0,0,0,SMALL_SAMPLE,SMALL_SAMPLE_NO_EDGE_CLAIM
ASIAN_HANDICAP,F1,2021/22,2_00_2_49,AH_0_25,NOT_FT_OVER25,AWAY,LT_100,40,40,19,0.475,2.054,-0.003,5,-4.5,0,0,SMALL_SAMPLE,SMALL_SAMPLE_NO_EDGE_CLAIM
ASIAN_HANDICAP,F1,2021/22,2_00_2_49,AH_0_25,NOT_FT_OVER25,HOME,LT_100,32,32,15,0.46875,2.060938,0.009062,4,-5.23,0,0,SMALL_SAMPLE,SMALL_SAMPLE_NO_EDGE_CLAIM
ASIAN_HANDICAP,F1,2021/22,2_00_2_49,AH_0_50,NOT_FT_OVER25,AWAY,LT_100,26,26,14,0.538462,2.043846,0.101154,3,-3.83,0,0,SMALL_SAMPLE,SMALL_SAMPLE_NO_EDGE_CLAIM
ASIAN_HANDICAP,F1,2021/22,2_00_2_49,AH_0_50,NOT_FT_OVER25,HOME,LT_100,33,33,15,0.454545,2.04303,-0.071515,6,-6.0,0,0,SMALL_SAMPLE,SMALL_SAMPLE_NO_EDGE_CLAIM
ASIAN_HANDICAP,F1,2021/22,2_00_2_49,AH_0_75,NOT_FT_OVER25,AWAY,LT_100,17,17,5,0.294118,2.041176,-0.403529,4,-6.86,0,0,SMALL_SAMPLE,SMALL_SAMPLE_NO_EDGE_CLAIM
ASIAN_HANDICAP,F1,2021/22,2_00_2_49,AH_0_75,NOT_FT_OVER25,HOME,LT_100,14,14,7,0.5,2.050714,-0.048214,3,-3.345,0,0,SMALL_SAMPLE,SMALL_SAMPLE_NO_EDGE_CLAIM
ASIAN_HANDICAP,F1,2021/22,2_00_2_49,AH_1_00,NOT_FT_OVER25,AWAY,LT_100,19,19,6,0.315789,2.05,-0.034211,3,-3.0,0,0,SMALL_SAMPLE,SMALL_SAMPLE_NO_EDGE_CLAIM
ASIAN_HANDICAP,F1,2021/22,2_00_2_49,AH_1_00,NOT_FT_OVER25,HOME,LT_100,13,13,3,0.230769,2.053846,-0.227692,2,-3.0,0,0,SMALL_SAMPLE,SMALL_SAMPLE_NO_EDGE_CLAIM
ASIAN_HANDICAP,F1,2021/22,2_00_2_49,AH_1_25_1_50,NOT_FT_OVER25,AWAY,LT_100,9,9,5,0.555556,2.056667,0.192222,1,-1.0,0,0,SMALL_SAMPLE,SMALL_SAMPLE_NO_EDGE_CLAIM
ASIAN_HANDICAP,F1,2021/22,2_00_2_49,AH_1_25_1_50,NOT_FT_OVER25,HOME,LT_100,21,21,10,0.47619,2.035238,-0.00619,3,-3.0,0,0,SMALL_SAMPLE,SMALL_SAMPLE_NO_EDGE_CLAIM
ASIAN_HANDICAP,F1,2021/22,2_00_2_49,AH_GT_1_50,NOT_FT_OVER25,AWAY,LT_100,4,4,1,0.25,2.035,-0.3525,2,-2.0,0,0,SMALL_SAMPLE,SMALL_SAMPLE_NO_EDGE_CLAIM
ASIAN_HANDICAP,F1,2021/22,2_00_2_49,AH_GT_1_50,NOT_FT_OVER25,HOME,LT_100,10,10,5,0.5,2.042,0.0165,2,-1.5,0,0,SMALL_SAMPLE,SMALL_SAMPLE_NO_EDGE_CLAIM
ASIAN_HANDICAP,F1,2022/23,1_50_1_74,AH_0,NOT_FT_OVER25,HOME,LT_100,1,1,0,0.0,1.7,-1.0,1,-1.0,0,0,SMALL_SAMPLE,SMALL_SAMPLE_NO_EDGE_CLAIM
ASIAN_HANDICAP,F1,2022/23,1_50_1_74,AH_0_25,NOT_FT_OVER25,AWAY,LT_100,1,1,1,1.0,1.68,0.34,0,0.0,0,0,SMALL_SAMPLE,SMALL_SAMPLE_NO_EDGE_CLAIM
ASIAN_HANDICAP,F1,2022/23,1_50_1_74,AH_0_25,NOT_FT_OVER25,HOME,LT_100,3,3,1,0.333333,1.713333,-0.423333,1,-1.27,0,0,SMALL_SAMPLE,SMALL_SAMPLE_NO_EDGE_CLAIM
ASIAN_HANDICAP,F1,2022/23,1_50_1_74,AH_1_00,NOT_FT_OVER25,AWAY,LT_100,1,1,0,0.0,1.7,-1.0,1,-1.0,0,0,SMALL_SAMPLE,SMALL_SAMPLE_NO_EDGE_CLAIM
ASIAN_HANDICAP,F1,2022/23,1_50_1_74,AH_1_00,NOT_FT_OVER25,HOME,LT_100,1,1,0,0.0,1.7,0.0,0,0.0,0,0,SMALL_SAMPLE,SMALL_SAMPLE_NO_EDGE_CLAIM
ASIAN_HANDICAP,F1,2022/23,1_50_1_74,AH_1_25_1_50,NOT_FT_OVER25,AWAY,LT_100,2,2,2,1.0,1.715,0.715,0,0.0,0,0,SMALL_SAMPLE,SMALL_SAMPLE_NO_EDGE_CLAIM
ASIAN_HANDICAP,F1,2022/23,1_50_1_74,AH_1_25_1_50,NOT_FT_OVER25,HOME,LT_100,1,1,0,0.0,1.73,-1.0,1,-1.0,0,0,SMALL_SAMPLE,SMALL_SAMPLE_NO_EDGE_CLAIM
ASIAN_HANDICAP,F1,2022/23,1_50_1_74,AH_GT_1_50,NOT_FT_OVER25,AWAY,LT_100,2,2,0,0.0,1.73,-0.5,1,-1.0,0,0,SMALL_SAMPLE,SMALL_SAMPLE_NO_EDGE_CLAIM
ASIAN_HANDICAP,F1,2022/23,1_75_1_99,AH_0,NOT_FT_OVER25,AWAY,LT_100,25,25,9,0.36,1.904,-0.0332,3,-5.25,0,0,SMALL_SAMPLE,SMALL_SAMPLE_NO_EDGE_CLAIM
ASIAN_HANDICAP,F1,2022/23,1_75_1_99,AH_0,NOT_FT_OVER25,HOME,LT_100,28,28,14,0.5,1.894643,0.117143,3,-3.0,0,0,SMALL_SAMPLE,SMALL_SAMPLE_NO_EDGE_CLAIM
ASIAN_HANDICAP,F1,2022/23,1_75_1_99,AH_0_25,NOT_FT_OVER25,AWAY,LT_100,62,62,37,0.596774,1.882581,0.07371,6,-8.16,0,0,SMALL_SAMPLE,SMALL_SAMPLE_NO_EDGE_CLAIM
ASIAN_HANDICAP,F1,2022/23,1_75_1_99,AH_0_25,NOT_FT_OVER25,HOME,LT_100,62,62,31,0.5,1.882903,-0.042903,4,-9.035,0,0,SMALL_SAMPLE,SMALL_SAMPLE_NO_EDGE_CLAIM
ASIAN_HANDICAP,F1,2022/23,1_75_1_99,AH_0_50,NOT_FT_OVER25,AWAY,LT_100,43,43,20,0.465116,1.89093,-0.129767,8,-8.4,0,0,SMALL_SAMPLE,SMALL_SAMPLE_NO_EDGE_CLAIM
ASIAN_HANDICAP,F1,2022/23,1_75_1_99,AH_0_50,NOT_FT_OVER25,HOME,LT_100,44,44,28,0.636364,1.895682,0.207727,4,-4.05,0,0,SMALL_SAMPLE,SMALL_SAMPLE_NO_EDGE_CLAIM
ASIAN_HANDICAP,F1,2022/23,1_75_1_99,AH_0_75,NOT_FT_OVER25,AWAY,LT_100,21,21,11,0.52381,1.899524,-0.012143,4,-4.08,0,0,SMALL_SAMPLE,SMALL_SAMPLE_NO_EDGE_CLAIM
ASIAN_HANDICAP,F1,2022/23,1_75_1_99,AH_0_75,NOT_FT_OVER25,HOME,LT_100,30,30,16,0.533333,1.875,-0.042167,4,-6.195,0,0,SMALL_SAMPLE,SMALL_SAMPLE_NO_EDGE_CLAIM
ASIAN_HANDICAP,F1,2022/23,1_75_1_99,AH_1_00,NOT_FT_OVER25,AWAY,LT_100,23,23,10,0.434783,1.906087,0.124783,2,-2.06,0,0,SMALL_SAMPLE,SMALL_SAMPLE_NO_EDGE_CLAIM
ASIAN_HANDICAP,F1,2022/23,1_75_1_99,AH_1_00,NOT_FT_OVER25,HOME,LT_100,29,29,8,0.275862,1.883448,-0.031379,3,-3.47,0,0,SMALL_SAMPLE,SMALL_SAMPLE_NO_EDGE_CLAIM
ASIAN_HANDICAP,F1,2022/23,1_75_1_99,AH_1_25_1_50,NOT_FT_OVER25,AWAY,LT_100,29,29,15,0.517241,1.897586,-0.066552,3,-5.97,0,0,SMALL_SAMPLE,SMALL_SAMPLE_NO_EDGE_CLAIM
ASIAN_HANDICAP,F1,2022/23,1_75_1_99,AH_1_25_1_50,NOT_FT_OVER25,HOME,LT_100,29,29,16,0.551724,1.909655,0.073793,4,-3.17,0,0,SMALL_SAMPLE,SMALL_SAMPLE_NO_EDGE_CLAIM
ASIAN_HANDICAP,F1,2022/23,1_75_1_99,AH_GT_1_50,NOT_FT_OVER25,AWAY,LT_100,23,23,14,0.608696,1.908696,0.096957,3,-3.985,0,0,SMALL_SAMPLE,SMALL_SAMPLE_NO_EDGE_CLAIM
ASIAN_HANDICAP,F1,2022/23,1_75_1_99,AH_GT_1_50,NOT_FT_OVER25,HOME,LT_100,18,18,7,0.388889,1.923889,-0.208889,8,-8.53,0,0,SMALL_SAMPLE,SMALL_SAMPLE_NO_EDGE_CLAIM
ASIAN_HANDICAP,F1,2022/23,2_00_2_49,AH_0,NOT_FT_OVER25,AWAY,LT_100,15,15,4,0.266667,2.078667,-0.252,4,-4.0,0,0,SMALL_SAMPLE,SMALL_SAMPLE_NO_EDGE_CLAIM
ASIAN_HANDICAP,F1,2022/23,2_00_2_49,AH_0,NOT_FT_OVER25,HOME,LT_100,11,11,3,0.272727,2.071818,0.022727,2,-2.0,0,0,SMALL_SAMPLE,SMALL_SAMPLE_NO_EDGE_CLAIM
ASIAN_HANDICAP,F1,2022/23,2_00_2_49,AH_0_25,NOT_FT_OVER25,AWAY,LT_100,43,43,20,0.465116,2.059767,-0.020465,4,-6.22,0,0,SMALL_SAMPLE,SMALL_SAMPLE_NO_EDGE_CLAIM
ASIAN_HANDICAP,F1,2022/23,2_00_2_49,AH_0_25,NOT_FT_OVER25,HOME,LT_100,41,41,16,0.390244,2.075122,-0.117439,8,-9.625,0,0,SMALL_SAMPLE,SMALL_SAMPLE_NO_EDGE_CLAIM
ASIAN_HANDICAP,F1,2022/23,2_00_2_49,AH_0_50,NOT_FT_OVER25,AWAY,LT_100,29,29,11,0.37931,2.04931,-0.221034,4,-9.58,0,0,SMALL_SAMPLE,SMALL_SAMPLE_NO_EDGE_CLAIM
ASIAN_HANDICAP,F1,2022/23,2_00_2_49,AH_0_50,NOT_FT_OVER25,HOME,LT_100,28,28,13,0.464286,2.044643,-0.050357,4,-5.94,0,0,SMALL_SAMPLE,SMALL_SAMPLE_NO_EDGE_CLAIM
ASIAN_HANDICAP,F1,2022/23,2_00_2_49,AH_0_75,NOT_FT_OVER25,AWAY,LT_100,23,23,14,0.608696,2.042174,0.291522,2,-1.5,0,0,SMALL_SAMPLE,SMALL_SAMPLE_NO_EDGE_CLAIM
ASIAN_HANDICAP,F1,2022/23,2_00_2_49,AH_0_75,NOT_FT_OVER25,HOME,LT_100,14,14,3,0.214286,2.047857,-0.486429,4,-6.81,0,0,SMALL_SAMPLE,SMALL_SAMPLE_NO_EDGE_CLAIM
ASIAN_HANDICAP,F1,2022/23,2_00_2_49,AH_1_00,NOT_FT_OVER25,AWAY,LT_100,18,18,3,0.166667,2.061667,-0.099444,2,-2.92,0,0,SMALL_SAMPLE,SMALL_SAMPLE_NO_EDGE_CLAIM
ASIAN_HANDICAP,F1,2022/23,2_00_2_49,AH_1_00,NOT_FT_OVER25,HOME,LT_100,12,12,4,0.333333,2.0525,-0.068333,3,-3.0,0,0,SMALL_SAMPLE,SMALL_SAMPLE_NO_EDGE_CLAIM
ASIAN_HANDICAP,F1,2022/23,2_00_2_49,AH_1_25_1_50,NOT_FT_OVER25,AWAY,LT_100,16,16,8,0.5,2.033125,0.014687,3,-2.965,0,0,SMALL_SAMPLE,SMALL_SAMPLE_NO_EDGE_CLAIM
ASIAN_HANDICAP,F1,2022/23,2_00_2_49,AH_1_25_1_50,NOT_FT_OVER25,HOME,LT_100,17,17,6,0.352941,2.045294,-0.217647,5,-6.37,0,0,SMALL_SAMPLE,SMALL_SAMPLE_NO_EDGE_CLAIM
ASIAN_HANDICAP,F1,2022/23,2_00_2_49,AH_GT_1_50,NOT_FT_OVER25,AWAY,LT_100,4,4,4,1.0,2.025,1.025,0,0.0,0,0,SMALL_SAMPLE,SMALL_SAMPLE_NO_EDGE_CLAIM
ASIAN_HANDICAP,F1,2022/23,2_00_2_49,AH_GT_1_50,NOT_FT_OVER25,HOME,LT_100,11,11,3,0.272727,2.049091,-0.26,4,-3.87,0,0,SMALL_SAMPLE,SMALL_SAMPLE_NO_EDGE_CLAIM
ASIAN_HANDICAP,F1,2023/24,1_50_1_74,AH_0,NOT_FT_OVER25,AWAY,LT_100,1,1,1,1.0,1.73,0.73,0,0.0,0,0,SMALL_SAMPLE,SMALL_SAMPLE_NO_EDGE_CLAIM
ASIAN_HANDICAP,F1,2023/24,1_50_1_74,AH_0,NOT_FT_OVER25,HOME,LT_100,1,1,0,0.0,1.73,-1.0,1,-1.0,0,0,SMALL_SAMPLE,SMALL_SAMPLE_NO_EDGE_CLAIM
ASIAN_HANDICAP,F1,2023/24,1_50_1_74,AH_0_25,NOT_FT_OVER25,AWAY,LT_100,4,4,0,0.0,1.715,-1.0,4,-4.0,0,0,SMALL_SAMPLE,SMALL_SAMPLE_NO_EDGE_CLAIM
ASIAN_HANDICAP,F1,2023/24,1_50_1_74,AH_0_25,NOT_FT_OVER25,HOME,LT_100,2,2,0,0.0,1.69,-1.0,2,-2.0,0,0,SMALL_SAMPLE,SMALL_SAMPLE_NO_EDGE_CLAIM
ASIAN_HANDICAP,F1,2023/24,1_50_1_74,AH_0_50,NOT_FT_OVER25,HOME,LT_100,1,1,0,0.0,1.7,-1.0,1,-1.0,0,0,SMALL_SAMPLE,SMALL_SAMPLE_NO_EDGE_CLAIM
ASIAN_HANDICAP,F1,2023/24,1_50_1_74,AH_1_00,NOT_FT_OVER25,AWAY,LT_100,3,3,1,0.333333,1.72,-0.09,1,-1.0,0,0,SMALL_SAMPLE,SMALL_SAMPLE_NO_EDGE_CLAIM
ASIAN_HANDICAP,F1,2023/24,1_50_1_74,AH_1_25_1_50,NOT_FT_OVER25,AWAY,LT_100,1,1,1,1.0,1.73,0.73,0,0.0,0,0,SMALL_SAMPLE,SMALL_SAMPLE_NO_EDGE_CLAIM
ASIAN_HANDICAP,F1,2023/24,1_75_1_99,AH_0,NOT_FT_OVER25,AWAY,LT_100,20,20,10,0.5,1.893,0.139,2,-2.38,0,0,SMALL_SAMPLE,SMALL_SAMPLE_NO_EDGE_CLAIM
ASIAN_HANDICAP,F1,2023/24,1_75_1_99,AH_0,NOT_FT_OVER25,HOME,LT_100,16,16,7,0.4375,1.91125,0.15,2,-2.02,0,0,SMALL_SAMPLE,SMALL_SAMPLE_NO_EDGE_CLAIM
ASIAN_HANDICAP,F1,2023/24,1_75_1_99,AH_0_25,NOT_FT_OVER25,AWAY,LT_100,46,46,23,0.5,1.895217,-0.083587,4,-7.875,0,0,SMALL_SAMPLE,SMALL_SAMPLE_NO_EDGE_CLAIM
ASIAN_HANDICAP,F1,2023/24,1_75_1_99,AH_0_25,NOT_FT_OVER25,HOME,LT_100,48,48,22,0.458333,1.895625,-0.122292,7,-7.845,0,0,SMALL_SAMPLE,SMALL_SAMPLE_NO_EDGE_CLAIM
ASIAN_HANDICAP,F1,2023/24,1_75_1_99,AH_0_50,NOT_FT_OVER25,AWAY,LT_100,38,38,19,0.5,1.925263,-0.038158,7,-7.0,0,0,SMALL_SAMPLE,SMALL_SAMPLE_NO_EDGE_CLAIM
ASIAN_HANDICAP,F1,2023/24,1_75_1_99,AH_0_50,NOT_FT_OVER25,HOME,LT_100,49,49,22,0.44898,1.898367,-0.147347,7,-10.95,0,0,SMALL_SAMPLE,SMALL_SAMPLE_NO_EDGE_CLAIM
ASIAN_HANDICAP,F1,2023/24,1_75_1_99,AH_0_75,NOT_FT_OVER25,AWAY,LT_100,28,28,13,0.464286,1.920714,-0.053036,5,-5.87,0,0,SMALL_SAMPLE,SMALL_SAMPLE_NO_EDGE_CLAIM
ASIAN_HANDICAP,F1,2023/24,1_75_1_99,AH_0_75,NOT_FT_OVER25,HOME,LT_100,29,29,16,0.551724,1.916897,0.047414,4,-4.0,0,0,SMALL_SAMPLE,SMALL_SAMPLE_NO_EDGE_CLAIM
ASIAN_HANDICAP,F1,2023/24,1_75_1_99,AH_1_00,NOT_FT_OVER25,AWAY,LT_100,16,16,5,0.3125,1.891875,-0.22625,3,-4.15,0,0,SMALL_SAMPLE,SMALL_SAMPLE_NO_EDGE_CLAIM
ASIAN_HANDICAP,F1,2023/24,1_75_1_99,AH_1_00,NOT_FT_OVER25,HOME,LT_100,28,28,9,0.321429,1.875357,-0.028929,2,-3.49,0,0,SMALL_SAMPLE,SMALL_SAMPLE_NO_EDGE_CLAIM
ASIAN_HANDICAP,F1,2023/24,1_75_1_99,AH_1_25_1_50,NOT_FT_OVER25,AWAY,LT_100,20,20,12,0.6,1.902,0.12425,4,-4.07,0,0,SMALL_SAMPLE,SMALL_SAMPLE_NO_EDGE_CLAIM
ASIAN_HANDICAP,F1,2023/24,1_75_1_99,AH_1_25_1_50,NOT_FT_OVER25,HOME,LT_100,13,13,2,0.153846,1.885385,-0.661538,8,-8.6,0,0,SMALL_SAMPLE,SMALL_SAMPLE_NO_EDGE_CLAIM
ASIAN_HANDICAP,F1,2023/24,1_75_1_99,AH_GT_1_50,NOT_FT_OVER25,AWAY,LT_100,3,3,1,0.333333,1.85,-0.406667,1,-1.22,0,0,SMALL_SAMPLE,SMALL_SAMPLE_NO_EDGE_CLAIM
ASIAN_HANDICAP,F1,2023/24,1_75_1_99,AH_GT_1_50,NOT_FT_OVER25,HOME,LT_100,2,2,1,0.5,1.89,0.2,1,-0.5,0,0,SMALL_SAMPLE,SMALL_SAMPLE_NO_EDGE_CLAIM
ASIAN_HANDICAP,F1,2023/24,2_00_2_49,AH_0,NOT_FT_OVER25,AWAY,LT_100,11,11,5,0.454545,2.051818,0.197273,2,-2.0,0,0,SMALL_SAMPLE,SMALL_SAMPLE_NO_EDGE_CLAIM
ASIAN_HANDICAP,F1,2023/24,2_00_2_49,AH_0,NOT_FT_OVER25,HOME,LT_100,15,15,2,0.133333,2.060667,-0.584,4,-8.76,0,0,SMALL_SAMPLE,SMALL_SAMPLE_NO_EDGE_CLAIM
ASIAN_HANDICAP,F1,2023/24,2_00_2_49,AH_0_25,NOT_FT_OVER25,AWAY,LT_100,32,32,18,0.5625,2.064687,0.176719,3,-3.285,0,0,SMALL_SAMPLE,SMALL_SAMPLE_NO_EDGE_CLAIM
ASIAN_HANDICAP,F1,2023/24,2_00_2_49,AH_0_25,NOT_FT_OVER25,HOME,LT_100,32,32,19,0.59375,2.070312,0.272969,3,-2.5,0,0,SMALL_SAMPLE,SMALL_SAMPLE_NO_EDGE_CLAIM
ASIAN_HANDICAP,F1,2023/24,2_00_2_49,AH_0_50,NOT_FT_OVER25,AWAY,LT_100,34,34,21,0.617647,2.048529,0.264706,2,-2.0,0,0,SMALL_SAMPLE,SMALL_SAMPLE_NO_EDGE_CLAIM
ASIAN_HANDICAP,F1,2023/24,2_00_2_49,AH_0_50,NOT_FT_OVER25,HOME,LT_100,22,22,10,0.454545,2.033636,-0.076818,4,-5.94,0,0,SMALL_SAMPLE,SMALL_SAMPLE_NO_EDGE_CLAIM
ASIAN_HANDICAP,F1,2023/24,2_00_2_49,AH_0_75,NOT_FT_OVER25,AWAY,LT_100,15,15,7,0.466667,2.031333,-0.053,3,-3.0,0,0,SMALL_SAMPLE,SMALL_SAMPLE_NO_EDGE_CLAIM
ASIAN_HANDICAP,F1,2023/24,2_00_2_49,AH_0_75,NOT_FT_OVER25,HOME,LT_100,14,14,7,0.5,2.042857,-0.053929,2,-2.0,0,0,SMALL_SAMPLE,SMALL_SAMPLE_NO_EDGE_CLAIM
ASIAN_HANDICAP,F1,2023/24,2_00_2_49,AH_1_00,NOT_FT_OVER25,AWAY,LT_100,23,23,9,0.391304,2.05,0.155217,1,-1.0,0,0,SMALL_SAMPLE,SMALL_SAMPLE_NO_EDGE_CLAIM
ASIAN_HANDICAP,F1,2023/24,2_00_2_49,AH_1_00,NOT_FT_OVER25,HOME,LT_100,14,14,6,0.428571,2.052143,0.020714,4,-4.0,0,0,SMALL_SAMPLE,SMALL_SAMPLE_NO_EDGE_CLAIM
ASIAN_HANDICAP,F1,2023/24,2_00_2_49,AH_1_25_1_50,NOT_FT_OVER25,AWAY,LT_100,9,9,8,0.888889,2.04,0.758333,1,-1.0,0,0,SMALL_SAMPLE,SMALL_SAMPLE_NO_EDGE_CLAIM
ASIAN_HANDICAP,F1,2023/24,2_00_2_49,AH_1_25_1_50,NOT_FT_OVER25,HOME,LT_100,17,17,7,0.411765,2.041765,-0.126471,6,-6.0,0,0,SMALL_SAMPLE,SMALL_SAMPLE_NO_EDGE_CLAIM
ASIAN_HANDICAP,F1,2023/24,2_00_2_49,AH_GT_1_50,NOT_FT_OVER25,AWAY,LT_100,2,2,1,0.5,2.04,-0.2375,1,-1.0,0,0,SMALL_SAMPLE,SMALL_SAMPLE_NO_EDGE_CLAIM
ASIAN_HANDICAP,F1,2023/24,2_00_2_49,AH_GT_1_50,NOT_FT_OVER25,HOME,LT_100,3,3,2,0.666667,2.04,0.363333,1,-1.0,0,0,SMALL_SAMPLE,SMALL_SAMPLE_NO_EDGE_CLAIM
ASIAN_HANDICAP,F1,2024/25,1_50_1_74,AH_0,NOT_FT_OVER25,AWAY,LT_100,1,1,1,1.0,1.7,0.7,0,0.0,0,0,SMALL_SAMPLE,SMALL_SAMPLE_NO_EDGE_CLAIM
ASIAN_HANDICAP,F1,2024/25,1_50_1_74,AH_0,NOT_FT_OVER25,HOME,LT_100,2,2,0,0.0,1.7,-0.5,1,-1.0,0,0,SMALL_SAMPLE,SMALL_SAMPLE_NO_EDGE_CLAIM
ASIAN_HANDICAP,F1,2024/25,1_50_1_74,AH_0_25,NOT_FT_OVER25,AWAY,LT_100,6,6,4,0.666667,1.725,0.0875,2,-2.0,0,0,SMALL_SAMPLE,SMALL_SAMPLE_NO_EDGE_CLAIM
ASIAN_HANDICAP,F1,2024/25,1_50_1_74,AH_0_25,NOT_FT_OVER25,HOME,LT_100,8,8,7,0.875,1.71875,0.3675,1,-1.0,0,0,SMALL_SAMPLE,SMALL_SAMPLE_NO_EDGE_CLAIM
ASIAN_HANDICAP,F1,2024/25,1_50_1_74,AH_0_50,NOT_FT_OVER25,AWAY,LT_100,1,1,1,1.0,1.73,0.73,0,0.0,0,0,SMALL_SAMPLE,SMALL_SAMPLE_NO_EDGE_CLAIM
ASIAN_HANDICAP,F1,2024/25,1_50_1_74,AH_0_50,NOT_FT_OVER25,HOME,LT_100,1,1,1,1.0,1.73,0.73,0,0.0,0,0,SMALL_SAMPLE,SMALL_SAMPLE_NO_EDGE_CLAIM
ASIAN_HANDICAP,F1,2024/25,1_50_1_74,AH_1_00,NOT_FT_OVER25,AWAY,LT_100,1,1,0,0.0,1.68,-1.0,1,-1.0,0,0,SMALL_SAMPLE,SMALL_SAMPLE_NO_EDGE_CLAIM
ASIAN_HANDICAP,F1,2024/25,1_75_1_99,AH_0,NOT_FT_OVER25,AWAY,LT_100,14,14,4,0.285714,1.876429,-0.184286,2,-3.44,0,0,SMALL_SAMPLE,SMALL_SAMPLE_NO_EDGE_CLAIM
ASIAN_HANDICAP,F1,2024/25,1_75_1_99,AH_0,NOT_FT_OVER25,HOME,LT_100,9,9,5,0.555556,1.907778,0.292222,1,-1.0,0,0,SMALL_SAMPLE,SMALL_SAMPLE_NO_EDGE_CLAIM
ASIAN_HANDICAP,F1,2024/25,1_75_1_99,AH_0_25,NOT_FT_OVER25,AWAY,LT_100,41,41,21,0.512195,1.899268,-0.056341,4,-5.755,0,0,SMALL_SAMPLE,SMALL_SAMPLE_NO_EDGE_CLAIM
ASIAN_HANDICAP,F1,2024/25,1_75_1_99,AH_0_25,NOT_FT_OVER25,HOME,LT_100,41,41,18,0.439024,1.877317,-0.129146,3,-6.305,0,0,SMALL_SAMPLE,SMALL_SAMPLE_NO_EDGE_CLAIM
ASIAN_HANDICAP,F1,2024/25,1_75_1_99,AH_0_50,NOT_FT_OVER25,AWAY,LT_100,32,32,19,0.59375,1.910313,0.135625,2,-2.38,0,0,SMALL_SAMPLE,SMALL_SAMPLE_NO_EDGE_CLAIM
ASIAN_HANDICAP,F1,2024/25,1_75_1_99,AH_0_50,NOT_FT_OVER25,HOME,LT_100,37,37,20,0.540541,1.908378,0.031351,5,-7.18,0,0,SMALL_SAMPLE,SMALL_SAMPLE_NO_EDGE_CLAIM
ASIAN_HANDICAP,F1,2024/25,1_75_1_99,AH_0_75,NOT_FT_OVER25,AWAY,LT_100,17,17,6,0.352941,1.894706,-0.154706,4,-3.0,0,0,SMALL_SAMPLE,SMALL_SAMPLE_NO_EDGE_CLAIM
ASIAN_HANDICAP,F1,2024/25,1_75_1_99,AH_0_75,NOT_FT_OVER25,HOME,LT_100,26,26,16,0.615385,1.881154,0.085577,2,-2.37,0,0,SMALL_SAMPLE,SMALL_SAMPLE_NO_EDGE_CLAIM
ASIAN_HANDICAP,F1,2024/25,1_75_1_99,AH_1_00,NOT_FT_OVER25,AWAY,LT_100,18,18,8,0.444444,1.917222,0.128333,2,-2.0,0,0,SMALL_SAMPLE,SMALL_SAMPLE_NO_EDGE_CLAIM
ASIAN_HANDICAP,F1,2024/25,1_75_1_99,AH_1_00,NOT_FT_OVER25,HOME,LT_100,30,30,12,0.4,1.873,-0.086,3,-5.1,0,0,SMALL_SAMPLE,SMALL_SAMPLE_NO_EDGE_CLAIM
ASIAN_HANDICAP,F1,2024/25,1_75_1_99,AH_1_25_1_50,NOT_FT_OVER25,AWAY,LT_100,26,26,13,0.5,1.918846,-0.076731,3,-6.385,0,0,SMALL_SAMPLE,SMALL_SAMPLE_NO_EDGE_CLAIM
ASIAN_HANDICAP,F1,2024/25,1_75_1_99,AH_1_25_1_50,NOT_FT_OVER25,HOME,LT_100,30,30,15,0.5,1.907,0.0085,4,-3.52,0,0,SMALL_SAMPLE,SMALL_SAMPLE_NO_EDGE_CLAIM
ASIAN_HANDICAP,F1,2024/25,1_75_1_99,AH_GT_1_50,NOT_FT_OVER25,AWAY,LT_100,12,12,7,0.583333,1.899167,0.203333,2,-1.5,0,0,SMALL_SAMPLE,SMALL_SAMPLE_NO_EDGE_CLAIM
ASIAN_HANDICAP,F1,2024/25,1_75_1_99,AH_GT_1_50,NOT_FT_OVER25,HOME,LT_100,12,12,3,0.25,1.8975,-0.4725,4,-5.67,0,0,SMALL_SAMPLE,SMALL_SAMPLE_NO_EDGE_CLAIM
ASIAN_HANDICAP,F1,2024/25,2_00_2_49,AH_0,NOT_FT_OVER25,AWAY,LT_100,8,8,3,0.375,2.0575,0.03625,1,-2.0,0,0,SMALL_SAMPLE,SMALL_SAMPLE_NO_EDGE_CLAIM
ASIAN_HANDICAP,F1,2024/25,2_00_2_49,AH_0,NOT_FT_OVER25,HOME,LT_100,12,12,4,0.333333,2.066667,-0.065,2,-2.0,0,0,SMALL_SAMPLE,SMALL_SAMPLE_NO_EDGE_CLAIM
ASIAN_HANDICAP,F1,2024/25,2_00_2_49,AH_0_25,NOT_FT_OVER25,AWAY,LT_100,37,37,18,0.486486,2.062162,-0.007162,3,-4.305,0,0,SMALL_SAMPLE,SMALL_SAMPLE_NO_EDGE_CLAIM
ASIAN_HANDICAP,F1,2024/25,2_00_2_49,AH_0_25,NOT_FT_OVER25,HOME,LT_100,35,35,16,0.457143,2.050857,-0.008571,5,-7.41,0,0,SMALL_SAMPLE,SMALL_SAMPLE_NO_EDGE_CLAIM
ASIAN_HANDICAP,F1,2024/25,2_00_2_49,AH_0_50,NOT_FT_OVER25,AWAY,LT_100,24,24,9,0.375,2.04125,-0.2275,4,-5.97,0,0,SMALL_SAMPLE,SMALL_SAMPLE_NO_EDGE_CLAIM
ASIAN_HANDICAP,F1,2024/25,2_00_2_49,AH_0_50,NOT_FT_OVER25,HOME,LT_100,19,19,7,0.368421,2.043158,-0.245789,5,-6.96,0,0,SMALL_SAMPLE,SMALL_SAMPLE_NO_EDGE_CLAIM
ASIAN_HANDICAP,F1,2024/25,2_00_2_49,AH_0_75,NOT_FT_OVER25,AWAY,LT_100,21,21,9,0.428571,2.05,-0.081429,7,-7.48,0,0,SMALL_SAMPLE,SMALL_SAMPLE_NO_EDGE_CLAIM
ASIAN_HANDICAP,F1,2024/25,2_00_2_49,AH_0_75,NOT_FT_OVER25,HOME,LT_100,12,12,7,0.583333,2.045,0.018333,3,-3.435,0,0,SMALL_SAMPLE,SMALL_SAMPLE_NO_EDGE_CLAIM
ASIAN_HANDICAP,F1,2024/25,2_00_2_49,AH_1_00,NOT_FT_OVER25,AWAY,LT_100,22,22,10,0.454545,2.052273,0.067727,2,-3.0,0,0,SMALL_SAMPLE,SMALL_SAMPLE_NO_EDGE_CLAIM
ASIAN_HANDICAP,F1,2024/25,2_00_2_49,AH_1_00,NOT_FT_OVER25,HOME,LT_100,11,11,3,0.272727,2.047273,-0.162727,2,-2.85,0,0,SMALL_SAMPLE,SMALL_SAMPLE_NO_EDGE_CLAIM
ASIAN_HANDICAP,F1,2024/25,2_00_2_49,AH_1_25_1_50,NOT_FT_OVER25,AWAY,LT_100,17,17,9,0.529412,2.042353,0.017647,4,-4.335,0,0,SMALL_SAMPLE,SMALL_SAMPLE_NO_EDGE_CLAIM
ASIAN_HANDICAP,F1,2024/25,2_00_2_49,AH_1_25_1_50,NOT_FT_OVER25,HOME,LT_100,13,13,6,0.461538,2.03,-0.019231,2,-2.0,0,0,SMALL_SAMPLE,SMALL_SAMPLE_NO_EDGE_CLAIM
ASIAN_HANDICAP,F1,2024/25,2_00_2_49,AH_GT_1_50,NOT_FT_OVER25,AWAY,LT_100,8,8,6,0.75,2.02625,0.459375,1,-1.0,0,0,SMALL_SAMPLE,SMALL_SAMPLE_NO_EDGE_CLAIM
ASIAN_HANDICAP,F1,2024/25,2_00_2_49,AH_GT_1_50,NOT_FT_OVER25,HOME,LT_100,8,8,4,0.5,2.0425,-0.105625,2,-2.48,0,0,SMALL_SAMPLE,SMALL_SAMPLE_NO_EDGE_CLAIM
ASIAN_HANDICAP,I1,2020/21,1_50_1_74,AH_0,NOT_FT_OVER25,AWAY,LT_100,1,1,0,0.0,1.73,0.0,0,0.0,0,0,SMALL_SAMPLE,SMALL_SAMPLE_NO_EDGE_CLAIM
ASIAN_HANDICAP,I1,2020/21,1_50_1_74,AH_0,NOT_FT_OVER25,HOME,LT_100,1,1,1,1.0,1.73,0.73,0,0.0,0,0,SMALL_SAMPLE,SMALL_SAMPLE_NO_EDGE_CLAIM
ASIAN_HANDICAP,I1,2020/21,1_50_1_74,AH_0_25,NOT_FT_OVER25,HOME,LT_100,8,8,5,0.625,1.7025,-0.064375,2,-2.3,0,0,SMALL_SAMPLE,SMALL_SAMPLE_NO_EDGE_CLAIM
ASIAN_HANDICAP,I1,2020/21,1_50_1_74,AH_1_00,NOT_FT_OVER25,AWAY,LT_100,1,1,0,0.0,1.73,-1.0,1,-1.0,0,0,SMALL_SAMPLE,SMALL_SAMPLE_NO_EDGE_CLAIM
ASIAN_HANDICAP,I1,2020/21,1_50_1_74,AH_1_00,NOT_FT_OVER25,HOME,LT_100,1,1,1,1.0,1.72,0.72,0,0.0,0,0,SMALL_SAMPLE,SMALL_SAMPLE_NO_EDGE_CLAIM
ASIAN_HANDICAP,I1,2020/21,1_50_1_74,AH_1_25_1_50,NOT_FT_OVER25,AWAY,LT_100,1,1,0,0.0,1.73,-1.0,1,-1.0,0,0,SMALL_SAMPLE,SMALL_SAMPLE_NO_EDGE_CLAIM
ASIAN_HANDICAP,I1,2020/21,1_50_1_74,AH_GT_1_50,NOT_FT_OVER25,HOME,LT_100,1,1,0,0.0,1.7,0.0,0,0.0,0,0,SMALL_SAMPLE,SMALL_SAMPLE_NO_EDGE_CLAIM
ASIAN_HANDICAP,I1,2020/21,1_75_1_99,AH_0,NOT_FT_OVER25,AWAY,LT_100,25,25,9,0.36,1.8948,-0.028,3,-3.48,0,0,SMALL_SAMPLE,SMALL_SAMPLE_NO_EDGE_CLAIM
ASIAN_HANDICAP,I1,2020/21,1_75_1_99,AH_0,NOT_FT_OVER25,HOME,LT_100,25,25,10,0.4,1.8996,-0.0404,4,-5.19,0,0,SMALL_SAMPLE,SMALL_SAMPLE_NO_EDGE_CLAIM
ASIAN_HANDICAP,I1,2020/21,1_75_1_99,AH_0_25,NOT_FT_OVER25,AWAY,LT_100,58,58,31,0.534483,1.886552,-0.060431,5,-6.71,0,0,SMALL_SAMPLE,SMALL_SAMPLE_NO_EDGE_CLAIM
ASIAN_HANDICAP,I1,2020/21,1_75_1_99,AH_0_25,NOT_FT_OVER25,HOME,LT_100,44,44,19,0.431818,1.895,-0.165682,4,-8.805,0,0,SMALL_SAMPLE,SMALL_SAMPLE_NO_EDGE_CLAIM
ASIAN_HANDICAP,I1,2020/21,1_75_1_99,AH_0_50,NOT_FT_OVER25,AWAY,LT_100,33,33,15,0.454545,1.921212,-0.12,4,-5.35,0,0,SMALL_SAMPLE,SMALL_SAMPLE_NO_EDGE_CLAIM
ASIAN_HANDICAP,I1,2020/21,1_75_1_99,AH_0_50,NOT_FT_OVER25,HOME,LT_100,38,38,16,0.421053,1.910789,-0.196053,6,-10.26,0,0,SMALL_SAMPLE,SMALL_SAMPLE_NO_EDGE_CLAIM
ASIAN_HANDICAP,I1,2020/21,1_75_1_99,AH_0_75,NOT_FT_OVER25,AWAY,LT_100,32,32,21,0.65625,1.905,0.284375,3,-3.0,0,0,SMALL_SAMPLE,SMALL_SAMPLE_NO_EDGE_CLAIM
ASIAN_HANDICAP,I1,2020/21,1_75_1_99,AH_0_75,NOT_FT_OVER25,HOME,LT_100,35,35,17,0.485714,1.909429,-0.096,5,-9.35,0,0,SMALL_SAMPLE,SMALL_SAMPLE_NO_EDGE_CLAIM
ASIAN_HANDICAP,I1,2020/21,1_75_1_99,AH_1_00,NOT_FT_OVER25,AWAY,LT_100,21,21,6,0.285714,1.87381,-0.133333,3,-4.32,0,0,SMALL_SAMPLE,SMALL_SAMPLE_NO_EDGE_CLAIM
ASIAN_HANDICAP,I1,2020/21,1_75_1_99,AH_1_00,NOT_FT_OVER25,HOME,LT_100,23,23,10,0.434783,1.873478,-0.01,2,-3.36,0,0,SMALL_SAMPLE,SMALL_SAMPLE_NO_EDGE_CLAIM
ASIAN_HANDICAP,I1,2020/21,1_75_1_99,AH_1_25_1_50,NOT_FT_OVER25,AWAY,LT_100,44,44,27,0.613636,1.904318,0.105795,2,-2.785,0,0,SMALL_SAMPLE,SMALL_SAMPLE_NO_EDGE_CLAIM
ASIAN_HANDICAP,I1,2020/21,1_75_1_99,AH_1_25_1_50,NOT_FT_OVER25,HOME,LT_100,41,41,13,0.317073,1.907805,-0.394512,9,-17.135,0,0,SMALL_SAMPLE,SMALL_SAMPLE_NO_EDGE_CLAIM
ASIAN_HANDICAP,I1,2020/21,1_75_1_99,AH_GT_1_50,NOT_FT_OVER25,AWAY,LT_100,18,18,7,0.388889,1.888333,-0.170833,4,-6.22,0,0,SMALL_SAMPLE,SMALL_SAMPLE_NO_EDGE_CLAIM
ASIAN_HANDICAP,I1,2020/21,1_75_1_99,AH_GT_1_50,NOT_FT_OVER25,HOME,LT_100,15,15,11,0.733333,1.902,0.361333,1,-1.07,0,0,SMALL_SAMPLE,SMALL_SAMPLE_NO_EDGE_CLAIM
ASIAN_HANDICAP,I1,2020/21,2_00_2_49,AH_0,NOT_FT_OVER25,AWAY,LT_100,16,16,5,0.3125,2.071875,-0.16,4,-5.0,0,0,SMALL_SAMPLE,SMALL_SAMPLE_NO_EDGE_CLAIM
ASIAN_HANDICAP,I1,2020/21,2_00_2_49,AH_0,NOT_FT_OVER25,HOME,LT_100,16,16,6,0.375,2.071875,0.15875,2,-3.0,0,0,SMALL_SAMPLE,SMALL_SAMPLE_NO_EDGE_CLAIM
ASIAN_HANDICAP,I1,2020/21,2_00_2_49,AH_0_25,NOT_FT_OVER25,AWAY,LT_100,35,35,17,0.485714,2.080571,0.075286,4,-3.175,0,0,SMALL_SAMPLE,SMALL_SAMPLE_NO_EDGE_CLAIM
ASIAN_HANDICAP,I1,2020/21,2_00_2_49,AH_0_25,NOT_FT_OVER25,HOME,LT_100,41,41,21,0.512195,2.067561,0.135732,7,-4.0,0,0,SMALL_SAMPLE,SMALL_SAMPLE_NO_EDGE_CLAIM
ASIAN_HANDICAP,I1,2020/21,2_00_2_49,AH_0_50,NOT_FT_OVER25,AWAY,LT_100,21,21,12,0.571429,2.043333,0.166667,2,-2.0,0,0,SMALL_SAMPLE,SMALL_SAMPLE_NO_EDGE_CLAIM
ASIAN_HANDICAP,I1,2020/21,2_00_2_49,AH_0_50,NOT_FT_OVER25,HOME,LT_100,16,16,11,0.6875,2.048125,0.405,2,-2.0,0,0,SMALL_SAMPLE,SMALL_SAMPLE_NO_EDGE_CLAIM
ASIAN_HANDICAP,I1,2020/21,2_00_2_49,AH_0_75,NOT_FT_OVER25,AWAY,LT_100,22,22,9,0.409091,2.040909,-0.121136,7,-6.0,0,0,SMALL_SAMPLE,SMALL_SAMPLE_NO_EDGE_CLAIM
ASIAN_HANDICAP,I1,2020/21,2_00_2_49,AH_0_75,NOT_FT_OVER25,HOME,LT_100,19,19,7,0.368421,2.054211,-0.294211,6,-5.59,0,0,SMALL_SAMPLE,SMALL_SAMPLE_NO_EDGE_CLAIM
ASIAN_HANDICAP,I1,2020/21,2_00_2_49,AH_1_00,NOT_FT_OVER25,AWAY,LT_100,19,19,8,0.421053,2.052632,-0.038421,3,-4.0,0,0,SMALL_SAMPLE,SMALL_SAMPLE_NO_EDGE_CLAIM
ASIAN_HANDICAP,I1,2020/21,2_00_2_49,AH_1_00,NOT_FT_OVER25,HOME,LT_100,17,17,7,0.411765,2.061176,0.152353,2,-2.0,0,0,SMALL_SAMPLE,SMALL_SAMPLE_NO_EDGE_CLAIM
ASIAN_HANDICAP,I1,2020/21,2_00_2_49,AH_1_25_1_50,NOT_FT_OVER25,AWAY,LT_100,23,23,14,0.608696,2.045217,0.287391,3,-2.5,0,0,SMALL_SAMPLE,SMALL_SAMPLE_NO_EDGE_CLAIM
ASIAN_HANDICAP,I1,2020/21,2_00_2_49,AH_1_25_1_50,NOT_FT_OVER25,HOME,LT_100,27,27,14,0.518519,2.048148,0.158519,3,-2.0,0,0,SMALL_SAMPLE,SMALL_SAMPLE_NO_EDGE_CLAIM
ASIAN_HANDICAP,I1,2020/21,2_00_2_49,AH_GT_1_50,NOT_FT_OVER25,AWAY,LT_100,10,10,1,0.1,2.055,-0.643,7,-6.5,0,0,SMALL_SAMPLE,SMALL_SAMPLE_NO_EDGE_CLAIM
ASIAN_HANDICAP,I1,2020/21,2_00_2_49,AH_GT_1_50,NOT_FT_OVER25,HOME,LT_100,12,12,8,0.666667,2.043333,0.227083,3,-3.0,0,0,SMALL_SAMPLE,SMALL_SAMPLE_NO_EDGE_CLAIM
ASIAN_HANDICAP,I1,2021/22,1_50_1_74,AH_0,NOT_FT_OVER25,HOME,LT_100,1,1,1,1.0,1.7,0.7,0,0.0,0,0,SMALL_SAMPLE,SMALL_SAMPLE_NO_EDGE_CLAIM
ASIAN_HANDICAP,I1,2021/22,1_50_1_74,AH_0_25,NOT_FT_OVER25,HOME,LT_100,6,6,1,0.166667,1.71,-0.628333,5,-4.5,0,0,SMALL_SAMPLE,SMALL_SAMPLE_NO_EDGE_CLAIM
ASIAN_HANDICAP,I1,2021/22,1_50_1_74,AH_0_50,NOT_FT_OVER25,HOME,LT_100,2,2,0,0.0,1.73,-1.0,2,-2.0,0,0,SMALL_SAMPLE,SMALL_SAMPLE_NO_EDGE_CLAIM
ASIAN_HANDICAP,I1,2021/22,1_50_1_74,AH_0_75,NOT_FT_OVER25,AWAY,LT_100,1,1,1,1.0,1.73,0.365,0,0.0,0,0,SMALL_SAMPLE,SMALL_SAMPLE_NO_EDGE_CLAIM
ASIAN_HANDICAP,I1,2021/22,1_50_1_74,AH_1_00,NOT_FT_OVER25,AWAY,LT_100,2,2,0,0.0,1.715,-0.5,1,-1.0,0,0,SMALL_SAMPLE,SMALL_SAMPLE_NO_EDGE_CLAIM
ASIAN_HANDICAP,I1,2021/22,1_50_1_74,AH_1_00,NOT_FT_OVER25,HOME,LT_100,2,2,0,0.0,1.715,0.0,0,0.0,0,0,SMALL_SAMPLE,SMALL_SAMPLE_NO_EDGE_CLAIM
ASIAN_HANDICAP,I1,2021/22,1_50_1_74,AH_1_25_1_50,NOT_FT_OVER25,HOME,LT_100,4,4,1,0.25,1.7225,-0.575,2,-2.3,0,0,SMALL_SAMPLE,SMALL_SAMPLE_NO_EDGE_CLAIM
ASIAN_HANDICAP,I1,2021/22,1_50_1_74,AH_GT_1_50,NOT_FT_OVER25,HOME,LT_100,2,2,2,1.0,1.715,0.715,0,0.0,0,0,SMALL_SAMPLE,SMALL_SAMPLE_NO_EDGE_CLAIM
ASIAN_HANDICAP,I1,2021/22,1_75_1_99,AH_0,NOT_FT_OVER25,AWAY,LT_100,20,20,5,0.25,1.904,-0.122,2,-4.15,0,0,SMALL_SAMPLE,SMALL_SAMPLE_NO_EDGE_CLAIM
ASIAN_HANDICAP,I1,2021/22,1_75_1_99,AH_0,NOT_FT_OVER25,HOME,LT_100,24,24,9,0.375,1.897083,0.046667,2,-3.1,0,0,SMALL_SAMPLE,SMALL_SAMPLE_NO_EDGE_CLAIM
ASIAN_HANDICAP,I1,2021/22,1_75_1_99,AH_0_25,NOT_FT_OVER25,AWAY,LT_100,40,40,20,0.5,1.895,-0.037375,4,-3.82,0,0,SMALL_SAMPLE,SMALL_SAMPLE_NO_EDGE_CLAIM
ASIAN_HANDICAP,I1,2021/22,1_75_1_99,AH_0_25,NOT_FT_OVER25,HOME,LT_100,53,53,32,0.603774,1.859434,0.09934,2,-2.26,0,0,SMALL_SAMPLE,SMALL_SAMPLE_NO_EDGE_CLAIM
ASIAN_HANDICAP,I1,2021/22,1_75_1_99,AH_0_50,NOT_FT_OVER25,AWAY,LT_100,36,36,24,0.666667,1.914167,0.269444,4,-4.09,0,0,SMALL_SAMPLE,SMALL_SAMPLE_NO_EDGE_CLAIM
ASIAN_HANDICAP,I1,2021/22,1_75_1_99,AH_0_50,NOT_FT_OVER25,HOME,LT_100,45,45,17,0.377778,1.878889,-0.286444,6,-12.89,0,0,SMALL_SAMPLE,SMALL_SAMPLE_NO_EDGE_CLAIM
ASIAN_HANDICAP,I1,2021/22,1_75_1_99,AH_0_75,NOT_FT_OVER25,AWAY,LT_100,32,32,19,0.59375,1.916562,0.205,4,-3.0,0,0,SMALL_SAMPLE,SMALL_SAMPLE_NO_EDGE_CLAIM
ASIAN_HANDICAP,I1,2021/22,1_75_1_99,AH_0_75,NOT_FT_OVER25,HOME,LT_100,43,43,17,0.395349,1.896279,-0.268605,5,-12.4,0,0,SMALL_SAMPLE,SMALL_SAMPLE_NO_EDGE_CLAIM
ASIAN_HANDICAP,I1,2021/22,1_75_1_99,AH_1_00,NOT_FT_OVER25,AWAY,LT_100,24,24,7,0.291667,1.908333,-0.139167,2,-4.03,0,0,SMALL_SAMPLE,SMALL_SAMPLE_NO_EDGE_CLAIM
ASIAN_HANDICAP,I1,2021/22,1_75_1_99,AH_1_00,NOT_FT_OVER25,HOME,LT_100,23,23,4,0.173913,1.887826,-0.368696,9,-11.0,0,0,SMALL_SAMPLE,SMALL_SAMPLE_NO_EDGE_CLAIM
ASIAN_HANDICAP,I1,2021/22,1_75_1_99,AH_1_25_1_50,NOT_FT_OVER25,AWAY,LT_100,41,41,27,0.658537,1.899512,0.218415,3,-3.14,0,0,SMALL_SAMPLE,SMALL_SAMPLE_NO_EDGE_CLAIM
ASIAN_HANDICAP,I1,2021/22,1_75_1_99,AH_1_25_1_50,NOT_FT_OVER25,HOME,LT_100,38,38,19,0.5,1.91,-0.057632,7,-7.71,0,0,SMALL_SAMPLE,SMALL_SAMPLE_NO_EDGE_CLAIM
ASIAN_HANDICAP,I1,2021/22,1_75_1_99,AH_GT_1_50,NOT_FT_OVER25,AWAY,LT_100,20,20,10,0.5,1.898,0.06925,4,-4.535,0,0,SMALL_SAMPLE,SMALL_SAMPLE_NO_EDGE_CLAIM
ASIAN_HANDICAP,I1,2021/22,1_75_1_99,AH_GT_1_50,NOT_FT_OVER25,HOME,LT_100,15,15,8,0.533333,1.911333,-0.026,2,-2.68,0,0,SMALL_SAMPLE,SMALL_SAMPLE_NO_EDGE_CLAIM
ASIAN_HANDICAP,I1,2021/22,2_00_2_49,AH_0,NOT_FT_OVER25,AWAY,LT_100,15,15,4,0.266667,2.047333,-0.185333,3,-5.97,0,0,SMALL_SAMPLE,SMALL_SAMPLE_NO_EDGE_CLAIM
ASIAN_HANDICAP,I1,2021/22,2_00_2_49,AH_0,NOT_FT_OVER25,HOME,LT_100,10,10,4,0.4,2.037,0.223,1,-1.0,0,0,SMALL_SAMPLE,SMALL_SAMPLE_NO_EDGE_CLAIM
ASIAN_HANDICAP,I1,2021/22,2_00_2_49,AH_0_25,NOT_FT_OVER25,AWAY,LT_100,47,47,21,0.446809,2.073191,-0.032766,5,-4.865,0,0,SMALL_SAMPLE,SMALL_SAMPLE_NO_EDGE_CLAIM
ASIAN_HANDICAP,I1,2021/22,2_00_2_49,AH_0_25,NOT_FT_OVER25,HOME,LT_100,28,28,13,0.464286,2.046071,-0.089821,3,-5.345,0,0,SMALL_SAMPLE,SMALL_SAMPLE_NO_EDGE_CLAIM
ASIAN_HANDICAP,I1,2021/22,2_00_2_49,AH_0_50,NOT_FT_OVER25,AWAY,LT_100,31,31,22,0.709677,2.057742,0.46129,2,-2.0,0,0,SMALL_SAMPLE,SMALL_SAMPLE_NO_EDGE_CLAIM
ASIAN_HANDICAP,I1,2021/22,2_00_2_49,AH_0_50,NOT_FT_OVER25,HOME,LT_100,20,20,4,0.2,2.0325,-0.595,8,-13.94,0,0,SMALL_SAMPLE,SMALL_SAMPLE_NO_EDGE_CLAIM
ASIAN_HANDICAP,I1,2021/22,2_00_2_49,AH_0_75,NOT_FT_OVER25,AWAY,LT_100,26,26,15,0.576923,2.048077,0.196731,2,-2.0,0,0,SMALL_SAMPLE,SMALL_SAMPLE_NO_EDGE_CLAIM
ASIAN_HANDICAP,I1,2021/22,2_00_2_49,AH_0_75,NOT_FT_OVER25,HOME,LT_100,16,16,7,0.4375,2.039375,-0.175937,4,-4.0,0,0,SMALL_SAMPLE,SMALL_SAMPLE_NO_EDGE_CLAIM
ASIAN_HANDICAP,I1,2021/22,2_00_2_49,AH_1_00,NOT_FT_OVER25,AWAY,LT_100,14,14,6,0.428571,2.056429,0.316429,1,-1.0,0,0,SMALL_SAMPLE,SMALL_SAMPLE_NO_EDGE_CLAIM
ASIAN_HANDICAP,I1,2021/22,2_00_2_49,AH_1_00,NOT_FT_OVER25,HOME,LT_100,15,15,9,0.6,2.052,0.562667,1,-1.0,0,0,SMALL_SAMPLE,SMALL_SAMPLE_NO_EDGE_CLAIM
ASIAN_HANDICAP,I1,2021/22,2_00_2_49,AH_1_25_1_50,NOT_FT_OVER25,AWAY,LT_100,22,22,11,0.5,2.048636,0.0425,2,-3.345,0,0,SMALL_SAMPLE,SMALL_SAMPLE_NO_EDGE_CLAIM
ASIAN_HANDICAP,I1,2021/22,2_00_2_49,AH_1_25_1_50,NOT_FT_OVER25,HOME,LT_100,21,21,5,0.238095,2.042857,-0.438571,6,-10.26,0,0,SMALL_SAMPLE,SMALL_SAMPLE_NO_EDGE_CLAIM
ASIAN_HANDICAP,I1,2021/22,2_00_2_49,AH_GT_1_50,NOT_FT_OVER25,AWAY,LT_100,9,9,4,0.444444,2.055556,-0.033333,3,-2.5,0,0,SMALL_SAMPLE,SMALL_SAMPLE_NO_EDGE_CLAIM
ASIAN_HANDICAP,I1,2021/22,2_00_2_49,AH_GT_1_50,NOT_FT_OVER25,HOME,LT_100,12,12,4,0.333333,2.036667,-0.322083,6,-6.0,0,0,SMALL_SAMPLE,SMALL_SAMPLE_NO_EDGE_CLAIM
ASIAN_HANDICAP,I1,2022/23,1_50_1_74,AH_0_25,NOT_FT_OVER25,AWAY,LT_100,6,6,4,0.666667,1.716667,0.245833,2,-1.0,0,0,SMALL_SAMPLE,SMALL_SAMPLE_NO_EDGE_CLAIM
ASIAN_HANDICAP,I1,2022/23,1_50_1_74,AH_0_25,NOT_FT_OVER25,HOME,LT_100,5,5,3,0.6,1.698,-0.046,2,-2.0,0,0,SMALL_SAMPLE,SMALL_SAMPLE_NO_EDGE_CLAIM
ASIAN_HANDICAP,I1,2022/23,1_50_1_74,AH_0_50,NOT_FT_OVER25,HOME,LT_100,1,1,1,1.0,1.7,0.7,0,0.0,0,0,SMALL_SAMPLE,SMALL_SAMPLE_NO_EDGE_CLAIM
ASIAN_HANDICAP,I1,2022/23,1_50_1_74,AH_1_00,NOT_FT_OVER25,HOME,LT_100,1,1,1,1.0,1.73,0.73,0,0.0,0,0,SMALL_SAMPLE,SMALL_SAMPLE_NO_EDGE_CLAIM
ASIAN_HANDICAP,I1,2022/23,1_50_1_74,AH_1_25_1_50,NOT_FT_OVER25,HOME,LT_100,2,2,2,1.0,1.73,0.5475,0,0.0,0,0,SMALL_SAMPLE,SMALL_SAMPLE_NO_EDGE_CLAIM
ASIAN_HANDICAP,I1,2022/23,1_75_1_99,AH_0,NOT_FT_OVER25,AWAY,LT_100,21,21,6,0.285714,1.901905,-0.224762,5,-6.32,0,0,SMALL_SAMPLE,SMALL_SAMPLE_NO_EDGE_CLAIM
ASIAN_HANDICAP,I1,2022/23,1_75_1_99,AH_0,NOT_FT_OVER25,HOME,LT_100,29,29,11,0.37931,1.887241,-0.038621,3,-3.03,0,0,SMALL_SAMPLE,SMALL_SAMPLE_NO_EDGE_CLAIM
ASIAN_HANDICAP,I1,2022/23,1_75_1_99,AH_0_25,NOT_FT_OVER25,AWAY,LT_100,59,59,31,0.525424,1.891695,-0.05839,4,-6.085,0,0,SMALL_SAMPLE,SMALL_SAMPLE_NO_EDGE_CLAIM
ASIAN_HANDICAP,I1,2022/23,1_75_1_99,AH_0_25,NOT_FT_OVER25,HOME,LT_100,66,66,35,0.530303,1.890303,-0.000379,3,-6.355,0,0,SMALL_SAMPLE,SMALL_SAMPLE_NO_EDGE_CLAIM
ASIAN_HANDICAP,I1,2022/23,1_75_1_99,AH_0_50,NOT_FT_OVER25,AWAY,LT_100,42,42,26,0.619048,1.900952,0.169762,3,-3.0,0,0,SMALL_SAMPLE,SMALL_SAMPLE_NO_EDGE_CLAIM
ASIAN_HANDICAP,I1,2022/23,1_75_1_99,AH_0_50,NOT_FT_OVER25,HOME,LT_100,46,46,24,0.521739,1.892826,-0.015652,5,-7.45,0,0,SMALL_SAMPLE,SMALL_SAMPLE_NO_EDGE_CLAIM
ASIAN_HANDICAP,I1,2022/23,1_75_1_99,AH_0_75,NOT_FT_OVER25,AWAY,LT_100,38,38,17,0.447368,1.898421,-0.030395,4,-3.43,0,0,SMALL_SAMPLE,SMALL_SAMPLE_NO_EDGE_CLAIM
ASIAN_HANDICAP,I1,2022/23,1_75_1_99,AH_0_75,NOT_FT_OVER25,HOME,LT_100,46,46,22,0.478261,1.896739,-0.135761,7,-11.305,0,0,SMALL_SAMPLE,SMALL_SAMPLE_NO_EDGE_CLAIM
ASIAN_HANDICAP,I1,2022/23,1_75_1_99,AH_1_00,NOT_FT_OVER25,AWAY,LT_100,18,18,6,0.333333,1.883333,0.068889,1,-1.16,0,0,SMALL_SAMPLE,SMALL_SAMPLE_NO_EDGE_CLAIM
ASIAN_HANDICAP,I1,2022/23,1_75_1_99,AH_1_00,NOT_FT_OVER25,HOME,LT_100,22,22,8,0.363636,1.873182,-0.052727,2,-3.62,0,0,SMALL_SAMPLE,SMALL_SAMPLE_NO_EDGE_CLAIM
ASIAN_HANDICAP,I1,2022/23,1_75_1_99,AH_1_25_1_50,NOT_FT_OVER25,AWAY,LT_100,26,26,11,0.423077,1.909615,-0.212308,4,-7.17,0,0,SMALL_SAMPLE,SMALL_SAMPLE_NO_EDGE_CLAIM
ASIAN_HANDICAP,I1,2022/23,1_75_1_99,AH_1_25_1_50,NOT_FT_OVER25,HOME,LT_100,27,27,18,0.666667,1.915926,0.317778,2,-2.52,0,0,SMALL_SAMPLE,SMALL_SAMPLE_NO_EDGE_CLAIM
ASIAN_HANDICAP,I1,2022/23,1_75_1_99,AH_GT_1_50,NOT_FT_OVER25,AWAY,LT_100,12,12,6,0.5,1.915833,0.000833,3,-2.75,0,0,SMALL_SAMPLE,SMALL_SAMPLE_NO_EDGE_CLAIM
ASIAN_HANDICAP,I1,2022/23,1_75_1_99,AH_GT_1_50,NOT_FT_OVER25,HOME,LT_100,14,14,7,0.5,1.916429,-0.0625,2,-2.78,0,0,SMALL_SAMPLE,SMALL_SAMPLE_NO_EDGE_CLAIM
ASIAN_HANDICAP,I1,2022/23,2_00_2_49,AH_0,NOT_FT_OVER25,AWAY,LT_100,18,18,8,0.444444,2.076667,0.094444,2,-3.81,0,0,SMALL_SAMPLE,SMALL_SAMPLE_NO_EDGE_CLAIM
ASIAN_HANDICAP,I1,2022/23,2_00_2_49,AH_0,NOT_FT_OVER25,HOME,LT_100,10,10,6,0.6,2.065,0.334,2,-2.0,0,0,SMALL_SAMPLE,SMALL_SAMPLE_NO_EDGE_CLAIM
ASIAN_HANDICAP,I1,2022/23,2_00_2_49,AH_0_25,NOT_FT_OVER25,AWAY,LT_100,45,45,23,0.511111,2.070222,0.065222,4,-8.395,0,0,SMALL_SAMPLE,SMALL_SAMPLE_NO_EDGE_CLAIM
ASIAN_HANDICAP,I1,2022/23,2_00_2_49,AH_0_25,NOT_FT_OVER25,HOME,LT_100,39,39,14,0.358974,2.067692,-0.161795,7,-9.26,0,0,SMALL_SAMPLE,SMALL_SAMPLE_NO_EDGE_CLAIM
ASIAN_HANDICAP,I1,2022/23,2_00_2_49,AH_0_50,NOT_FT_OVER25,AWAY,LT_100,28,28,12,0.428571,2.0575,-0.119643,6,-6.0,0,0,SMALL_SAMPLE,SMALL_SAMPLE_NO_EDGE_CLAIM
ASIAN_HANDICAP,I1,2022/23,2_00_2_49,AH_0_50,NOT_FT_OVER25,HOME,LT_100,23,23,7,0.304348,2.053478,-0.380435,6,-9.85,0,0,SMALL_SAMPLE,SMALL_SAMPLE_NO_EDGE_CLAIM
ASIAN_HANDICAP,I1,2022/23,2_00_2_49,AH_0_75,NOT_FT_OVER25,AWAY,LT_100,29,29,16,0.551724,2.044828,0.184483,4,-4.0,0,0,SMALL_SAMPLE,SMALL_SAMPLE_NO_EDGE_CLAIM
ASIAN_HANDICAP,I1,2022/23,2_00_2_49,AH_0_75,NOT_FT_OVER25,HOME,LT_100,21,21,12,0.571429,2.040952,-0.013095,2,-1.97,0,0,SMALL_SAMPLE,SMALL_SAMPLE_NO_EDGE_CLAIM
ASIAN_HANDICAP,I1,2022/23,2_00_2_49,AH_1_00,NOT_FT_OVER25,AWAY,LT_100,16,16,6,0.375,2.06125,-0.04625,3,-3.0,0,0,SMALL_SAMPLE,SMALL_SAMPLE_NO_EDGE_CLAIM
ASIAN_HANDICAP,I1,2022/23,2_00_2_49,AH_1_00,NOT_FT_OVER25,HOME,LT_100,11,11,2,0.181818,2.051818,-0.173636,2,-3.0,0,0,SMALL_SAMPLE,SMALL_SAMPLE_NO_EDGE_CLAIM
ASIAN_HANDICAP,I1,2022/23,2_00_2_49,AH_1_25_1_50,NOT_FT_OVER25,AWAY,LT_100,16,16,6,0.375,2.05,-0.235937,5,-5.35,0,0,SMALL_SAMPLE,SMALL_SAMPLE_NO_EDGE_CLAIM
ASIAN_HANDICAP,I1,2022/23,2_00_2_49,AH_1_25_1_50,NOT_FT_OVER25,HOME,LT_100,13,13,5,0.384615,2.034615,-0.220385,5,-5.995,0,0,SMALL_SAMPLE,SMALL_SAMPLE_NO_EDGE_CLAIM
ASIAN_HANDICAP,I1,2022/23,2_00_2_49,AH_GT_1_50,NOT_FT_OVER25,AWAY,LT_100,6,6,4,0.666667,2.063333,0.38,2,-2.0,0,0,SMALL_SAMPLE,SMALL_SAMPLE_NO_EDGE_CLAIM
ASIAN_HANDICAP,I1,2022/23,2_00_2_49,AH_GT_1_50,NOT_FT_OVER25,HOME,LT_100,4,4,1,0.25,2.0325,-0.49,3,-3.0,0,0,SMALL_SAMPLE,SMALL_SAMPLE_NO_EDGE_CLAIM
ASIAN_HANDICAP,I1,2023/24,1_50_1_74,AH_0,NOT_FT_OVER25,HOME,LT_100,1,1,1,1.0,1.7,0.7,0,0.0,0,0,SMALL_SAMPLE,SMALL_SAMPLE_NO_EDGE_CLAIM
ASIAN_HANDICAP,I1,2023/24,1_50_1_74,AH_0_25,NOT_FT_OVER25,AWAY,LT_100,5,5,2,0.4,1.714,-0.284,3,-2.5,0,0,SMALL_SAMPLE,SMALL_SAMPLE_NO_EDGE_CLAIM
ASIAN_HANDICAP,I1,2023/24,1_50_1_74,AH_0_25,NOT_FT_OVER25,HOME,LT_100,7,7,4,0.571429,1.7,-0.056429,2,-2.0,0,0,SMALL_SAMPLE,SMALL_SAMPLE_NO_EDGE_CLAIM
ASIAN_HANDICAP,I1,2023/24,1_50_1_74,AH_0_50,NOT_FT_OVER25,HOME,LT_100,1,1,1,1.0,1.73,0.73,0,0.0,0,0,SMALL_SAMPLE,SMALL_SAMPLE_NO_EDGE_CLAIM
ASIAN_HANDICAP,I1,2023/24,1_50_1_74,AH_0_75,NOT_FT_OVER25,HOME,LT_100,1,1,1,1.0,1.73,0.365,0,0.0,0,0,SMALL_SAMPLE,SMALL_SAMPLE_NO_EDGE_CLAIM
ASIAN_HANDICAP,I1,2023/24,1_50_1_74,AH_1_00,NOT_FT_OVER25,HOME,LT_100,2,2,0,0.0,1.715,0.0,0,0.0,0,0,SMALL_SAMPLE,SMALL_SAMPLE_NO_EDGE_CLAIM
ASIAN_HANDICAP,I1,2023/24,1_50_1_74,AH_1_25_1_50,NOT_FT_OVER25,HOME,LT_100,1,1,1,1.0,1.73,0.73,0,0.0,0,0,SMALL_SAMPLE,SMALL_SAMPLE_NO_EDGE_CLAIM
ASIAN_HANDICAP,I1,2023/24,1_75_1_99,AH_0,NOT_FT_OVER25,AWAY,LT_100,24,24,8,0.333333,1.892917,0.037083,2,-3.0,0,0,SMALL_SAMPLE,SMALL_SAMPLE_NO_EDGE_CLAIM
ASIAN_HANDICAP,I1,2023/24,1_75_1_99,AH_0,NOT_FT_OVER25,HOME,LT_100,28,28,10,0.357143,1.89,0.098929,1,-2.0,0,0,SMALL_SAMPLE,SMALL_SAMPLE_NO_EDGE_CLAIM
ASIAN_HANDICAP,I1,2023/24,1_75_1_99,AH_0_25,NOT_FT_OVER25,AWAY,LT_100,59,59,34,0.576271,1.891695,0.009746,4,-5.925,0,0,SMALL_SAMPLE,SMALL_SAMPLE_NO_EDGE_CLAIM
ASIAN_HANDICAP,I1,2023/24,1_75_1_99,AH_0_25,NOT_FT_OVER25,HOME,LT_100,67,67,32,0.477612,1.888209,-0.022313,5,-7.53,0,0,SMALL_SAMPLE,SMALL_SAMPLE_NO_EDGE_CLAIM
ASIAN_HANDICAP,I1,2023/24,1_75_1_99,AH_0_50,NOT_FT_OVER25,AWAY,LT_100,39,39,18,0.461538,1.905897,-0.117179,4,-6.3,0,0,SMALL_SAMPLE,SMALL_SAMPLE_NO_EDGE_CLAIM
ASIAN_HANDICAP,I1,2023/24,1_75_1_99,AH_0_50,NOT_FT_OVER25,HOME,LT_100,38,38,15,0.394737,1.901579,-0.246053,4,-9.35,0,0,SMALL_SAMPLE,SMALL_SAMPLE_NO_EDGE_CLAIM
ASIAN_HANDICAP,I1,2023/24,1_75_1_99,AH_0_75,NOT_FT_OVER25,AWAY,LT_100,32,32,15,0.46875,1.9175,-0.065625,4,-6.26,0,0,SMALL_SAMPLE,SMALL_SAMPLE_NO_EDGE_CLAIM
ASIAN_HANDICAP,I1,2023/24,1_75_1_99,AH_0_75,NOT_FT_OVER25,HOME,LT_100,41,41,18,0.439024,1.901463,-0.143537,7,-6.915,0,0,SMALL_SAMPLE,SMALL_SAMPLE_NO_EDGE_CLAIM
ASIAN_HANDICAP,I1,2023/24,1_75_1_99,AH_1_00,NOT_FT_OVER25,AWAY,LT_100,25,25,11,0.44,1.9196,0.0516,4,-4.0,0,0,SMALL_SAMPLE,SMALL_SAMPLE_NO_EDGE_CLAIM
ASIAN_HANDICAP,I1,2023/24,1_75_1_99,AH_1_00,NOT_FT_OVER25,HOME,LT_100,26,26,8,0.307692,1.899615,-0.182308,5,-5.13,0,0,SMALL_SAMPLE,SMALL_SAMPLE_NO_EDGE_CLAIM
ASIAN_HANDICAP,I1,2023/24,1_75_1_99,AH_1_25_1_50,NOT_FT_OVER25,AWAY,LT_100,30,30,17,0.566667,1.917,0.0285,2,-2.555,0,0,SMALL_SAMPLE,SMALL_SAMPLE_NO_EDGE_CLAIM
ASIAN_HANDICAP,I1,2023/24,1_75_1_99,AH_1_25_1_50,NOT_FT_OVER25,HOME,LT_100,25,25,11,0.44,1.9208,-0.0964,4,-5.55,0,0,SMALL_SAMPLE,SMALL_SAMPLE_NO_EDGE_CLAIM
ASIAN_HANDICAP,I1,2023/24,1_75_1_99,AH_GT_1_50,NOT_FT_OVER25,AWAY,LT_100,10,10,6,0.6,1.919,0.191,2,-2.0,0,0,SMALL_SAMPLE,SMALL_SAMPLE_NO_EDGE_CLAIM
ASIAN_HANDICAP,I1,2023/24,1_75_1_99,AH_GT_1_50,NOT_FT_OVER25,HOME,LT_100,7,7,4,0.571429,1.901429,0.215714,1,-1.05,0,0,SMALL_SAMPLE,SMALL_SAMPLE_NO_EDGE_CLAIM
ASIAN_HANDICAP,I1,2023/24,2_00_2_49,AH_0,NOT_FT_OVER25,AWAY,LT_100,18,18,5,0.277778,2.076667,-0.139444,2,-3.58,0,0,SMALL_SAMPLE,SMALL_SAMPLE_NO_EDGE_CLAIM
ASIAN_HANDICAP,I1,2023/24,2_00_2_49,AH_0,NOT_FT_OVER25,HOME,LT_100,13,13,3,0.230769,2.095385,-0.28,3,-4.87,0,0,SMALL_SAMPLE,SMALL_SAMPLE_NO_EDGE_CLAIM
ASIAN_HANDICAP,I1,2023/24,2_00_2_49,AH_0_25,NOT_FT_OVER25,AWAY,LT_100,55,55,27,0.490909,2.069455,-0.013818,6,-9.25,0,0,SMALL_SAMPLE,SMALL_SAMPLE_NO_EDGE_CLAIM
ASIAN_HANDICAP,I1,2023/24,2_00_2_49,AH_0_25,NOT_FT_OVER25,HOME,LT_100,45,45,20,0.444444,2.070222,-0.014,3,-3.295,0,0,SMALL_SAMPLE,SMALL_SAMPLE_NO_EDGE_CLAIM
ASIAN_HANDICAP,I1,2023/24,2_00_2_49,AH_0_50,NOT_FT_OVER25,AWAY,LT_100,24,24,15,0.625,2.0625,0.286667,4,-4.99,0,0,SMALL_SAMPLE,SMALL_SAMPLE_NO_EDGE_CLAIM
ASIAN_HANDICAP,I1,2023/24,2_00_2_49,AH_0_50,NOT_FT_OVER25,HOME,LT_100,24,24,14,0.583333,2.0425,0.193333,3,-3.91,0,0,SMALL_SAMPLE,SMALL_SAMPLE_NO_EDGE_CLAIM
ASIAN_HANDICAP,I1,2023/24,2_00_2_49,AH_0_75,NOT_FT_OVER25,AWAY,LT_100,26,26,14,0.538462,2.053846,0.101538,5,-5.0,0,0,SMALL_SAMPLE,SMALL_SAMPLE_NO_EDGE_CLAIM
ASIAN_HANDICAP,I1,2023/24,2_00_2_49,AH_0_75,NOT_FT_OVER25,HOME,LT_100,16,16,10,0.625,2.038125,0.177813,2,-2.0,0,0,SMALL_SAMPLE,SMALL_SAMPLE_NO_EDGE_CLAIM
ASIAN_HANDICAP,I1,2023/24,2_00_2_49,AH_1_00,NOT_FT_OVER25,AWAY,LT_100,16,16,6,0.375,2.06375,0.15,1,-3.0,0,0,SMALL_SAMPLE,SMALL_SAMPLE_NO_EDGE_CLAIM
ASIAN_HANDICAP,I1,2023/24,2_00_2_49,AH_1_00,NOT_FT_OVER25,HOME,LT_100,13,13,5,0.384615,2.044615,0.024615,2,-2.94,0,0,SMALL_SAMPLE,SMALL_SAMPLE_NO_EDGE_CLAIM
ASIAN_HANDICAP,I1,2023/24,2_00_2_49,AH_1_25_1_50,NOT_FT_OVER25,AWAY,LT_100,14,14,7,0.5,2.025,-0.098929,2,-2.925,0,0,SMALL_SAMPLE,SMALL_SAMPLE_NO_EDGE_CLAIM
ASIAN_HANDICAP,I1,2023/24,2_00_2_49,AH_1_25_1_50,NOT_FT_OVER25,HOME,LT_100,18,18,8,0.444444,2.035,0.013889,4,-3.99,0,0,SMALL_SAMPLE,SMALL_SAMPLE_NO_EDGE_CLAIM
ASIAN_HANDICAP,I1,2023/24,2_00_2_49,AH_GT_1_50,NOT_FT_OVER25,AWAY,LT_100,3,3,1,0.333333,2.036667,-0.326667,1,-1.0,0,0,SMALL_SAMPLE,SMALL_SAMPLE_NO_EDGE_CLAIM
ASIAN_HANDICAP,I1,2023/24,2_00_2_49,AH_GT_1_50,NOT_FT_OVER25,HOME,LT_100,6,6,1,0.166667,2.045,-0.58,3,-3.48,0,0,SMALL_SAMPLE,SMALL_SAMPLE_NO_EDGE_CLAIM
ASIAN_HANDICAP,I1,2024/25,1_50_1_74,AH_0,NOT_FT_OVER25,AWAY,LT_100,1,1,0,0.0,1.7,-1.0,1,-1.0,0,0,SMALL_SAMPLE,SMALL_SAMPLE_NO_EDGE_CLAIM
ASIAN_HANDICAP,I1,2024/25,1_50_1_74,AH_0,NOT_FT_OVER25,HOME,LT_100,2,2,1,0.5,1.69,0.35,0,0.0,0,0,SMALL_SAMPLE,SMALL_SAMPLE_NO_EDGE_CLAIM
ASIAN_HANDICAP,I1,2024/25,1_50_1_74,AH_0_25,NOT_FT_OVER25,AWAY,LT_100,3,3,3,1.0,1.683333,0.455,0,0.0,0,0,SMALL_SAMPLE,SMALL_SAMPLE_NO_EDGE_CLAIM
ASIAN_HANDICAP,I1,2024/25,1_50_1_74,AH_0_25,NOT_FT_OVER25,HOME,LT_100,3,3,1,0.333333,1.703333,-0.55,2,-2.0,0,0,SMALL_SAMPLE,SMALL_SAMPLE_NO_EDGE_CLAIM
ASIAN_HANDICAP,I1,2024/25,1_50_1_74,AH_0_50,NOT_FT_OVER25,AWAY,LT_100,1,1,0,0.0,1.73,-1.0,1,-1.0,0,0,SMALL_SAMPLE,SMALL_SAMPLE_NO_EDGE_CLAIM
ASIAN_HANDICAP,I1,2024/25,1_50_1_74,AH_0_50,NOT_FT_OVER25,HOME,LT_100,2,2,1,0.5,1.73,-0.135,1,-1.0,0,0,SMALL_SAMPLE,SMALL_SAMPLE_NO_EDGE_CLAIM
ASIAN_HANDICAP,I1,2024/25,1_50_1_74,AH_1_25_1_50,NOT_FT_OVER25,AWAY,LT_100,1,1,0,0.0,1.72,-1.0,1,-1.0,0,0,SMALL_SAMPLE,SMALL_SAMPLE_NO_EDGE_CLAIM
ASIAN_HANDICAP,I1,2024/25,1_75_1_99,AH_0,NOT_FT_OVER25,AWAY,LT_100,20,20,6,0.3,1.884,0.013,2,-2.0,0,0,SMALL_SAMPLE,SMALL_SAMPLE_NO_EDGE_CLAIM
ASIAN_HANDICAP,I1,2024/25,1_75_1_99,AH_0,NOT_FT_OVER25,HOME,LT_100,24,24,11,0.458333,1.872083,0.0225,3,-5.0,0,0,SMALL_SAMPLE,SMALL_SAMPLE_NO_EDGE_CLAIM
ASIAN_HANDICAP,I1,2024/25,1_75_1_99,AH_0_25,NOT_FT_OVER25,AWAY,LT_100,61,61,38,0.622951,1.891803,0.095082,3,-3.1,0,0,SMALL_SAMPLE,SMALL_SAMPLE_NO_EDGE_CLAIM
ASIAN_HANDICAP,I1,2024/25,1_75_1_99,AH_0_25,NOT_FT_OVER25,HOME,LT_100,56,56,26,0.464286,1.89625,-0.096429,4,-11.96,0,0,SMALL_SAMPLE,SMALL_SAMPLE_NO_EDGE_CLAIM
ASIAN_HANDICAP,I1,2024/25,1_75_1_99,AH_0_50,NOT_FT_OVER25,AWAY,LT_100,40,40,23,0.575,1.9155,0.0945,3,-5.67,0,0,SMALL_SAMPLE,SMALL_SAMPLE_NO_EDGE_CLAIM
ASIAN_HANDICAP,I1,2024/25,1_75_1_99,AH_0_50,NOT_FT_OVER25,HOME,LT_100,45,45,26,0.577778,1.892889,0.091778,4,-4.0,0,0,SMALL_SAMPLE,SMALL_SAMPLE_NO_EDGE_CLAIM
ASIAN_HANDICAP,I1,2024/25,1_75_1_99,AH_0_75,NOT_FT_OVER25,AWAY,LT_100,44,44,25,0.568182,1.896364,0.131705,3,-3.285,0,0,SMALL_SAMPLE,SMALL_SAMPLE_NO_EDGE_CLAIM
ASIAN_HANDICAP,I1,2024/25,1_75_1_99,AH_0_75,NOT_FT_OVER25,HOME,LT_100,32,32,8,0.25,1.898438,-0.415156,7,-13.285,0,0,SMALL_SAMPLE,SMALL_SAMPLE_NO_EDGE_CLAIM
ASIAN_HANDICAP,I1,2024/25,1_75_1_99,AH_1_00,NOT_FT_OVER25,AWAY,LT_100,19,19,7,0.368421,1.905789,0.09,2,-3.0,0,0,SMALL_SAMPLE,SMALL_SAMPLE_NO_EDGE_CLAIM
ASIAN_HANDICAP,I1,2024/25,1_75_1_99,AH_1_00,NOT_FT_OVER25,HOME,LT_100,28,28,7,0.25,1.877857,-0.214643,3,-6.01,0,0,SMALL_SAMPLE,SMALL_SAMPLE_NO_EDGE_CLAIM
ASIAN_HANDICAP,I1,2024/25,1_75_1_99,AH_1_25_1_50,NOT_FT_OVER25,AWAY,LT_100,31,31,18,0.580645,1.893548,0.028548,4,-4.13,0,0,SMALL_SAMPLE,SMALL_SAMPLE_NO_EDGE_CLAIM
ASIAN_HANDICAP,I1,2024/25,1_75_1_99,AH_1_25_1_50,NOT_FT_OVER25,HOME,LT_100,34,34,18,0.529412,1.878824,-0.001176,3,-6.05,0,0,SMALL_SAMPLE,SMALL_SAMPLE_NO_EDGE_CLAIM
ASIAN_HANDICAP,I1,2024/25,1_75_1_99,AH_GT_1_50,NOT_FT_OVER25,AWAY,LT_100,9,9,5,0.555556,1.89,0.208889,2,-2.0,0,0,SMALL_SAMPLE,SMALL_SAMPLE_NO_EDGE_CLAIM
ASIAN_HANDICAP,I1,2024/25,1_75_1_99,AH_GT_1_50,NOT_FT_OVER25,HOME,LT_100,9,9,4,0.444444,1.88,-0.19,2,-3.565,0,0,SMALL_SAMPLE,SMALL_SAMPLE_NO_EDGE_CLAIM
ASIAN_HANDICAP,I1,2024/25,2_00_2_49,AH_0,NOT_FT_OVER25,AWAY,LT_100,21,21,7,0.333333,2.079048,-0.120476,4,-6.87,0,0,SMALL_SAMPLE,SMALL_SAMPLE_NO_EDGE_CLAIM
ASIAN_HANDICAP,I1,2024/25,2_00_2_49,AH_0,NOT_FT_OVER25,HOME,LT_100,16,16,4,0.25,2.068125,0.0225,2,-2.0,0,0,SMALL_SAMPLE,SMALL_SAMPLE_NO_EDGE_CLAIM
ASIAN_HANDICAP,I1,2024/25,2_00_2_49,AH_0_25,NOT_FT_OVER25,AWAY,LT_100,36,36,19,0.527778,2.064722,0.1125,5,-4.49,0,0,SMALL_SAMPLE,SMALL_SAMPLE_NO_EDGE_CLAIM
ASIAN_HANDICAP,I1,2024/25,2_00_2_49,AH_0_25,NOT_FT_OVER25,HOME,LT_100,41,41,13,0.317073,2.070488,-0.215732,7,-12.055,0,0,SMALL_SAMPLE,SMALL_SAMPLE_NO_EDGE_CLAIM
ASIAN_HANDICAP,I1,2024/25,2_00_2_49,AH_0_50,NOT_FT_OVER25,AWAY,LT_100,29,29,11,0.37931,2.048276,-0.224828,4,-8.56,0,0,SMALL_SAMPLE,SMALL_SAMPLE_NO_EDGE_CLAIM
ASIAN_HANDICAP,I1,2024/25,2_00_2_49,AH_0_50,NOT_FT_OVER25,HOME,LT_100,23,23,9,0.391304,2.045217,-0.204348,8,-8.0,0,0,SMALL_SAMPLE,SMALL_SAMPLE_NO_EDGE_CLAIM
ASIAN_HANDICAP,I1,2024/25,2_00_2_49,AH_0_75,NOT_FT_OVER25,AWAY,LT_100,16,16,12,0.75,2.053125,0.441875,1,-1.0,0,0,SMALL_SAMPLE,SMALL_SAMPLE_NO_EDGE_CLAIM
ASIAN_HANDICAP,I1,2024/25,2_00_2_49,AH_0_75,NOT_FT_OVER25,HOME,LT_100,28,28,15,0.535714,2.045357,-0.050714,3,-4.395,0,0,SMALL_SAMPLE,SMALL_SAMPLE_NO_EDGE_CLAIM
ASIAN_HANDICAP,I1,2024/25,2_00_2_49,AH_1_00,NOT_FT_OVER25,AWAY,LT_100,21,21,7,0.333333,2.047143,0.01381,2,-4.0,0,0,SMALL_SAMPLE,SMALL_SAMPLE_NO_EDGE_CLAIM
ASIAN_HANDICAP,I1,2024/25,2_00_2_49,AH_1_00,NOT_FT_OVER25,HOME,LT_100,12,12,5,0.416667,2.053333,0.275833,1,-1.0,0,0,SMALL_SAMPLE,SMALL_SAMPLE_NO_EDGE_CLAIM
ASIAN_HANDICAP,I1,2024/25,2_00_2_49,AH_1_25_1_50,NOT_FT_OVER25,AWAY,LT_100,22,22,10,0.454545,2.045909,-0.066591,4,-4.47,0,0,SMALL_SAMPLE,SMALL_SAMPLE_NO_EDGE_CLAIM
ASIAN_HANDICAP,I1,2024/25,2_00_2_49,AH_1_25_1_50,NOT_FT_OVER25,HOME,LT_100,20,20,8,0.4,2.059,-0.053,3,-2.95,0,0,SMALL_SAMPLE,SMALL_SAMPLE_NO_EDGE_CLAIM
ASIAN_HANDICAP,I1,2024/25,2_00_2_49,AH_GT_1_50,NOT_FT_OVER25,AWAY,LT_100,5,5,2,0.4,2.05,0.216,1,-0.5,0,0,SMALL_SAMPLE,SMALL_SAMPLE_NO_EDGE_CLAIM
ASIAN_HANDICAP,I1,2024/25,2_00_2_49,AH_GT_1_50,NOT_FT_OVER25,HOME,LT_100,5,5,1,0.2,2.046,-0.39,3,-3.0,0,0,SMALL_SAMPLE,SMALL_SAMPLE_NO_EDGE_CLAIM
ASIAN_HANDICAP,N1,2020/21,1_50_1_74,AH_0,NOT_FT_OVER25,HOME,LT_100,1,1,0,0.0,1.7,-1.0,1,-1.0,0,0,SMALL_SAMPLE,SMALL_SAMPLE_NO_EDGE_CLAIM
ASIAN_HANDICAP,N1,2020/21,1_50_1_74,AH_0_25,NOT_FT_OVER25,AWAY,LT_100,1,1,1,1.0,1.73,0.365,0,0.0,0,0,SMALL_SAMPLE,SMALL_SAMPLE_NO_EDGE_CLAIM
ASIAN_HANDICAP,N1,2020/21,1_50_1_74,AH_0_25,NOT_FT_OVER25,HOME,LT_100,1,1,1,1.0,1.7,0.7,0,0.0,0,0,SMALL_SAMPLE,SMALL_SAMPLE_NO_EDGE_CLAIM
ASIAN_HANDICAP,N1,2020/21,1_50_1_74,AH_0_75,NOT_FT_OVER25,AWAY,LT_100,1,1,0,0.0,1.73,-1.0,1,-1.0,0,0,SMALL_SAMPLE,SMALL_SAMPLE_NO_EDGE_CLAIM
ASIAN_HANDICAP,N1,2020/21,1_50_1_74,AH_1_00,NOT_FT_OVER25,AWAY,LT_100,2,2,0,0.0,1.73,0.0,0,0.0,0,0,SMALL_SAMPLE,SMALL_SAMPLE_NO_EDGE_CLAIM
ASIAN_HANDICAP,N1,2020/21,1_50_1_74,AH_1_00,NOT_FT_OVER25,HOME,LT_100,2,2,0,0.0,1.73,-0.5,1,-1.0,0,0,SMALL_SAMPLE,SMALL_SAMPLE_NO_EDGE_CLAIM
ASIAN_HANDICAP,N1,2020/21,1_50_1_74,AH_GT_1_50,NOT_FT_OVER25,HOME,LT_100,1,1,0,0.0,1.68,-1.0,1,-1.0,0,0,SMALL_SAMPLE,SMALL_SAMPLE_NO_EDGE_CLAIM
ASIAN_HANDICAP,N1,2020/21,1_75_1_99,AH_0,NOT_FT_OVER25,AWAY,LT_100,18,18,7,0.388889,1.905,0.186667,1,-2.06,0,0,SMALL_SAMPLE,SMALL_SAMPLE_NO_EDGE_CLAIM
ASIAN_HANDICAP,N1,2020/21,1_75_1_99,AH_0,NOT_FT_OVER25,HOME,LT_100,11,11,1,0.090909,1.937273,-0.455455,3,-5.01,0,0,SMALL_SAMPLE,SMALL_SAMPLE_NO_EDGE_CLAIM
ASIAN_HANDICAP,N1,2020/21,1_75_1_99,AH_0_25,NOT_FT_OVER25,AWAY,LT_100,44,44,19,0.431818,1.9075,-0.138409,4,-9.87,0,0,SMALL_SAMPLE,SMALL_SAMPLE_NO_EDGE_CLAIM
ASIAN_HANDICAP,N1,2020/21,1_75_1_99,AH_0_25,NOT_FT_OVER25,HOME,LT_100,50,50,31,0.62,1.8898,0.16,3,-5.865,0,0,SMALL_SAMPLE,SMALL_SAMPLE_NO_EDGE_CLAIM
ASIAN_HANDICAP,N1,2020/21,1_75_1_99,AH_0_50,NOT_FT_OVER25,AWAY,LT_100,32,32,16,0.5,1.90375,-0.035312,5,-5.0,0,0,SMALL_SAMPLE,SMALL_SAMPLE_NO_EDGE_CLAIM
ASIAN_HANDICAP,N1,2020/21,1_75_1_99,AH_0_50,NOT_FT_OVER25,HOME,LT_100,31,31,11,0.354839,1.907097,-0.325161,8,-12.74,0,0,SMALL_SAMPLE,SMALL_SAMPLE_NO_EDGE_CLAIM
ASIAN_HANDICAP,N1,2020/21,1_75_1_99,AH_0_75,NOT_FT_OVER25,AWAY,LT_100,23,23,12,0.521739,1.901739,0.04413,4,-3.64,0,0,SMALL_SAMPLE,SMALL_SAMPLE_NO_EDGE_CLAIM
ASIAN_HANDICAP,N1,2020/21,1_75_1_99,AH_0_75,NOT_FT_OVER25,HOME,LT_100,28,28,10,0.357143,1.902857,-0.28375,7,-10.88,0,0,SMALL_SAMPLE,SMALL_SAMPLE_NO_EDGE_CLAIM
ASIAN_HANDICAP,N1,2020/21,1_75_1_99,AH_1_00,NOT_FT_OVER25,AWAY,LT_100,24,24,9,0.375,1.89,-0.07625,2,-4.37,0,0,SMALL_SAMPLE,SMALL_SAMPLE_NO_EDGE_CLAIM
ASIAN_HANDICAP,N1,2020/21,1_75_1_99,AH_1_00,NOT_FT_OVER25,HOME,LT_100,21,21,7,0.333333,1.89619,-0.03,2,-3.16,0,0,SMALL_SAMPLE,SMALL_SAMPLE_NO_EDGE_CLAIM
ASIAN_HANDICAP,N1,2020/21,1_75_1_99,AH_1_25_1_50,NOT_FT_OVER25,AWAY,LT_100,28,28,14,0.5,1.887143,-0.077679,4,-8.51,0,0,SMALL_SAMPLE,SMALL_SAMPLE_NO_EDGE_CLAIM
ASIAN_HANDICAP,N1,2020/21,1_75_1_99,AH_1_25_1_50,NOT_FT_OVER25,HOME,LT_100,23,23,9,0.391304,1.903043,-0.255217,4,-6.73,0,0,SMALL_SAMPLE,SMALL_SAMPLE_NO_EDGE_CLAIM
ASIAN_HANDICAP,N1,2020/21,1_75_1_99,AH_GT_1_50,NOT_FT_OVER25,AWAY,LT_100,29,29,17,0.586207,1.897241,0.15431,3,-3.01,0,0,SMALL_SAMPLE,SMALL_SAMPLE_NO_EDGE_CLAIM
ASIAN_HANDICAP,N1,2020/21,1_75_1_99,AH_GT_1_50,NOT_FT_OVER25,HOME,LT_100,32,32,14,0.4375,1.902813,-0.056406,3,-3.82,0,0,SMALL_SAMPLE,SMALL_SAMPLE_NO_EDGE_CLAIM
ASIAN_HANDICAP,N1,2020/21,2_00_2_49,AH_0,NOT_FT_OVER25,AWAY,LT_100,3,3,3,1.0,2.066667,1.066667,0,0.0,0,0,SMALL_SAMPLE,SMALL_SAMPLE_NO_EDGE_CLAIM
ASIAN_HANDICAP,N1,2020/21,2_00_2_49,AH_0,NOT_FT_OVER25,HOME,LT_100,9,9,2,0.222222,2.022222,-0.101111,2,-3.0,0,0,SMALL_SAMPLE,SMALL_SAMPLE_NO_EDGE_CLAIM
ASIAN_HANDICAP,N1,2020/21,2_00_2_49,AH_0_25,NOT_FT_OVER25,AWAY,LT_100,27,27,10,0.37037,2.046296,-0.247222,7,-8.445,0,0,SMALL_SAMPLE,SMALL_SAMPLE_NO_EDGE_CLAIM
ASIAN_HANDICAP,N1,2020/21,2_00_2_49,AH_0_25,NOT_FT_OVER25,HOME,LT_100,21,21,10,0.47619,2.048095,-0.02881,3,-3.43,0,0,SMALL_SAMPLE,SMALL_SAMPLE_NO_EDGE_CLAIM
ASIAN_HANDICAP,N1,2020/21,2_00_2_49,AH_0_50,NOT_FT_OVER25,AWAY,LT_100,15,15,8,0.533333,2.033333,0.084,3,-3.0,0,0,SMALL_SAMPLE,SMALL_SAMPLE_NO_EDGE_CLAIM
ASIAN_HANDICAP,N1,2020/21,2_00_2_49,AH_0_50,NOT_FT_OVER25,HOME,LT_100,16,16,12,0.75,2.034375,0.524375,2,-2.0,0,0,SMALL_SAMPLE,SMALL_SAMPLE_NO_EDGE_CLAIM
ASIAN_HANDICAP,N1,2020/21,2_00_2_49,AH_0_75,NOT_FT_OVER25,AWAY,LT_100,16,16,10,0.625,2.0325,0.2075,2,-2.0,0,0,SMALL_SAMPLE,SMALL_SAMPLE_NO_EDGE_CLAIM
ASIAN_HANDICAP,N1,2020/21,2_00_2_49,AH_0_75,NOT_FT_OVER25,HOME,LT_100,12,12,8,0.666667,2.035833,0.270417,1,-1.0,0,0,SMALL_SAMPLE,SMALL_SAMPLE_NO_EDGE_CLAIM
ASIAN_HANDICAP,N1,2020/21,2_00_2_49,AH_1_00,NOT_FT_OVER25,AWAY,LT_100,13,13,4,0.307692,2.042308,0.088462,2,-3.0,0,0,SMALL_SAMPLE,SMALL_SAMPLE_NO_EDGE_CLAIM
ASIAN_HANDICAP,N1,2020/21,2_00_2_49,AH_1_00,NOT_FT_OVER25,HOME,LT_100,16,16,6,0.375,2.041875,0.078125,2,-2.0,0,0,SMALL_SAMPLE,SMALL_SAMPLE_NO_EDGE_CLAIM
ASIAN_HANDICAP,N1,2020/21,2_00_2_49,AH_1_25_1_50,NOT_FT_OVER25,AWAY,LT_100,12,12,7,0.583333,2.024167,0.1775,1,-1.0,0,0,SMALL_SAMPLE,SMALL_SAMPLE_NO_EDGE_CLAIM
ASIAN_HANDICAP,N1,2020/21,2_00_2_49,AH_1_25_1_50,NOT_FT_OVER25,HOME,LT_100,17,17,10,0.588235,2.034118,0.253529,3,-2.5,0,0,SMALL_SAMPLE,SMALL_SAMPLE_NO_EDGE_CLAIM
ASIAN_HANDICAP,N1,2020/21,2_00_2_49,AH_GT_1_50,NOT_FT_OVER25,AWAY,LT_100,17,17,6,0.352941,2.039412,-0.219706,4,-6.485,0,0,SMALL_SAMPLE,SMALL_SAMPLE_NO_EDGE_CLAIM
ASIAN_HANDICAP,N1,2020/21,2_00_2_49,AH_GT_1_50,NOT_FT_OVER25,HOME,LT_100,13,13,6,0.461538,2.033077,-0.028462,2,-2.0,0,0,SMALL_SAMPLE,SMALL_SAMPLE_NO_EDGE_CLAIM
ASIAN_HANDICAP,N1,2020/21,3_50_4_99,AH_GT_1_50,NOT_FT_OVER25,HOME,LT_100,1,1,1,1.0,4.65,3.65,0,0.0,0,0,SMALL_SAMPLE,SMALL_SAMPLE_NO_EDGE_CLAIM
ASIAN_HANDICAP,N1,2020/21,LT_1_50,AH_GT_1_50,NOT_FT_OVER25,AWAY,LT_100,1,1,0,0.0,1.18,-1.0,1,-1.0,0,0,SMALL_SAMPLE,SMALL_SAMPLE_NO_EDGE_CLAIM
ASIAN_HANDICAP,N1,2021/22,1_50_1_74,AH_0,NOT_FT_OVER25,AWAY,LT_100,1,1,0,0.0,1.7,0.0,0,0.0,0,0,SMALL_SAMPLE,SMALL_SAMPLE_NO_EDGE_CLAIM
ASIAN_HANDICAP,N1,2021/22,1_50_1_74,AH_0_25,NOT_FT_OVER25,AWAY,LT_100,1,1,1,1.0,1.73,0.365,0,0.0,0,0,SMALL_SAMPLE,SMALL_SAMPLE_NO_EDGE_CLAIM
ASIAN_HANDICAP,N1,2021/22,1_50_1_74,AH_0_25,NOT_FT_OVER25,HOME,LT_100,1,1,0,0.0,1.73,-0.5,1,-0.5,0,0,SMALL_SAMPLE,SMALL_SAMPLE_NO_EDGE_CLAIM
ASIAN_HANDICAP,N1,2021/22,1_50_1_74,AH_0_50,NOT_FT_OVER25,AWAY,LT_100,1,1,0,0.0,1.7,-1.0,1,-1.0,0,0,SMALL_SAMPLE,SMALL_SAMPLE_NO_EDGE_CLAIM
ASIAN_HANDICAP,N1,2021/22,1_50_1_74,AH_0_50,NOT_FT_OVER25,HOME,LT_100,2,2,0,0.0,1.73,-1.0,2,-2.0,0,0,SMALL_SAMPLE,SMALL_SAMPLE_NO_EDGE_CLAIM
ASIAN_HANDICAP,N1,2021/22,1_50_1_74,AH_1_00,NOT_FT_OVER25,HOME,LT_100,1,1,1,1.0,1.73,0.73,0,0.0,0,0,SMALL_SAMPLE,SMALL_SAMPLE_NO_EDGE_CLAIM
ASIAN_HANDICAP,N1,2021/22,1_50_1_74,AH_1_25_1_50,NOT_FT_OVER25,AWAY,LT_100,1,1,1,1.0,1.7,0.7,0,0.0,0,0,SMALL_SAMPLE,SMALL_SAMPLE_NO_EDGE_CLAIM
ASIAN_HANDICAP,N1,2021/22,1_50_1_74,AH_1_25_1_50,NOT_FT_OVER25,HOME,LT_100,2,2,1,0.5,1.73,-0.0675,1,-0.5,0,0,SMALL_SAMPLE,SMALL_SAMPLE_NO_EDGE_CLAIM
ASIAN_HANDICAP,N1,2021/22,1_50_1_74,AH_GT_1_50,NOT_FT_OVER25,HOME,LT_100,3,3,0,0.0,1.693333,-0.5,2,-1.5,0,0,SMALL_SAMPLE,SMALL_SAMPLE_NO_EDGE_CLAIM
ASIAN_HANDICAP,N1,2021/22,1_75_1_99,AH_0,NOT_FT_OVER25,AWAY,LT_100,19,19,8,0.421053,1.896842,-0.104737,3,-3.49,0,0,SMALL_SAMPLE,SMALL_SAMPLE_NO_EDGE_CLAIM
ASIAN_HANDICAP,N1,2021/22,1_75_1_99,AH_0,NOT_FT_OVER25,HOME,LT_100,31,31,8,0.258065,1.870645,-0.24871,7,-11.3,0,0,SMALL_SAMPLE,SMALL_SAMPLE_NO_EDGE_CLAIM
ASIAN_HANDICAP,N1,2021/22,1_75_1_99,AH_0_25,NOT_FT_OVER25,AWAY,LT_100,41,41,19,0.463415,1.894146,-0.143049,7,-8.89,0,0,SMALL_SAMPLE,SMALL_SAMPLE_NO_EDGE_CLAIM
ASIAN_HANDICAP,N1,2021/22,1_75_1_99,AH_0_25,NOT_FT_OVER25,HOME,LT_100,42,42,19,0.452381,1.885714,-0.070595,4,-7.985,0,0,SMALL_SAMPLE,SMALL_SAMPLE_NO_EDGE_CLAIM
ASIAN_HANDICAP,N1,2021/22,1_75_1_99,AH_0_50,NOT_FT_OVER25,AWAY,LT_100,34,34,17,0.5,1.895,-0.06,7,-7.07,0,0,SMALL_SAMPLE,SMALL_SAMPLE_NO_EDGE_CLAIM
ASIAN_HANDICAP,N1,2021/22,1_75_1_99,AH_0_50,NOT_FT_OVER25,HOME,LT_100,34,34,18,0.529412,1.906765,0.011176,4,-5.09,0,0,SMALL_SAMPLE,SMALL_SAMPLE_NO_EDGE_CLAIM
ASIAN_HANDICAP,N1,2021/22,1_75_1_99,AH_0_75,NOT_FT_OVER25,AWAY,LT_100,20,20,10,0.5,1.913,0.02675,5,-3.5,0,0,SMALL_SAMPLE,SMALL_SAMPLE_NO_EDGE_CLAIM
ASIAN_HANDICAP,N1,2021/22,1_75_1_99,AH_0_75,NOT_FT_OVER25,HOME,LT_100,21,21,12,0.571429,1.914286,0.004048,4,-4.01,0,0,SMALL_SAMPLE,SMALL_SAMPLE_NO_EDGE_CLAIM
ASIAN_HANDICAP,N1,2021/22,1_75_1_99,AH_1_00,NOT_FT_OVER25,AWAY,LT_100,14,14,3,0.214286,1.912857,-0.012143,1,-2.0,0,0,SMALL_SAMPLE,SMALL_SAMPLE_NO_EDGE_CLAIM
ASIAN_HANDICAP,N1,2021/22,1_75_1_99,AH_1_00,NOT_FT_OVER25,HOME,LT_100,15,15,6,0.4,1.875333,-0.053333,4,-4.0,0,0,SMALL_SAMPLE,SMALL_SAMPLE_NO_EDGE_CLAIM
ASIAN_HANDICAP,N1,2021/22,1_75_1_99,AH_1_25_1_50,NOT_FT_OVER25,AWAY,LT_100,21,21,11,0.52381,1.898095,0.019286,4,-4.69,0,0,SMALL_SAMPLE,SMALL_SAMPLE_NO_EDGE_CLAIM
ASIAN_HANDICAP,N1,2021/22,1_75_1_99,AH_1_25_1_50,NOT_FT_OVER25,HOME,LT_100,23,23,9,0.391304,1.893043,-0.203478,6,-10.11,0,0,SMALL_SAMPLE,SMALL_SAMPLE_NO_EDGE_CLAIM
ASIAN_HANDICAP,N1,2021/22,1_75_1_99,AH_GT_1_50,NOT_FT_OVER25,AWAY,LT_100,34,34,14,0.411765,1.919118,-0.099853,5,-6.22,0,0,SMALL_SAMPLE,SMALL_SAMPLE_NO_EDGE_CLAIM
ASIAN_HANDICAP,N1,2021/22,1_75_1_99,AH_GT_1_50,NOT_FT_OVER25,HOME,LT_100,42,42,18,0.428571,1.880714,0.017262,3,-4.385,0,0,SMALL_SAMPLE,SMALL_SAMPLE_NO_EDGE_CLAIM
ASIAN_HANDICAP,N1,2021/22,2_00_2_49,AH_0,NOT_FT_OVER25,AWAY,LT_100,22,22,12,0.545455,2.055,0.394091,3,-3.0,0,0,SMALL_SAMPLE,SMALL_SAMPLE_NO_EDGE_CLAIM
ASIAN_HANDICAP,N1,2021/22,2_00_2_49,AH_0,NOT_FT_OVER25,HOME,LT_100,11,11,5,0.454545,2.057273,0.02,2,-2.0,0,0,SMALL_SAMPLE,SMALL_SAMPLE_NO_EDGE_CLAIM
ASIAN_HANDICAP,N1,2021/22,2_00_2_49,AH_0_25,NOT_FT_OVER25,AWAY,LT_100,23,23,14,0.608696,2.054348,0.175217,5,-4.5,0,0,SMALL_SAMPLE,SMALL_SAMPLE_NO_EDGE_CLAIM
ASIAN_HANDICAP,N1,2021/22,2_00_2_49,AH_0_25,NOT_FT_OVER25,HOME,LT_100,22,22,12,0.545455,2.056364,0.099318,2,-2.455,0,0,SMALL_SAMPLE,SMALL_SAMPLE_NO_EDGE_CLAIM
ASIAN_HANDICAP,N1,2021/22,2_00_2_49,AH_0_50,NOT_FT_OVER25,AWAY,LT_100,19,19,12,0.631579,2.033684,0.286842,2,-2.0,0,0,SMALL_SAMPLE,SMALL_SAMPLE_NO_EDGE_CLAIM
ASIAN_HANDICAP,N1,2021/22,2_00_2_49,AH_0_50,NOT_FT_OVER25,HOME,LT_100,18,18,7,0.388889,2.046111,-0.198889,7,-7.0,0,0,SMALL_SAMPLE,SMALL_SAMPLE_NO_EDGE_CLAIM
ASIAN_HANDICAP,N1,2021/22,2_00_2_49,AH_0_75,NOT_FT_OVER25,AWAY,LT_100,8,8,4,0.5,2.04375,0.07875,2,-1.5,0,0,SMALL_SAMPLE,SMALL_SAMPLE_NO_EDGE_CLAIM
ASIAN_HANDICAP,N1,2021/22,2_00_2_49,AH_0_75,NOT_FT_OVER25,HOME,LT_100,7,7,2,0.285714,2.041429,-0.418571,2,-2.93,0,0,SMALL_SAMPLE,SMALL_SAMPLE_NO_EDGE_CLAIM
ASIAN_HANDICAP,N1,2021/22,2_00_2_49,AH_1_00,NOT_FT_OVER25,AWAY,LT_100,9,9,4,0.444444,2.046667,-0.088889,2,-2.0,0,0,SMALL_SAMPLE,SMALL_SAMPLE_NO_EDGE_CLAIM
ASIAN_HANDICAP,N1,2021/22,2_00_2_49,AH_1_00,NOT_FT_OVER25,HOME,LT_100,7,7,1,0.142857,2.042857,0.014286,1,-1.0,0,0,SMALL_SAMPLE,SMALL_SAMPLE_NO_EDGE_CLAIM
ASIAN_HANDICAP,N1,2021/22,2_00_2_49,AH_1_25_1_50,NOT_FT_OVER25,AWAY,LT_100,14,14,10,0.714286,2.044286,0.341071,1,-1.46,0,0,SMALL_SAMPLE,SMALL_SAMPLE_NO_EDGE_CLAIM
ASIAN_HANDICAP,N1,2021/22,2_00_2_49,AH_1_25_1_50,NOT_FT_OVER25,HOME,LT_100,11,11,4,0.363636,2.038182,-0.269091,6,-5.5,0,0,SMALL_SAMPLE,SMALL_SAMPLE_NO_EDGE_CLAIM
ASIAN_HANDICAP,N1,2021/22,2_00_2_49,AH_GT_1_50,NOT_FT_OVER25,AWAY,LT_100,23,23,9,0.391304,2.056522,-0.112391,4,-3.86,0,0,SMALL_SAMPLE,SMALL_SAMPLE_NO_EDGE_CLAIM
ASIAN_HANDICAP,N1,2021/22,2_00_2_49,AH_GT_1_50,NOT_FT_OVER25,HOME,LT_100,12,12,8,0.666667,2.031667,0.359167,3,-3.0,0,0,SMALL_SAMPLE,SMALL_SAMPLE_NO_EDGE_CLAIM
ASIAN_HANDICAP,N1,2021/22,3_50_4_99,AH_GT_1_50,NOT_FT_OVER25,HOME,LT_100,1,1,1,1.0,4.4,3.4,0,0.0,0,0,SMALL_SAMPLE,SMALL_SAMPLE_NO_EDGE_CLAIM
ASIAN_HANDICAP,N1,2021/22,LT_1_50,AH_GT_1_50,NOT_FT_OVER25,AWAY,LT_100,1,1,0,0.0,1.2,-1.0,1,-1.0,0,0,SMALL_SAMPLE,SMALL_SAMPLE_NO_EDGE_CLAIM
ASIAN_HANDICAP,N1,2022/23,1_50_1_74,AH_0,NOT_FT_OVER25,HOME,LT_100,1,1,0,0.0,1.73,-1.0,1,-1.0,0,0,SMALL_SAMPLE,SMALL_SAMPLE_NO_EDGE_CLAIM
ASIAN_HANDICAP,N1,2022/23,1_50_1_74,AH_0_25,NOT_FT_OVER25,AWAY,LT_100,1,1,1,1.0,1.7,0.7,0,0.0,0,0,SMALL_SAMPLE,SMALL_SAMPLE_NO_EDGE_CLAIM
ASIAN_HANDICAP,N1,2022/23,1_50_1_74,AH_0_25,NOT_FT_OVER25,HOME,LT_100,1,1,1,1.0,1.73,0.365,0,0.0,0,0,SMALL_SAMPLE,SMALL_SAMPLE_NO_EDGE_CLAIM
ASIAN_HANDICAP,N1,2022/23,1_50_1_74,AH_1_00,NOT_FT_OVER25,HOME,LT_100,2,2,0,0.0,1.73,-0.5,1,-1.0,0,0,SMALL_SAMPLE,SMALL_SAMPLE_NO_EDGE_CLAIM
ASIAN_HANDICAP,N1,2022/23,1_50_1_74,AH_1_25_1_50,NOT_FT_OVER25,HOME,LT_100,1,1,1,1.0,1.65,0.65,0,0.0,0,0,SMALL_SAMPLE,SMALL_SAMPLE_NO_EDGE_CLAIM
ASIAN_HANDICAP,N1,2022/23,1_75_1_99,AH_0,NOT_FT_OVER25,AWAY,LT_100,17,17,6,0.352941,1.885294,0.01,2,-2.38,0,0,SMALL_SAMPLE,SMALL_SAMPLE_NO_EDGE_CLAIM
ASIAN_HANDICAP,N1,2022/23,1_75_1_99,AH_0,NOT_FT_OVER25,HOME,LT_100,19,19,10,0.526316,1.872105,0.248947,1,-2.0,0,0,SMALL_SAMPLE,SMALL_SAMPLE_NO_EDGE_CLAIM
ASIAN_HANDICAP,N1,2022/23,1_75_1_99,AH_0_25,NOT_FT_OVER25,AWAY,LT_100,44,44,27,0.613636,1.877273,0.072159,5,-5.12,0,0,SMALL_SAMPLE,SMALL_SAMPLE_NO_EDGE_CLAIM
ASIAN_HANDICAP,N1,2022/23,1_75_1_99,AH_0_25,NOT_FT_OVER25,HOME,LT_100,34,34,17,0.5,1.896765,-0.036765,3,-3.54,0,0,SMALL_SAMPLE,SMALL_SAMPLE_NO_EDGE_CLAIM
ASIAN_HANDICAP,N1,2022/23,1_75_1_99,AH_0_50,NOT_FT_OVER25,AWAY,LT_100,32,32,17,0.53125,1.89625,0.012812,4,-4.29,0,0,SMALL_SAMPLE,SMALL_SAMPLE_NO_EDGE_CLAIM
ASIAN_HANDICAP,N1,2022/23,1_75_1_99,AH_0_50,NOT_FT_OVER25,HOME,LT_100,36,36,15,0.416667,1.900556,-0.207778,5,-10.29,0,0,SMALL_SAMPLE,SMALL_SAMPLE_NO_EDGE_CLAIM
ASIAN_HANDICAP,N1,2022/23,1_75_1_99,AH_0_75,NOT_FT_OVER25,AWAY,LT_100,17,17,7,0.411765,1.91,-0.114118,4,-3.33,0,0,SMALL_SAMPLE,SMALL_SAMPLE_NO_EDGE_CLAIM
ASIAN_HANDICAP,N1,2022/23,1_75_1_99,AH_0_75,NOT_FT_OVER25,HOME,LT_100,25,25,12,0.48,1.8988,-0.0762,3,-4.125,0,0,SMALL_SAMPLE,SMALL_SAMPLE_NO_EDGE_CLAIM
ASIAN_HANDICAP,N1,2022/23,1_75_1_99,AH_1_00,NOT_FT_OVER25,AWAY,LT_100,24,24,11,0.458333,1.894167,0.119167,2,-2.14,0,0,SMALL_SAMPLE,SMALL_SAMPLE_NO_EDGE_CLAIM
ASIAN_HANDICAP,N1,2022/23,1_75_1_99,AH_1_00,NOT_FT_OVER25,HOME,LT_100,17,17,4,0.235294,1.905882,-0.204118,2,-4.42,0,0,SMALL_SAMPLE,SMALL_SAMPLE_NO_EDGE_CLAIM
ASIAN_HANDICAP,N1,2022/23,1_75_1_99,AH_1_25_1_50,NOT_FT_OVER25,AWAY,LT_100,28,28,13,0.464286,1.924286,-0.065536,5,-5.0,0,0,SMALL_SAMPLE,SMALL_SAMPLE_NO_EDGE_CLAIM
ASIAN_HANDICAP,N1,2022/23,1_75_1_99,AH_1_25_1_50,NOT_FT_OVER25,HOME,LT_100,36,36,20,0.555556,1.9025,0.044306,4,-4.205,0,0,SMALL_SAMPLE,SMALL_SAMPLE_NO_EDGE_CLAIM
ASIAN_HANDICAP,N1,2022/23,1_75_1_99,AH_GT_1_50,NOT_FT_OVER25,AWAY,LT_100,38,38,16,0.421053,1.935789,-0.124868,7,-8.03,0,0,SMALL_SAMPLE,SMALL_SAMPLE_NO_EDGE_CLAIM
ASIAN_HANDICAP,N1,2022/23,1_75_1_99,AH_GT_1_50,NOT_FT_OVER25,HOME,LT_100,43,43,23,0.534884,1.91093,0.026512,3,-4.935,0,0,SMALL_SAMPLE,SMALL_SAMPLE_NO_EDGE_CLAIM
ASIAN_HANDICAP,N1,2022/23,2_00_2_49,AH_0,NOT_FT_OVER25,AWAY,LT_100,14,14,3,0.214286,2.062143,-0.266429,3,-7.0,0,0,SMALL_SAMPLE,SMALL_SAMPLE_NO_EDGE_CLAIM
ASIAN_HANDICAP,N1,2022/23,2_00_2_49,AH_0,NOT_FT_OVER25,HOME,LT_100,11,11,2,0.181818,2.055455,-0.173636,2,-2.97,0,0,SMALL_SAMPLE,SMALL_SAMPLE_NO_EDGE_CLAIM
ASIAN_HANDICAP,N1,2022/23,2_00_2_49,AH_0_25,NOT_FT_OVER25,AWAY,LT_100,18,18,7,0.388889,2.055556,-0.149167,4,-5.805,0,0,SMALL_SAMPLE,SMALL_SAMPLE_NO_EDGE_CLAIM
ASIAN_HANDICAP,N1,2022/23,2_00_2_49,AH_0_25,NOT_FT_OVER25,HOME,LT_100,28,28,10,0.357143,2.065,-0.155714,8,-8.29,0,0,SMALL_SAMPLE,SMALL_SAMPLE_NO_EDGE_CLAIM
ASIAN_HANDICAP,N1,2022/23,2_00_2_49,AH_0_50,NOT_FT_OVER25,AWAY,LT_100,18,18,11,0.611111,2.034444,0.236667,3,-3.0,0,0,SMALL_SAMPLE,SMALL_SAMPLE_NO_EDGE_CLAIM
ASIAN_HANDICAP,N1,2022/23,2_00_2_49,AH_0_50,NOT_FT_OVER25,HOME,LT_100,14,14,7,0.5,2.053571,0.024286,5,-5.0,0,0,SMALL_SAMPLE,SMALL_SAMPLE_NO_EDGE_CLAIM
ASIAN_HANDICAP,N1,2022/23,2_00_2_49,AH_0_75,NOT_FT_OVER25,AWAY,LT_100,14,14,8,0.571429,2.037857,0.126429,3,-2.865,0,0,SMALL_SAMPLE,SMALL_SAMPLE_NO_EDGE_CLAIM
ASIAN_HANDICAP,N1,2022/23,2_00_2_49,AH_0_75,NOT_FT_OVER25,HOME,LT_100,6,6,4,0.666667,2.036667,0.195,2,-2.0,0,0,SMALL_SAMPLE,SMALL_SAMPLE_NO_EDGE_CLAIM
ASIAN_HANDICAP,N1,2022/23,2_00_2_49,AH_1_00,NOT_FT_OVER25,AWAY,LT_100,9,9,4,0.444444,2.05,0.242222,2,-2.0,0,0,SMALL_SAMPLE,SMALL_SAMPLE_NO_EDGE_CLAIM
ASIAN_HANDICAP,N1,2022/23,2_00_2_49,AH_1_00,NOT_FT_OVER25,HOME,LT_100,14,14,5,0.357143,2.047143,-0.118571,3,-3.0,0,0,SMALL_SAMPLE,SMALL_SAMPLE_NO_EDGE_CLAIM
ASIAN_HANDICAP,N1,2022/23,2_00_2_49,AH_1_25_1_50,NOT_FT_OVER25,AWAY,LT_100,17,17,6,0.352941,2.047059,-0.280588,4,-5.85,0,0,SMALL_SAMPLE,SMALL_SAMPLE_NO_EDGE_CLAIM
ASIAN_HANDICAP,N1,2022/23,2_00_2_49,AH_1_25_1_50,NOT_FT_OVER25,HOME,LT_100,8,8,5,0.625,2.02875,0.203125,1,-1.485,0,0,SMALL_SAMPLE,SMALL_SAMPLE_NO_EDGE_CLAIM
ASIAN_HANDICAP,N1,2022/23,2_00_2_49,AH_GT_1_50,NOT_FT_OVER25,AWAY,LT_100,15,15,6,0.4,2.036,-0.182,2,-3.89,0,0,SMALL_SAMPLE,SMALL_SAMPLE_NO_EDGE_CLAIM
ASIAN_HANDICAP,N1,2022/23,2_00_2_49,AH_GT_1_50,NOT_FT_OVER25,HOME,LT_100,10,10,7,0.7,2.023,0.418,2,-2.0,0,0,SMALL_SAMPLE,SMALL_SAMPLE_NO_EDGE_CLAIM
ASIAN_HANDICAP,N1,2023/24,1_50_1_74,AH_0_25,NOT_FT_OVER25,AWAY,LT_100,1,1,1,1.0,1.73,0.73,0,0.0,0,0,SMALL_SAMPLE,SMALL_SAMPLE_NO_EDGE_CLAIM
ASIAN_HANDICAP,N1,2023/24,1_50_1_74,AH_0_25,NOT_FT_OVER25,HOME,LT_100,3,3,2,0.666667,1.73,0.031667,1,-1.0,0,0,SMALL_SAMPLE,SMALL_SAMPLE_NO_EDGE_CLAIM
ASIAN_HANDICAP,N1,2023/24,1_50_1_74,AH_0_75,NOT_FT_OVER25,HOME,LT_100,1,1,0,0.0,1.7,-0.5,1,-0.5,0,0,SMALL_SAMPLE,SMALL_SAMPLE_NO_EDGE_CLAIM
ASIAN_HANDICAP,N1,2023/24,1_50_1_74,AH_1_00,NOT_FT_OVER25,HOME,LT_100,1,1,1,1.0,1.73,0.73,0,0.0,0,0,SMALL_SAMPLE,SMALL_SAMPLE_NO_EDGE_CLAIM
ASIAN_HANDICAP,N1,2023/24,1_50_1_74,AH_1_25_1_50,NOT_FT_OVER25,AWAY,LT_100,1,1,0,0.0,1.73,-1.0,1,-1.0,0,0,SMALL_SAMPLE,SMALL_SAMPLE_NO_EDGE_CLAIM
ASIAN_HANDICAP,N1,2023/24,1_50_1_74,AH_1_25_1_50,NOT_FT_OVER25,HOME,LT_100,1,1,0,0.0,1.65,-1.0,1,-1.0,0,0,SMALL_SAMPLE,SMALL_SAMPLE_NO_EDGE_CLAIM
ASIAN_HANDICAP,N1,2023/24,1_50_1_74,AH_GT_1_50,NOT_FT_OVER25,HOME,LT_100,2,2,1,0.5,1.715,-0.15,1,-1.0,0,0,SMALL_SAMPLE,SMALL_SAMPLE_NO_EDGE_CLAIM
ASIAN_HANDICAP,N1,2023/24,1_75_1_99,AH_0,NOT_FT_OVER25,AWAY,LT_100,9,9,6,0.666667,1.913333,0.378889,1,-1.0,0,0,SMALL_SAMPLE,SMALL_SAMPLE_NO_EDGE_CLAIM
ASIAN_HANDICAP,N1,2023/24,1_75_1_99,AH_0,NOT_FT_OVER25,HOME,LT_100,8,8,2,0.25,1.945,-0.26125,2,-2.09,0,0,SMALL_SAMPLE,SMALL_SAMPLE_NO_EDGE_CLAIM
ASIAN_HANDICAP,N1,2023/24,1_75_1_99,AH_0_25,NOT_FT_OVER25,AWAY,LT_100,48,48,26,0.541667,1.897083,-0.01625,3,-4.95,0,0,SMALL_SAMPLE,SMALL_SAMPLE_NO_EDGE_CLAIM
ASIAN_HANDICAP,N1,2023/24,1_75_1_99,AH_0_25,NOT_FT_OVER25,HOME,LT_100,51,51,26,0.509804,1.89098,-0.012353,6,-7.385,0,0,SMALL_SAMPLE,SMALL_SAMPLE_NO_EDGE_CLAIM
ASIAN_HANDICAP,N1,2023/24,1_75_1_99,AH_0_50,NOT_FT_OVER25,AWAY,LT_100,27,27,8,0.296296,1.897778,-0.441852,5,-13.73,0,0,SMALL_SAMPLE,SMALL_SAMPLE_NO_EDGE_CLAIM
ASIAN_HANDICAP,N1,2023/24,1_75_1_99,AH_0_50,NOT_FT_OVER25,HOME,LT_100,26,26,16,0.615385,1.908077,0.182308,3,-3.09,0,0,SMALL_SAMPLE,SMALL_SAMPLE_NO_EDGE_CLAIM
ASIAN_HANDICAP,N1,2023/24,1_75_1_99,AH_0_75,NOT_FT_OVER25,AWAY,LT_100,25,25,15,0.6,1.8872,0.1386,3,-2.97,0,0,SMALL_SAMPLE,SMALL_SAMPLE_NO_EDGE_CLAIM
ASIAN_HANDICAP,N1,2023/24,1_75_1_99,AH_0_75,NOT_FT_OVER25,HOME,LT_100,20,20,9,0.45,1.896,-0.12775,4,-4.68,0,0,SMALL_SAMPLE,SMALL_SAMPLE_NO_EDGE_CLAIM
ASIAN_HANDICAP,N1,2023/24,1_75_1_99,AH_1_00,NOT_FT_OVER25,AWAY,LT_100,19,19,10,0.526316,1.913158,0.065789,3,-4.17,0,0,SMALL_SAMPLE,SMALL_SAMPLE_NO_EDGE_CLAIM
ASIAN_HANDICAP,N1,2023/24,1_75_1_99,AH_1_00,NOT_FT_OVER25,HOME,LT_100,22,22,6,0.272727,1.885455,-0.387727,7,-11.25,0,0,SMALL_SAMPLE,SMALL_SAMPLE_NO_EDGE_CLAIM
ASIAN_HANDICAP,N1,2023/24,1_75_1_99,AH_1_25_1_50,NOT_FT_OVER25,AWAY,LT_100,29,29,15,0.517241,1.910345,0.018966,3,-3.19,0,0,SMALL_SAMPLE,SMALL_SAMPLE_NO_EDGE_CLAIM
ASIAN_HANDICAP,N1,2023/24,1_75_1_99,AH_1_25_1_50,NOT_FT_OVER25,HOME,LT_100,31,31,20,0.645161,1.900323,0.224516,2,-2.05,0,0,SMALL_SAMPLE,SMALL_SAMPLE_NO_EDGE_CLAIM
ASIAN_HANDICAP,N1,2023/24,1_75_1_99,AH_GT_1_50,NOT_FT_OVER25,AWAY,LT_100,43,43,23,0.534884,1.910465,0.083837,2,-4.01,0,0,SMALL_SAMPLE,SMALL_SAMPLE_NO_EDGE_CLAIM
ASIAN_HANDICAP,N1,2023/24,1_75_1_99,AH_GT_1_50,NOT_FT_OVER25,HOME,LT_100,42,42,22,0.52381,1.912381,0.050595,6,-5.435,0,0,SMALL_SAMPLE,SMALL_SAMPLE_NO_EDGE_CLAIM
ASIAN_HANDICAP,N1,2023/24,2_00_2_49,AH_0,NOT_FT_OVER25,AWAY,LT_100,2,2,1,0.5,2.0,0.5,0,0.0,0,0,SMALL_SAMPLE,SMALL_SAMPLE_NO_EDGE_CLAIM
ASIAN_HANDICAP,N1,2023/24,2_00_2_49,AH_0,NOT_FT_OVER25,HOME,LT_100,3,3,0,0.0,2.04,-1.0,3,-3.0,0,0,SMALL_SAMPLE,SMALL_SAMPLE_NO_EDGE_CLAIM
ASIAN_HANDICAP,N1,2023/24,2_00_2_49,AH_0_25,NOT_FT_OVER25,AWAY,LT_100,30,30,14,0.466667,2.051333,0.013,4,-4.83,0,0,SMALL_SAMPLE,SMALL_SAMPLE_NO_EDGE_CLAIM
ASIAN_HANDICAP,N1,2023/24,2_00_2_49,AH_0_25,NOT_FT_OVER25,HOME,LT_100,25,25,10,0.4,2.0604,-0.1428,8,-6.5,0,0,SMALL_SAMPLE,SMALL_SAMPLE_NO_EDGE_CLAIM
ASIAN_HANDICAP,N1,2023/24,2_00_2_49,AH_0_50,NOT_FT_OVER25,AWAY,LT_100,13,13,7,0.538462,2.036154,0.097692,2,-2.0,0,0,SMALL_SAMPLE,SMALL_SAMPLE_NO_EDGE_CLAIM
ASIAN_HANDICAP,N1,2023/24,2_00_2_49,AH_0_50,NOT_FT_OVER25,HOME,LT_100,14,14,9,0.642857,2.042143,0.313571,1,-1.0,0,0,SMALL_SAMPLE,SMALL_SAMPLE_NO_EDGE_CLAIM
ASIAN_HANDICAP,N1,2023/24,2_00_2_49,AH_0_75,NOT_FT_OVER25,AWAY,LT_100,12,12,6,0.5,2.041667,-0.07125,2,-2.0,0,0,SMALL_SAMPLE,SMALL_SAMPLE_NO_EDGE_CLAIM
ASIAN_HANDICAP,N1,2023/24,2_00_2_49,AH_0_75,NOT_FT_OVER25,HOME,LT_100,16,16,7,0.4375,2.0325,-0.112812,3,-3.46,0,0,SMALL_SAMPLE,SMALL_SAMPLE_NO_EDGE_CLAIM
ASIAN_HANDICAP,N1,2023/24,2_00_2_49,AH_1_00,NOT_FT_OVER25,AWAY,LT_100,13,13,8,0.615385,2.037692,0.401538,1,-1.0,0,0,SMALL_SAMPLE,SMALL_SAMPLE_NO_EDGE_CLAIM
ASIAN_HANDICAP,N1,2023/24,2_00_2_49,AH_1_00,NOT_FT_OVER25,HOME,LT_100,9,9,4,0.444444,2.032222,0.023333,2,-2.0,0,0,SMALL_SAMPLE,SMALL_SAMPLE_NO_EDGE_CLAIM
ASIAN_HANDICAP,N1,2023/24,2_00_2_49,AH_1_25_1_50,NOT_FT_OVER25,AWAY,LT_100,15,15,4,0.266667,2.046667,-0.448,4,-6.76,0,0,SMALL_SAMPLE,SMALL_SAMPLE_NO_EDGE_CLAIM
ASIAN_HANDICAP,N1,2023/24,2_00_2_49,AH_1_25_1_50,NOT_FT_OVER25,HOME,LT_100,13,13,6,0.461538,2.039231,-0.140385,5,-5.0,0,0,SMALL_SAMPLE,SMALL_SAMPLE_NO_EDGE_CLAIM
ASIAN_HANDICAP,N1,2023/24,2_00_2_49,AH_GT_1_50,NOT_FT_OVER25,AWAY,LT_100,19,19,8,0.421053,2.036842,-0.116579,3,-4.0,0,0,SMALL_SAMPLE,SMALL_SAMPLE_NO_EDGE_CLAIM
ASIAN_HANDICAP,N1,2023/24,2_00_2_49,AH_GT_1_50,NOT_FT_OVER25,HOME,LT_100,18,18,4,0.222222,2.03,-0.384444,5,-7.98,0,0,SMALL_SAMPLE,SMALL_SAMPLE_NO_EDGE_CLAIM
ASIAN_HANDICAP,N1,2024/25,1_50_1_74,AH_0,NOT_FT_OVER25,HOME,LT_100,2,2,0,0.0,1.715,-0.5,1,-1.0,0,0,SMALL_SAMPLE,SMALL_SAMPLE_NO_EDGE_CLAIM
ASIAN_HANDICAP,N1,2024/25,1_50_1_74,AH_0_25,NOT_FT_OVER25,HOME,LT_100,8,8,6,0.75,1.715,0.244375,2,-2.0,0,0,SMALL_SAMPLE,SMALL_SAMPLE_NO_EDGE_CLAIM
ASIAN_HANDICAP,N1,2024/25,1_50_1_74,AH_0_50,NOT_FT_OVER25,AWAY,LT_100,2,2,1,0.5,1.725,-0.135,1,-1.0,0,0,SMALL_SAMPLE,SMALL_SAMPLE_NO_EDGE_CLAIM
ASIAN_HANDICAP,N1,2024/25,1_75_1_99,AH_0,NOT_FT_OVER25,AWAY,LT_100,21,21,8,0.380952,1.89,0.01381,2,-3.22,0,0,SMALL_SAMPLE,SMALL_SAMPLE_NO_EDGE_CLAIM
ASIAN_HANDICAP,N1,2024/25,1_75_1_99,AH_0,NOT_FT_OVER25,HOME,LT_100,18,18,6,0.333333,1.907222,-0.258889,5,-6.49,0,0,SMALL_SAMPLE,SMALL_SAMPLE_NO_EDGE_CLAIM
ASIAN_HANDICAP,N1,2024/25,1_75_1_99,AH_0_25,NOT_FT_OVER25,AWAY,LT_100,36,36,18,0.5,1.882778,-0.080417,5,-5.435,0,0,SMALL_SAMPLE,SMALL_SAMPLE_NO_EDGE_CLAIM
ASIAN_HANDICAP,N1,2024/25,1_75_1_99,AH_0_25,NOT_FT_OVER25,HOME,LT_100,36,36,16,0.444444,1.896389,-0.164583,9,-8.105,0,0,SMALL_SAMPLE,SMALL_SAMPLE_NO_EDGE_CLAIM
ASIAN_HANDICAP,N1,2024/25,1_75_1_99,AH_0_50,NOT_FT_OVER25,AWAY,LT_100,29,29,12,0.413793,1.905517,-0.213103,8,-9.08,0,0,SMALL_SAMPLE,SMALL_SAMPLE_NO_EDGE_CLAIM
ASIAN_HANDICAP,N1,2024/25,1_75_1_99,AH_0_50,NOT_FT_OVER25,HOME,LT_100,31,31,18,0.580645,1.9,0.104194,5,-5.39,0,0,SMALL_SAMPLE,SMALL_SAMPLE_NO_EDGE_CLAIM
ASIAN_HANDICAP,N1,2024/25,1_75_1_99,AH_0_75,NOT_FT_OVER25,AWAY,LT_100,26,26,16,0.615385,1.900385,0.198654,5,-4.0,0,0,SMALL_SAMPLE,SMALL_SAMPLE_NO_EDGE_CLAIM
ASIAN_HANDICAP,N1,2024/25,1_75_1_99,AH_0_75,NOT_FT_OVER25,HOME,LT_100,33,33,19,0.575758,1.884242,0.05,2,-4.16,0,0,SMALL_SAMPLE,SMALL_SAMPLE_NO_EDGE_CLAIM
ASIAN_HANDICAP,N1,2024/25,1_75_1_99,AH_1_00,NOT_FT_OVER25,AWAY,LT_100,17,17,11,0.647059,1.906471,0.345882,1,-1.13,0,0,SMALL_SAMPLE,SMALL_SAMPLE_NO_EDGE_CLAIM
ASIAN_HANDICAP,N1,2024/25,1_75_1_99,AH_1_00,NOT_FT_OVER25,HOME,LT_100,22,22,7,0.318182,1.893182,-0.122273,3,-5.38,0,0,SMALL_SAMPLE,SMALL_SAMPLE_NO_EDGE_CLAIM
ASIAN_HANDICAP,N1,2024/25,1_75_1_99,AH_1_25_1_50,NOT_FT_OVER25,AWAY,LT_100,32,32,15,0.46875,1.913125,-0.105469,3,-4.425,0,0,SMALL_SAMPLE,SMALL_SAMPLE_NO_EDGE_CLAIM
ASIAN_HANDICAP,N1,2024/25,1_75_1_99,AH_1_25_1_50,NOT_FT_OVER25,HOME,LT_100,39,39,20,0.512821,1.878205,-0.002564,4,-5.98,0,0,SMALL_SAMPLE,SMALL_SAMPLE_NO_EDGE_CLAIM
ASIAN_HANDICAP,N1,2024/25,1_75_1_99,AH_GT_1_50,NOT_FT_OVER25,AWAY,LT_100,25,25,15,0.6,1.9064,0.2518,3,-2.5,0,0,SMALL_SAMPLE,SMALL_SAMPLE_NO_EDGE_CLAIM
ASIAN_HANDICAP,N1,2024/25,1_75_1_99,AH_GT_1_50,NOT_FT_OVER25,HOME,LT_100,28,28,11,0.392857,1.912143,-0.204643,6,-7.52,0,0,SMALL_SAMPLE,SMALL_SAMPLE_NO_EDGE_CLAIM
ASIAN_HANDICAP,N1,2024/25,2_00_2_49,AH_0,NOT_FT_OVER25,AWAY,LT_100,11,11,6,0.545455,2.057273,0.214545,2,-2.0,0,0,SMALL_SAMPLE,SMALL_SAMPLE_NO_EDGE_CLAIM
ASIAN_HANDICAP,N1,2024/25,2_00_2_49,AH_0,NOT_FT_OVER25,HOME,LT_100,12,12,5,0.416667,2.036667,0.179167,1,-1.0,0,0,SMALL_SAMPLE,SMALL_SAMPLE_NO_EDGE_CLAIM
ASIAN_HANDICAP,N1,2024/25,2_00_2_49,AH_0_25,NOT_FT_OVER25,AWAY,LT_100,28,28,13,0.464286,2.054286,-0.047143,8,-8.3,0,0,SMALL_SAMPLE,SMALL_SAMPLE_NO_EDGE_CLAIM
ASIAN_HANDICAP,N1,2024/25,2_00_2_49,AH_0_25,NOT_FT_OVER25,HOME,LT_100,20,20,11,0.55,2.051,0.24525,3,-1.5,0,0,SMALL_SAMPLE,SMALL_SAMPLE_NO_EDGE_CLAIM
ASIAN_HANDICAP,N1,2024/25,2_00_2_49,AH_0_50,NOT_FT_OVER25,AWAY,LT_100,11,11,5,0.454545,2.032727,-0.070909,3,-3.0,0,0,SMALL_SAMPLE,SMALL_SAMPLE_NO_EDGE_CLAIM
ASIAN_HANDICAP,N1,2024/25,2_00_2_49,AH_0_50,NOT_FT_OVER25,HOME,LT_100,11,11,6,0.545455,2.049091,0.115455,2,-2.0,0,0,SMALL_SAMPLE,SMALL_SAMPLE_NO_EDGE_CLAIM
ASIAN_HANDICAP,N1,2024/25,2_00_2_49,AH_0_75,NOT_FT_OVER25,AWAY,LT_100,19,19,4,0.210526,2.04,-0.439737,5,-8.355,0,0,SMALL_SAMPLE,SMALL_SAMPLE_NO_EDGE_CLAIM
ASIAN_HANDICAP,N1,2024/25,2_00_2_49,AH_0_75,NOT_FT_OVER25,HOME,LT_100,12,12,6,0.5,2.029167,-0.11125,3,-4.5,0,0,SMALL_SAMPLE,SMALL_SAMPLE_NO_EDGE_CLAIM
ASIAN_HANDICAP,N1,2024/25,2_00_2_49,AH_1_00,NOT_FT_OVER25,AWAY,LT_100,13,13,4,0.307692,2.045385,0.009231,1,-2.0,0,0,SMALL_SAMPLE,SMALL_SAMPLE_NO_EDGE_CLAIM
ASIAN_HANDICAP,N1,2024/25,2_00_2_49,AH_1_00,NOT_FT_OVER25,HOME,LT_100,8,8,1,0.125,2.0325,-0.62125,5,-5.0,0,0,SMALL_SAMPLE,SMALL_SAMPLE_NO_EDGE_CLAIM
ASIAN_HANDICAP,N1,2024/25,2_00_2_49,AH_1_25_1_50,NOT_FT_OVER25,AWAY,LT_100,23,23,13,0.565217,2.031739,0.083261,2,-2.0,0,0,SMALL_SAMPLE,SMALL_SAMPLE_NO_EDGE_CLAIM
ASIAN_HANDICAP,N1,2024/25,2_00_2_49,AH_1_25_1_50,NOT_FT_OVER25,HOME,LT_100,16,16,7,0.4375,2.024375,-0.088125,3,-3.0,0,0,SMALL_SAMPLE,SMALL_SAMPLE_NO_EDGE_CLAIM
ASIAN_HANDICAP,N1,2024/25,2_00_2_49,AH_GT_1_50,NOT_FT_OVER25,AWAY,LT_100,13,13,5,0.384615,2.036154,-0.216154,6,-6.0,0,0,SMALL_SAMPLE,SMALL_SAMPLE_NO_EDGE_CLAIM
ASIAN_HANDICAP,N1,2024/25,2_00_2_49,AH_GT_1_50,NOT_FT_OVER25,HOME,LT_100,10,10,5,0.5,2.024,0.0105,2,-1.985,0,0,SMALL_SAMPLE,SMALL_SAMPLE_NO_EDGE_CLAIM
ASIAN_HANDICAP,P1,2020/21,1_50_1_74,AH_0,NOT_FT_OVER25,AWAY,LT_100,1,1,0,0.0,1.74,0.0,0,0.0,0,0,SMALL_SAMPLE,SMALL_SAMPLE_NO_EDGE_CLAIM
ASIAN_HANDICAP,P1,2020/21,1_50_1_74,AH_0_25,NOT_FT_OVER25,HOME,LT_100,2,2,1,0.5,1.73,-0.135,1,-1.0,0,0,SMALL_SAMPLE,SMALL_SAMPLE_NO_EDGE_CLAIM
ASIAN_HANDICAP,P1,2020/21,1_50_1_74,AH_0_75,NOT_FT_OVER25,HOME,LT_100,1,1,0,0.0,1.73,-0.5,1,-0.5,0,0,SMALL_SAMPLE,SMALL_SAMPLE_NO_EDGE_CLAIM
ASIAN_HANDICAP,P1,2020/21,1_50_1_74,AH_1_00,NOT_FT_OVER25,HOME,LT_100,1,1,0,0.0,1.73,-1.0,1,-1.0,0,0,SMALL_SAMPLE,SMALL_SAMPLE_NO_EDGE_CLAIM
ASIAN_HANDICAP,P1,2020/21,1_50_1_74,AH_1_25_1_50,NOT_FT_OVER25,HOME,LT_100,2,2,1,0.5,1.73,-0.3175,1,-1.0,0,0,SMALL_SAMPLE,SMALL_SAMPLE_NO_EDGE_CLAIM
ASIAN_HANDICAP,P1,2020/21,1_75_1_99,AH_0,NOT_FT_OVER25,AWAY,LT_100,29,29,15,0.517241,1.873448,0.070345,4,-4.0,0,0,SMALL_SAMPLE,SMALL_SAMPLE_NO_EDGE_CLAIM
ASIAN_HANDICAP,P1,2020/21,1_75_1_99,AH_0,NOT_FT_OVER25,HOME,LT_100,31,31,9,0.290323,1.882581,-0.135161,2,-4.59,0,0,SMALL_SAMPLE,SMALL_SAMPLE_NO_EDGE_CLAIM
ASIAN_HANDICAP,P1,2020/21,1_75_1_99,AH_0_25,NOT_FT_OVER25,AWAY,LT_100,65,65,39,0.6,1.876462,0.007615,3,-4.445,0,0,SMALL_SAMPLE,SMALL_SAMPLE_NO_EDGE_CLAIM
ASIAN_HANDICAP,P1,2020/21,1_75_1_99,AH_0_25,NOT_FT_OVER25,HOME,LT_100,59,59,29,0.491525,1.882203,-0.014492,4,-5.635,0,0,SMALL_SAMPLE,SMALL_SAMPLE_NO_EDGE_CLAIM
ASIAN_HANDICAP,P1,2020/21,1_75_1_99,AH_0_50,NOT_FT_OVER25,AWAY,LT_100,20,20,11,0.55,1.898,0.0595,4,-4.0,0,0,SMALL_SAMPLE,SMALL_SAMPLE_NO_EDGE_CLAIM
ASIAN_HANDICAP,P1,2020/21,1_75_1_99,AH_0_50,NOT_FT_OVER25,HOME,LT_100,25,25,11,0.44,1.8964,-0.1712,5,-6.13,0,0,SMALL_SAMPLE,SMALL_SAMPLE_NO_EDGE_CLAIM
ASIAN_HANDICAP,P1,2020/21,1_75_1_99,AH_0_75,NOT_FT_OVER25,AWAY,LT_100,15,15,7,0.466667,1.895333,-0.056333,2,-1.665,0,0,SMALL_SAMPLE,SMALL_SAMPLE_NO_EDGE_CLAIM
ASIAN_HANDICAP,P1,2020/21,1_75_1_99,AH_0_75,NOT_FT_OVER25,HOME,LT_100,16,16,11,0.6875,1.920625,0.324688,2,-2.0,0,0,SMALL_SAMPLE,SMALL_SAMPLE_NO_EDGE_CLAIM
ASIAN_HANDICAP,P1,2020/21,1_75_1_99,AH_1_00,NOT_FT_OVER25,AWAY,LT_100,14,14,4,0.285714,1.886429,-0.175714,2,-5.14,0,0,SMALL_SAMPLE,SMALL_SAMPLE_NO_EDGE_CLAIM
ASIAN_HANDICAP,P1,2020/21,1_75_1_99,AH_1_00,NOT_FT_OVER25,HOME,LT_100,14,14,4,0.285714,1.866429,-0.115,2,-4.14,0,0,SMALL_SAMPLE,SMALL_SAMPLE_NO_EDGE_CLAIM
ASIAN_HANDICAP,P1,2020/21,1_75_1_99,AH_1_25_1_50,NOT_FT_OVER25,AWAY,LT_100,32,32,20,0.625,1.894688,0.143125,3,-3.9,0,0,SMALL_SAMPLE,SMALL_SAMPLE_NO_EDGE_CLAIM
ASIAN_HANDICAP,P1,2020/21,1_75_1_99,AH_1_25_1_50,NOT_FT_OVER25,HOME,LT_100,33,33,12,0.363636,1.884545,-0.285909,8,-10.385,0,0,SMALL_SAMPLE,SMALL_SAMPLE_NO_EDGE_CLAIM
ASIAN_HANDICAP,P1,2020/21,1_75_1_99,AH_GT_1_50,NOT_FT_OVER25,AWAY,LT_100,15,15,9,0.6,1.855333,0.216333,1,-1.0,0,0,SMALL_SAMPLE,SMALL_SAMPLE_NO_EDGE_CLAIM
ASIAN_HANDICAP,P1,2020/21,1_75_1_99,AH_GT_1_50,NOT_FT_OVER25,HOME,LT_100,10,10,5,0.5,1.882,-0.1255,3,-3.0,0,0,SMALL_SAMPLE,SMALL_SAMPLE_NO_EDGE_CLAIM
ASIAN_HANDICAP,P1,2020/21,2_00_2_49,AH_0,NOT_FT_OVER25,AWAY,LT_100,20,20,6,0.3,2.0595,0.012,2,-2.98,0,0,SMALL_SAMPLE,SMALL_SAMPLE_NO_EDGE_CLAIM
ASIAN_HANDICAP,P1,2020/21,2_00_2_49,AH_0,NOT_FT_OVER25,HOME,LT_100,19,19,8,0.421053,2.076842,-0.024211,3,-3.0,0,0,SMALL_SAMPLE,SMALL_SAMPLE_NO_EDGE_CLAIM
ASIAN_HANDICAP,P1,2020/21,2_00_2_49,AH_0_25,NOT_FT_OVER25,AWAY,LT_100,37,37,16,0.432432,2.05973,-0.097838,4,-6.655,0,0,SMALL_SAMPLE,SMALL_SAMPLE_NO_EDGE_CLAIM
ASIAN_HANDICAP,P1,2020/21,2_00_2_49,AH_0_25,NOT_FT_OVER25,HOME,LT_100,41,41,17,0.414634,2.068537,-0.022073,4,-3.5,0,0,SMALL_SAMPLE,SMALL_SAMPLE_NO_EDGE_CLAIM
ASIAN_HANDICAP,P1,2020/21,2_00_2_49,AH_0_50,NOT_FT_OVER25,AWAY,LT_100,14,14,6,0.428571,2.031429,-0.128571,4,-4.0,0,0,SMALL_SAMPLE,SMALL_SAMPLE_NO_EDGE_CLAIM
ASIAN_HANDICAP,P1,2020/21,2_00_2_49,AH_0_50,NOT_FT_OVER25,HOME,LT_100,9,9,6,0.666667,2.052222,0.373333,3,-3.0,0,0,SMALL_SAMPLE,SMALL_SAMPLE_NO_EDGE_CLAIM
ASIAN_HANDICAP,P1,2020/21,2_00_2_49,AH_0_75,NOT_FT_OVER25,AWAY,LT_100,7,7,3,0.428571,2.047143,-0.275714,3,-3.46,0,0,SMALL_SAMPLE,SMALL_SAMPLE_NO_EDGE_CLAIM
ASIAN_HANDICAP,P1,2020/21,2_00_2_49,AH_0_75,NOT_FT_OVER25,HOME,LT_100,5,5,1,0.2,2.058,-0.695,3,-3.475,0,0,SMALL_SAMPLE,SMALL_SAMPLE_NO_EDGE_CLAIM
ASIAN_HANDICAP,P1,2020/21,2_00_2_49,AH_1_00,NOT_FT_OVER25,AWAY,LT_100,10,10,4,0.4,2.054,0.126,2,-2.0,0,0,SMALL_SAMPLE,SMALL_SAMPLE_NO_EDGE_CLAIM
ASIAN_HANDICAP,P1,2020/21,2_00_2_49,AH_1_00,NOT_FT_OVER25,HOME,LT_100,9,9,5,0.555556,2.043333,0.352222,1,-1.0,0,0,SMALL_SAMPLE,SMALL_SAMPLE_NO_EDGE_CLAIM
ASIAN_HANDICAP,P1,2020/21,2_00_2_49,AH_1_25_1_50,NOT_FT_OVER25,AWAY,LT_100,21,21,14,0.666667,2.049048,0.362143,4,-3.5,0,0,SMALL_SAMPLE,SMALL_SAMPLE_NO_EDGE_CLAIM
ASIAN_HANDICAP,P1,2020/21,2_00_2_49,AH_1_25_1_50,NOT_FT_OVER25,HOME,LT_100,18,18,6,0.333333,2.032222,-0.266667,5,-5.9,0,0,SMALL_SAMPLE,SMALL_SAMPLE_NO_EDGE_CLAIM
ASIAN_HANDICAP,P1,2020/21,2_00_2_49,AH_GT_1_50,NOT_FT_OVER25,AWAY,LT_100,6,6,2,0.333333,2.026667,-0.323333,4,-3.5,0,0,SMALL_SAMPLE,SMALL_SAMPLE_NO_EDGE_CLAIM
ASIAN_HANDICAP,P1,2020/21,2_00_2_49,AH_GT_1_50,NOT_FT_OVER25,HOME,LT_100,11,11,4,0.363636,2.041818,-0.176364,3,-3.47,0,0,SMALL_SAMPLE,SMALL_SAMPLE_NO_EDGE_CLAIM
ASIAN_HANDICAP,P1,2021/22,1_50_1_74,AH_0_25,NOT_FT_OVER25,HOME,LT_100,5,5,3,0.6,1.684,0.002,2,-2.0,0,0,SMALL_SAMPLE,SMALL_SAMPLE_NO_EDGE_CLAIM
ASIAN_HANDICAP,P1,2021/22,1_50_1_74,AH_0_50,NOT_FT_OVER25,HOME,LT_100,2,2,1,0.5,1.73,-0.135,1,-1.0,0,0,SMALL_SAMPLE,SMALL_SAMPLE_NO_EDGE_CLAIM
ASIAN_HANDICAP,P1,2021/22,1_50_1_74,AH_0_75,NOT_FT_OVER25,HOME,LT_100,1,1,0,0.0,1.7,-0.5,1,-0.5,0,0,SMALL_SAMPLE,SMALL_SAMPLE_NO_EDGE_CLAIM
ASIAN_HANDICAP,P1,2021/22,1_50_1_74,AH_1_00,NOT_FT_OVER25,AWAY,LT_100,1,1,1,1.0,1.7,0.7,0,0.0,0,0,SMALL_SAMPLE,SMALL_SAMPLE_NO_EDGE_CLAIM
ASIAN_HANDICAP,P1,2021/22,1_50_1_74,AH_1_00,NOT_FT_OVER25,HOME,LT_100,1,1,0,0.0,1.7,-1.0,1,-1.0,0,0,SMALL_SAMPLE,SMALL_SAMPLE_NO_EDGE_CLAIM
ASIAN_HANDICAP,P1,2021/22,1_50_1_74,AH_1_25_1_50,NOT_FT_OVER25,HOME,LT_100,1,1,1,1.0,1.73,0.73,0,0.0,0,0,SMALL_SAMPLE,SMALL_SAMPLE_NO_EDGE_CLAIM
ASIAN_HANDICAP,P1,2021/22,1_50_1_74,AH_GT_1_50,NOT_FT_OVER25,HOME,LT_100,1,1,0,0.0,1.73,-0.5,1,-0.5,0,0,SMALL_SAMPLE,SMALL_SAMPLE_NO_EDGE_CLAIM
ASIAN_HANDICAP,P1,2021/22,1_75_1_99,AH_0,NOT_FT_OVER25,AWAY,LT_100,23,23,9,0.391304,1.900435,-0.118261,5,-6.28,0,0,SMALL_SAMPLE,SMALL_SAMPLE_NO_EDGE_CLAIM
ASIAN_HANDICAP,P1,2021/22,1_75_1_99,AH_0,NOT_FT_OVER25,HOME,LT_100,28,28,11,0.392857,1.895,-0.040357,3,-4.37,0,0,SMALL_SAMPLE,SMALL_SAMPLE_NO_EDGE_CLAIM
ASIAN_HANDICAP,P1,2021/22,1_75_1_99,AH_0_25,NOT_FT_OVER25,AWAY,LT_100,65,65,41,0.630769,1.899846,0.082538,6,-8.8,0,0,SMALL_SAMPLE,SMALL_SAMPLE_NO_EDGE_CLAIM
ASIAN_HANDICAP,P1,2021/22,1_75_1_99,AH_0_25,NOT_FT_OVER25,HOME,LT_100,60,60,29,0.483333,1.894,-0.022417,4,-5.975,0,0,SMALL_SAMPLE,SMALL_SAMPLE_NO_EDGE_CLAIM
ASIAN_HANDICAP,P1,2021/22,1_75_1_99,AH_0_50,NOT_FT_OVER25,AWAY,LT_100,30,30,21,0.7,1.900667,0.324,4,-4.0,0,0,SMALL_SAMPLE,SMALL_SAMPLE_NO_EDGE_CLAIM
ASIAN_HANDICAP,P1,2021/22,1_75_1_99,AH_0_50,NOT_FT_OVER25,HOME,LT_100,30,30,14,0.466667,1.895,-0.117667,7,-7.67,0,0,SMALL_SAMPLE,SMALL_SAMPLE_NO_EDGE_CLAIM
ASIAN_HANDICAP,P1,2021/22,1_75_1_99,AH_0_75,NOT_FT_OVER25,AWAY,LT_100,21,21,15,0.714286,1.90381,0.322619,2,-2.15,0,0,SMALL_SAMPLE,SMALL_SAMPLE_NO_EDGE_CLAIM
ASIAN_HANDICAP,P1,2021/22,1_75_1_99,AH_0_75,NOT_FT_OVER25,HOME,LT_100,19,19,5,0.263158,1.911053,-0.472632,7,-10.125,0,0,SMALL_SAMPLE,SMALL_SAMPLE_NO_EDGE_CLAIM
ASIAN_HANDICAP,P1,2021/22,1_75_1_99,AH_1_00,NOT_FT_OVER25,AWAY,LT_100,8,8,3,0.375,1.8375,-0.07375,2,-2.25,0,0,SMALL_SAMPLE,SMALL_SAMPLE_NO_EDGE_CLAIM
ASIAN_HANDICAP,P1,2021/22,1_75_1_99,AH_1_00,NOT_FT_OVER25,HOME,LT_100,10,10,4,0.4,1.859,0.056,1,-2.0,0,0,SMALL_SAMPLE,SMALL_SAMPLE_NO_EDGE_CLAIM
ASIAN_HANDICAP,P1,2021/22,1_75_1_99,AH_1_25_1_50,NOT_FT_OVER25,AWAY,LT_100,30,30,15,0.5,1.915667,-0.012167,3,-3.15,0,0,SMALL_SAMPLE,SMALL_SAMPLE_NO_EDGE_CLAIM
ASIAN_HANDICAP,P1,2021/22,1_75_1_99,AH_1_25_1_50,NOT_FT_OVER25,HOME,LT_100,38,38,20,0.526316,1.892105,-0.016184,5,-4.26,0,0,SMALL_SAMPLE,SMALL_SAMPLE_NO_EDGE_CLAIM
ASIAN_HANDICAP,P1,2021/22,1_75_1_99,AH_GT_1_50,NOT_FT_OVER25,AWAY,LT_100,19,19,6,0.315789,1.880526,-0.242632,4,-4.61,0,0,SMALL_SAMPLE,SMALL_SAMPLE_NO_EDGE_CLAIM
ASIAN_HANDICAP,P1,2021/22,1_75_1_99,AH_GT_1_50,NOT_FT_OVER25,HOME,LT_100,21,21,6,0.285714,1.890476,-0.205714,4,-6.53,0,0,SMALL_SAMPLE,SMALL_SAMPLE_NO_EDGE_CLAIM
ASIAN_HANDICAP,P1,2021/22,2_00_2_49,AH_0,NOT_FT_OVER25,AWAY,LT_100,12,12,3,0.25,2.09,-0.153333,2,-2.0,0,0,SMALL_SAMPLE,SMALL_SAMPLE_NO_EDGE_CLAIM
ASIAN_HANDICAP,P1,2021/22,2_00_2_49,AH_0,NOT_FT_OVER25,HOME,LT_100,7,7,5,0.714286,2.085714,0.621429,1,-1.0,0,0,SMALL_SAMPLE,SMALL_SAMPLE_NO_EDGE_CLAIM
ASIAN_HANDICAP,P1,2021/22,2_00_2_49,AH_0_25,NOT_FT_OVER25,AWAY,LT_100,30,30,13,0.433333,2.082333,-0.0865,4,-5.305,0,0,SMALL_SAMPLE,SMALL_SAMPLE_NO_EDGE_CLAIM
ASIAN_HANDICAP,P1,2021/22,2_00_2_49,AH_0_25,NOT_FT_OVER25,HOME,LT_100,30,30,9,0.3,2.060667,-0.2365,15,-11.495,0,0,SMALL_SAMPLE,SMALL_SAMPLE_NO_EDGE_CLAIM
ASIAN_HANDICAP,P1,2021/22,2_00_2_49,AH_0_50,NOT_FT_OVER25,AWAY,LT_100,16,16,7,0.4375,2.04625,-0.101875,2,-2.91,0,0,SMALL_SAMPLE,SMALL_SAMPLE_NO_EDGE_CLAIM
ASIAN_HANDICAP,P1,2021/22,2_00_2_49,AH_0_50,NOT_FT_OVER25,HOME,LT_100,14,14,3,0.214286,2.057857,-0.565,6,-7.97,0,0,SMALL_SAMPLE,SMALL_SAMPLE_NO_EDGE_CLAIM
ASIAN_HANDICAP,P1,2021/22,2_00_2_49,AH_0_75,NOT_FT_OVER25,AWAY,LT_100,9,9,6,0.666667,2.042222,0.301111,2,-2.0,0,0,SMALL_SAMPLE,SMALL_SAMPLE_NO_EDGE_CLAIM
ASIAN_HANDICAP,P1,2021/22,2_00_2_49,AH_0_75,NOT_FT_OVER25,HOME,LT_100,10,10,4,0.4,2.038,-0.128,4,-3.5,0,0,SMALL_SAMPLE,SMALL_SAMPLE_NO_EDGE_CLAIM
ASIAN_HANDICAP,P1,2021/22,2_00_2_49,AH_1_00,NOT_FT_OVER25,AWAY,LT_100,10,10,4,0.4,2.046,0.122,1,-1.0,0,0,SMALL_SAMPLE,SMALL_SAMPLE_NO_EDGE_CLAIM
ASIAN_HANDICAP,P1,2021/22,2_00_2_49,AH_1_00,NOT_FT_OVER25,HOME,LT_100,8,8,2,0.25,2.06875,-0.24,2,-2.94,0,0,SMALL_SAMPLE,SMALL_SAMPLE_NO_EDGE_CLAIM
ASIAN_HANDICAP,P1,2021/22,2_00_2_49,AH_1_25_1_50,NOT_FT_OVER25,AWAY,LT_100,19,19,9,0.473684,2.041579,-0.035789,3,-3.34,0,0,SMALL_SAMPLE,SMALL_SAMPLE_NO_EDGE_CLAIM
ASIAN_HANDICAP,P1,2021/22,2_00_2_49,AH_1_25_1_50,NOT_FT_OVER25,HOME,LT_100,10,10,4,0.4,2.029,-0.2435,6,-6.0,0,0,SMALL_SAMPLE,SMALL_SAMPLE_NO_EDGE_CLAIM
ASIAN_HANDICAP,P1,2021/22,2_00_2_49,AH_GT_1_50,NOT_FT_OVER25,AWAY,LT_100,13,13,8,0.615385,2.043846,0.441538,1,-1.0,0,0,SMALL_SAMPLE,SMALL_SAMPLE_NO_EDGE_CLAIM
ASIAN_HANDICAP,P1,2021/22,2_00_2_49,AH_GT_1_50,NOT_FT_OVER25,HOME,LT_100,10,10,6,0.6,2.027,0.307,2,-1.98,0,0,SMALL_SAMPLE,SMALL_SAMPLE_NO_EDGE_CLAIM
ASIAN_HANDICAP,P1,2022/23,1_50_1_74,AH_0,NOT_FT_OVER25,HOME,LT_100,2,2,2,1.0,1.73,0.73,0,0.0,0,0,SMALL_SAMPLE,SMALL_SAMPLE_NO_EDGE_CLAIM
ASIAN_HANDICAP,P1,2022/23,1_50_1_74,AH_0_25,NOT_FT_OVER25,AWAY,LT_100,3,3,2,0.666667,1.73,0.031667,1,-1.0,0,0,SMALL_SAMPLE,SMALL_SAMPLE_NO_EDGE_CLAIM
ASIAN_HANDICAP,P1,2022/23,1_50_1_74,AH_0_25,NOT_FT_OVER25,HOME,LT_100,1,1,1,1.0,1.7,0.7,0,0.0,0,0,SMALL_SAMPLE,SMALL_SAMPLE_NO_EDGE_CLAIM
ASIAN_HANDICAP,P1,2022/23,1_50_1_74,AH_0_75,NOT_FT_OVER25,AWAY,LT_100,1,1,1,1.0,1.68,0.34,0,0.0,0,0,SMALL_SAMPLE,SMALL_SAMPLE_NO_EDGE_CLAIM
ASIAN_HANDICAP,P1,2022/23,1_50_1_74,AH_1_00,NOT_FT_OVER25,HOME,LT_100,1,1,1,1.0,1.65,0.65,0,0.0,0,0,SMALL_SAMPLE,SMALL_SAMPLE_NO_EDGE_CLAIM
ASIAN_HANDICAP,P1,2022/23,1_50_1_74,AH_1_25_1_50,NOT_FT_OVER25,HOME,LT_100,2,2,1,0.5,1.73,-0.135,1,-1.0,0,0,SMALL_SAMPLE,SMALL_SAMPLE_NO_EDGE_CLAIM
ASIAN_HANDICAP,P1,2022/23,1_50_1_74,AH_GT_1_50,NOT_FT_OVER25,AWAY,LT_100,2,2,1,0.5,1.705,-0.16,1,-1.0,0,0,SMALL_SAMPLE,SMALL_SAMPLE_NO_EDGE_CLAIM
ASIAN_HANDICAP,P1,2022/23,1_75_1_99,AH_0,NOT_FT_OVER25,AWAY,LT_100,20,20,6,0.3,1.9125,-0.076,1,-3.0,0,0,SMALL_SAMPLE,SMALL_SAMPLE_NO_EDGE_CLAIM
ASIAN_HANDICAP,P1,2022/23,1_75_1_99,AH_0,NOT_FT_OVER25,HOME,LT_100,33,33,11,0.333333,1.878485,-0.111515,5,-7.92,0,0,SMALL_SAMPLE,SMALL_SAMPLE_NO_EDGE_CLAIM
ASIAN_HANDICAP,P1,2022/23,1_75_1_99,AH_0_25,NOT_FT_OVER25,AWAY,LT_100,59,59,28,0.474576,1.880508,-0.193136,4,-15.58,0,0,SMALL_SAMPLE,SMALL_SAMPLE_NO_EDGE_CLAIM
ASIAN_HANDICAP,P1,2022/23,1_75_1_99,AH_0_25,NOT_FT_OVER25,HOME,LT_100,52,52,23,0.442308,1.891154,-0.072885,7,-8.39,0,0,SMALL_SAMPLE,SMALL_SAMPLE_NO_EDGE_CLAIM
ASIAN_HANDICAP,P1,2022/23,1_75_1_99,AH_0_50,NOT_FT_OVER25,AWAY,LT_100,46,46,20,0.434783,1.886739,-0.188261,8,-11.66,0,0,SMALL_SAMPLE,SMALL_SAMPLE_NO_EDGE_CLAIM
ASIAN_HANDICAP,P1,2022/23,1_75_1_99,AH_0_50,NOT_FT_OVER25,HOME,LT_100,32,32,19,0.59375,1.909375,0.14,3,-3.28,0,0,SMALL_SAMPLE,SMALL_SAMPLE_NO_EDGE_CLAIM
ASIAN_HANDICAP,P1,2022/23,1_75_1_99,AH_0_75,NOT_FT_OVER25,AWAY,LT_100,6,6,2,0.333333,1.896667,-0.198333,3,-1.5,0,0,SMALL_SAMPLE,SMALL_SAMPLE_NO_EDGE_CLAIM
ASIAN_HANDICAP,P1,2022/23,1_75_1_99,AH_0_75,NOT_FT_OVER25,HOME,LT_100,3,3,2,0.666667,1.93,-0.016667,1,-1.0,0,0,SMALL_SAMPLE,SMALL_SAMPLE_NO_EDGE_CLAIM
ASIAN_HANDICAP,P1,2022/23,1_75_1_99,AH_1_00,NOT_FT_OVER25,AWAY,LT_100,6,6,1,0.166667,1.931667,-0.191667,2,-2.0,0,0,SMALL_SAMPLE,SMALL_SAMPLE_NO_EDGE_CLAIM
ASIAN_HANDICAP,P1,2022/23,1_75_1_99,AH_1_00,NOT_FT_OVER25,HOME,LT_100,8,8,2,0.25,1.8775,-0.0375,1,-2.0,0,0,SMALL_SAMPLE,SMALL_SAMPLE_NO_EDGE_CLAIM
ASIAN_HANDICAP,P1,2022/23,1_75_1_99,AH_1_25_1_50,NOT_FT_OVER25,AWAY,LT_100,28,28,10,0.357143,1.917857,-0.2275,6,-8.5,0,0,SMALL_SAMPLE,SMALL_SAMPLE_NO_EDGE_CLAIM
ASIAN_HANDICAP,P1,2022/23,1_75_1_99,AH_1_25_1_50,NOT_FT_OVER25,HOME,LT_100,35,35,21,0.6,1.908,0.096,4,-4.67,0,0,SMALL_SAMPLE,SMALL_SAMPLE_NO_EDGE_CLAIM
ASIAN_HANDICAP,P1,2022/23,1_75_1_99,AH_GT_1_50,NOT_FT_OVER25,AWAY,LT_100,37,37,17,0.459459,1.882432,-0.002703,3,-4.79,0,0,SMALL_SAMPLE,SMALL_SAMPLE_NO_EDGE_CLAIM
ASIAN_HANDICAP,P1,2022/23,1_75_1_99,AH_GT_1_50,NOT_FT_OVER25,HOME,LT_100,24,24,12,0.5,1.904583,-0.027708,3,-6.675,0,0,SMALL_SAMPLE,SMALL_SAMPLE_NO_EDGE_CLAIM
ASIAN_HANDICAP,P1,2022/23,2_00_2_49,AH_0,NOT_FT_OVER25,AWAY,LT_100,23,23,9,0.391304,2.056957,-0.070435,3,-3.0,0,0,SMALL_SAMPLE,SMALL_SAMPLE_NO_EDGE_CLAIM
ASIAN_HANDICAP,P1,2022/23,2_00_2_49,AH_0,NOT_FT_OVER25,HOME,LT_100,8,8,5,0.625,2.0575,0.41,1,-1.0,0,0,SMALL_SAMPLE,SMALL_SAMPLE_NO_EDGE_CLAIM
ASIAN_HANDICAP,P1,2022/23,2_00_2_49,AH_0_25,NOT_FT_OVER25,AWAY,LT_100,29,29,17,0.586207,2.06,0.131552,4,-3.95,0,0,SMALL_SAMPLE,SMALL_SAMPLE_NO_EDGE_CLAIM
ASIAN_HANDICAP,P1,2022/23,2_00_2_49,AH_0_25,NOT_FT_OVER25,HOME,LT_100,38,38,20,0.526316,2.067368,0.194211,6,-5.33,0,0,SMALL_SAMPLE,SMALL_SAMPLE_NO_EDGE_CLAIM
ASIAN_HANDICAP,P1,2022/23,2_00_2_49,AH_0_50,NOT_FT_OVER25,AWAY,LT_100,12,12,7,0.583333,2.061667,0.205,2,-2.0,0,0,SMALL_SAMPLE,SMALL_SAMPLE_NO_EDGE_CLAIM
ASIAN_HANDICAP,P1,2022/23,2_00_2_49,AH_0_50,NOT_FT_OVER25,HOME,LT_100,26,26,12,0.461538,2.056923,-0.05,5,-5.0,0,0,SMALL_SAMPLE,SMALL_SAMPLE_NO_EDGE_CLAIM
ASIAN_HANDICAP,P1,2022/23,2_00_2_49,AH_0_75,NOT_FT_OVER25,AWAY,LT_100,1,1,1,1.0,2.01,1.01,0,0.0,0,0,SMALL_SAMPLE,SMALL_SAMPLE_NO_EDGE_CLAIM
ASIAN_HANDICAP,P1,2022/23,2_00_2_49,AH_0_75,NOT_FT_OVER25,HOME,LT_100,5,5,2,0.4,2.054,-0.088,3,-2.0,0,0,SMALL_SAMPLE,SMALL_SAMPLE_NO_EDGE_CLAIM
ASIAN_HANDICAP,P1,2022/23,2_00_2_49,AH_1_00,NOT_FT_OVER25,AWAY,LT_100,5,5,2,0.4,2.084,0.018,1,-1.0,0,0,SMALL_SAMPLE,SMALL_SAMPLE_NO_EDGE_CLAIM
ASIAN_HANDICAP,P1,2022/23,2_00_2_49,AH_1_00,NOT_FT_OVER25,HOME,LT_100,2,2,1,0.5,2.035,0.01,1,-1.0,0,0,SMALL_SAMPLE,SMALL_SAMPLE_NO_EDGE_CLAIM
ASIAN_HANDICAP,P1,2022/23,2_00_2_49,AH_1_25_1_50,NOT_FT_OVER25,AWAY,LT_100,17,17,8,0.470588,2.047059,0.014118,2,-2.5,0,0,SMALL_SAMPLE,SMALL_SAMPLE_NO_EDGE_CLAIM
ASIAN_HANDICAP,P1,2022/23,2_00_2_49,AH_1_25_1_50,NOT_FT_OVER25,HOME,LT_100,8,8,5,0.625,2.04625,0.080625,1,-1.0,0,0,SMALL_SAMPLE,SMALL_SAMPLE_NO_EDGE_CLAIM
ASIAN_HANDICAP,P1,2022/23,2_00_2_49,AH_GT_1_50,NOT_FT_OVER25,AWAY,LT_100,11,11,5,0.454545,2.033636,-0.07,3,-3.0,0,0,SMALL_SAMPLE,SMALL_SAMPLE_NO_EDGE_CLAIM
ASIAN_HANDICAP,P1,2022/23,2_00_2_49,AH_GT_1_50,NOT_FT_OVER25,HOME,LT_100,26,26,10,0.384615,2.041154,-0.021731,8,-7.4,0,0,SMALL_SAMPLE,SMALL_SAMPLE_NO_EDGE_CLAIM
ASIAN_HANDICAP,P1,2023/24,1_50_1_74,AH_0,NOT_FT_OVER25,AWAY,LT_100,1,1,0,0.0,1.7,0.0,0,0.0,0,0,SMALL_SAMPLE,SMALL_SAMPLE_NO_EDGE_CLAIM
ASIAN_HANDICAP,P1,2023/24,1_50_1_74,AH_0,NOT_FT_OVER25,HOME,LT_100,2,2,0,0.0,1.73,0.0,0,0.0,0,0,SMALL_SAMPLE,SMALL_SAMPLE_NO_EDGE_CLAIM
ASIAN_HANDICAP,P1,2023/24,1_50_1_74,AH_0_25,NOT_FT_OVER25,AWAY,LT_100,8,8,4,0.5,1.71125,-0.190625,3,-3.3,0,0,SMALL_SAMPLE,SMALL_SAMPLE_NO_EDGE_CLAIM
ASIAN_HANDICAP,P1,2023/24,1_50_1_74,AH_0_25,NOT_FT_OVER25,HOME,LT_100,7,7,5,0.714286,1.721429,0.22,1,-0.635,0,0,SMALL_SAMPLE,SMALL_SAMPLE_NO_EDGE_CLAIM
ASIAN_HANDICAP,P1,2023/24,1_50_1_74,AH_0_50,NOT_FT_OVER25,HOME,LT_100,1,1,0,0.0,1.73,-1.0,1,-1.0,0,0,SMALL_SAMPLE,SMALL_SAMPLE_NO_EDGE_CLAIM
ASIAN_HANDICAP,P1,2023/24,1_50_1_74,AH_0_75,NOT_FT_OVER25,AWAY,LT_100,1,1,1,1.0,1.7,0.7,0,0.0,0,0,SMALL_SAMPLE,SMALL_SAMPLE_NO_EDGE_CLAIM
ASIAN_HANDICAP,P1,2023/24,1_50_1_74,AH_1_00,NOT_FT_OVER25,HOME,LT_100,1,1,1,1.0,1.73,0.73,0,0.0,0,0,SMALL_SAMPLE,SMALL_SAMPLE_NO_EDGE_CLAIM
ASIAN_HANDICAP,P1,2023/24,1_50_1_74,AH_1_25_1_50,NOT_FT_OVER25,AWAY,LT_100,1,1,1,1.0,1.73,0.73,0,0.0,0,0,SMALL_SAMPLE,SMALL_SAMPLE_NO_EDGE_CLAIM
ASIAN_HANDICAP,P1,2023/24,1_50_1_74,AH_1_25_1_50,NOT_FT_OVER25,HOME,LT_100,1,1,1,1.0,1.73,0.73,0,0.0,0,0,SMALL_SAMPLE,SMALL_SAMPLE_NO_EDGE_CLAIM
ASIAN_HANDICAP,P1,2023/24,1_75_1_99,AH_0,NOT_FT_OVER25,AWAY,LT_100,23,23,9,0.391304,1.898696,0.096522,2,-2.05,0,0,SMALL_SAMPLE,SMALL_SAMPLE_NO_EDGE_CLAIM
ASIAN_HANDICAP,P1,2023/24,1_75_1_99,AH_0,NOT_FT_OVER25,HOME,LT_100,30,30,8,0.266667,1.889667,-0.135667,3,-5.34,0,0,SMALL_SAMPLE,SMALL_SAMPLE_NO_EDGE_CLAIM
ASIAN_HANDICAP,P1,2023/24,1_75_1_99,AH_0_25,NOT_FT_OVER25,AWAY,LT_100,48,48,27,0.5625,1.87875,-0.057083,3,-7.64,0,0,SMALL_SAMPLE,SMALL_SAMPLE_NO_EDGE_CLAIM
ASIAN_HANDICAP,P1,2023/24,1_75_1_99,AH_0_25,NOT_FT_OVER25,HOME,LT_100,42,42,19,0.452381,1.891905,-0.069881,4,-5.81,0,0,SMALL_SAMPLE,SMALL_SAMPLE_NO_EDGE_CLAIM
ASIAN_HANDICAP,P1,2023/24,1_75_1_99,AH_0_50,NOT_FT_OVER25,AWAY,LT_100,30,30,15,0.5,1.886,-0.056333,4,-4.0,0,0,SMALL_SAMPLE,SMALL_SAMPLE_NO_EDGE_CLAIM
ASIAN_HANDICAP,P1,2023/24,1_75_1_99,AH_0_50,NOT_FT_OVER25,HOME,LT_100,20,20,10,0.5,1.918,-0.044,3,-3.14,0,0,SMALL_SAMPLE,SMALL_SAMPLE_NO_EDGE_CLAIM
ASIAN_HANDICAP,P1,2023/24,1_75_1_99,AH_0_75,NOT_FT_OVER25,AWAY,LT_100,20,20,7,0.35,1.9155,-0.221,4,-5.625,0,0,SMALL_SAMPLE,SMALL_SAMPLE_NO_EDGE_CLAIM
ASIAN_HANDICAP,P1,2023/24,1_75_1_99,AH_0_75,NOT_FT_OVER25,HOME,LT_100,22,22,13,0.590909,1.926818,0.0775,3,-3.0,0,0,SMALL_SAMPLE,SMALL_SAMPLE_NO_EDGE_CLAIM
ASIAN_HANDICAP,P1,2023/24,1_75_1_99,AH_1_00,NOT_FT_OVER25,AWAY,LT_100,12,12,7,0.583333,1.871667,0.178333,1,-1.25,0,0,SMALL_SAMPLE,SMALL_SAMPLE_NO_EDGE_CLAIM
ASIAN_HANDICAP,P1,2023/24,1_75_1_99,AH_1_00,NOT_FT_OVER25,HOME,LT_100,6,6,3,0.5,1.901667,-0.05,1,-1.08,0,0,SMALL_SAMPLE,SMALL_SAMPLE_NO_EDGE_CLAIM
ASIAN_HANDICAP,P1,2023/24,1_75_1_99,AH_1_25_1_50,NOT_FT_OVER25,AWAY,LT_100,22,22,11,0.5,1.894091,-0.093864,2,-3.485,0,0,SMALL_SAMPLE,SMALL_SAMPLE_NO_EDGE_CLAIM
ASIAN_HANDICAP,P1,2023/24,1_75_1_99,AH_1_25_1_50,NOT_FT_OVER25,HOME,LT_100,29,29,17,0.586207,1.871379,0.095862,3,-5.09,0,0,SMALL_SAMPLE,SMALL_SAMPLE_NO_EDGE_CLAIM
ASIAN_HANDICAP,P1,2023/24,1_75_1_99,AH_GT_1_50,NOT_FT_OVER25,AWAY,LT_100,31,31,16,0.516129,1.917097,0.108548,2,-3.44,0,0,SMALL_SAMPLE,SMALL_SAMPLE_NO_EDGE_CLAIM
ASIAN_HANDICAP,P1,2023/24,1_75_1_99,AH_GT_1_50,NOT_FT_OVER25,HOME,LT_100,37,37,12,0.324324,1.898108,-0.255135,4,-9.44,0,0,SMALL_SAMPLE,SMALL_SAMPLE_NO_EDGE_CLAIM
ASIAN_HANDICAP,P1,2023/24,2_00_2_49,AH_0,NOT_FT_OVER25,AWAY,LT_100,21,21,6,0.285714,2.044286,0.008571,3,-3.0,0,0,SMALL_SAMPLE,SMALL_SAMPLE_NO_EDGE_CLAIM
ASIAN_HANDICAP,P1,2023/24,2_00_2_49,AH_0,NOT_FT_OVER25,HOME,LT_100,13,13,4,0.307692,2.057692,0.02,2,-2.0,0,0,SMALL_SAMPLE,SMALL_SAMPLE_NO_EDGE_CLAIM
ASIAN_HANDICAP,P1,2023/24,2_00_2_49,AH_0_25,NOT_FT_OVER25,AWAY,LT_100,30,30,15,0.5,2.053667,-0.046833,3,-4.14,0,0,SMALL_SAMPLE,SMALL_SAMPLE_NO_EDGE_CLAIM
ASIAN_HANDICAP,P1,2023/24,2_00_2_49,AH_0_25,NOT_FT_OVER25,HOME,LT_100,37,37,16,0.432432,2.076486,0.072027,4,-2.5,0,0,SMALL_SAMPLE,SMALL_SAMPLE_NO_EDGE_CLAIM
ASIAN_HANDICAP,P1,2023/24,2_00_2_49,AH_0_50,NOT_FT_OVER25,AWAY,LT_100,10,10,5,0.5,2.04,0.023,4,-4.0,0,0,SMALL_SAMPLE,SMALL_SAMPLE_NO_EDGE_CLAIM
ASIAN_HANDICAP,P1,2023/24,2_00_2_49,AH_0_50,NOT_FT_OVER25,HOME,LT_100,19,19,10,0.526316,2.044211,0.075789,2,-2.0,0,0,SMALL_SAMPLE,SMALL_SAMPLE_NO_EDGE_CLAIM
ASIAN_HANDICAP,P1,2023/24,2_00_2_49,AH_0_75,NOT_FT_OVER25,AWAY,LT_100,7,7,3,0.428571,2.035714,-0.047143,3,-3.0,0,0,SMALL_SAMPLE,SMALL_SAMPLE_NO_EDGE_CLAIM
ASIAN_HANDICAP,P1,2023/24,2_00_2_49,AH_0_75,NOT_FT_OVER25,HOME,LT_100,6,6,4,0.666667,2.055,0.186667,1,-1.0,0,0,SMALL_SAMPLE,SMALL_SAMPLE_NO_EDGE_CLAIM
ASIAN_HANDICAP,P1,2023/24,2_00_2_49,AH_1_00,NOT_FT_OVER25,AWAY,LT_100,3,3,1,0.333333,2.08,-0.306667,1,-1.0,0,0,SMALL_SAMPLE,SMALL_SAMPLE_NO_EDGE_CLAIM
ASIAN_HANDICAP,P1,2023/24,2_00_2_49,AH_1_00,NOT_FT_OVER25,HOME,LT_100,8,8,2,0.25,2.04625,-0.3575,2,-2.95,0,0,SMALL_SAMPLE,SMALL_SAMPLE_NO_EDGE_CLAIM
ASIAN_HANDICAP,P1,2023/24,2_00_2_49,AH_1_25_1_50,NOT_FT_OVER25,AWAY,LT_100,21,21,8,0.380952,2.042381,-0.222381,4,-4.97,0,0,SMALL_SAMPLE,SMALL_SAMPLE_NO_EDGE_CLAIM
ASIAN_HANDICAP,P1,2023/24,2_00_2_49,AH_1_25_1_50,NOT_FT_OVER25,HOME,LT_100,14,14,6,0.428571,2.040714,-0.053571,3,-3.44,0,0,SMALL_SAMPLE,SMALL_SAMPLE_NO_EDGE_CLAIM
ASIAN_HANDICAP,P1,2023/24,2_00_2_49,AH_GT_1_50,NOT_FT_OVER25,AWAY,LT_100,17,17,9,0.529412,2.044118,0.106765,3,-3.0,0,0,SMALL_SAMPLE,SMALL_SAMPLE_NO_EDGE_CLAIM
ASIAN_HANDICAP,P1,2023/24,2_00_2_49,AH_GT_1_50,NOT_FT_OVER25,HOME,LT_100,11,11,6,0.545455,2.037273,0.198182,2,-2.0,0,0,SMALL_SAMPLE,SMALL_SAMPLE_NO_EDGE_CLAIM
ASIAN_HANDICAP,P1,2024/25,1_50_1_74,AH_0_25,NOT_FT_OVER25,AWAY,LT_100,2,2,1,0.5,1.715,-0.135,1,-1.0,0,0,SMALL_SAMPLE,SMALL_SAMPLE_NO_EDGE_CLAIM
ASIAN_HANDICAP,P1,2024/25,1_50_1_74,AH_0_25,NOT_FT_OVER25,HOME,LT_100,2,2,2,1.0,1.715,0.715,0,0.0,0,0,SMALL_SAMPLE,SMALL_SAMPLE_NO_EDGE_CLAIM
ASIAN_HANDICAP,P1,2024/25,1_50_1_74,AH_0_50,NOT_FT_OVER25,AWAY,LT_100,1,1,0,0.0,1.73,-1.0,1,-1.0,0,0,SMALL_SAMPLE,SMALL_SAMPLE_NO_EDGE_CLAIM
ASIAN_HANDICAP,P1,2024/25,1_50_1_74,AH_GT_1_50,NOT_FT_OVER25,HOME,LT_100,1,1,0,0.0,1.73,-1.0,1,-1.0,0,0,SMALL_SAMPLE,SMALL_SAMPLE_NO_EDGE_CLAIM
ASIAN_HANDICAP,P1,2024/25,1_75_1_99,AH_0,NOT_FT_OVER25,AWAY,LT_100,26,26,10,0.384615,1.894615,0.033462,2,-3.4,0,0,SMALL_SAMPLE,SMALL_SAMPLE_NO_EDGE_CLAIM
ASIAN_HANDICAP,P1,2024/25,1_75_1_99,AH_0,NOT_FT_OVER25,HOME,LT_100,24,24,10,0.416667,1.8925,0.087917,2,-3.1,0,0,SMALL_SAMPLE,SMALL_SAMPLE_NO_EDGE_CLAIM
ASIAN_HANDICAP,P1,2024/25,1_75_1_99,AH_0_25,NOT_FT_OVER25,AWAY,LT_100,41,41,25,0.609756,1.870732,0.088415,3,-4.73,0,0,SMALL_SAMPLE,SMALL_SAMPLE_NO_EDGE_CLAIM
ASIAN_HANDICAP,P1,2024/25,1_75_1_99,AH_0_25,NOT_FT_OVER25,HOME,LT_100,46,46,16,0.347826,1.869783,-0.242065,11,-14.075,0,0,SMALL_SAMPLE,SMALL_SAMPLE_NO_EDGE_CLAIM
ASIAN_HANDICAP,P1,2024/25,1_75_1_99,AH_0_50,NOT_FT_OVER25,AWAY,LT_100,43,43,21,0.488372,1.900698,-0.070233,5,-6.34,0,0,SMALL_SAMPLE,SMALL_SAMPLE_NO_EDGE_CLAIM
ASIAN_HANDICAP,P1,2024/25,1_75_1_99,AH_0_50,NOT_FT_OVER25,HOME,LT_100,37,37,20,0.540541,1.908378,0.035676,4,-7.38,0,0,SMALL_SAMPLE,SMALL_SAMPLE_NO_EDGE_CLAIM
ASIAN_HANDICAP,P1,2024/25,1_75_1_99,AH_0_75,NOT_FT_OVER25,AWAY,LT_100,24,24,13,0.541667,1.90875,0.063542,4,-3.23,0,0,SMALL_SAMPLE,SMALL_SAMPLE_NO_EDGE_CLAIM
ASIAN_HANDICAP,P1,2024/25,1_75_1_99,AH_0_75,NOT_FT_OVER25,HOME,LT_100,22,22,11,0.5,1.928182,-0.097045,5,-4.5,0,0,SMALL_SAMPLE,SMALL_SAMPLE_NO_EDGE_CLAIM
ASIAN_HANDICAP,P1,2024/25,1_75_1_99,AH_1_00,NOT_FT_OVER25,AWAY,LT_100,17,17,4,0.235294,1.875882,-0.098824,2,-2.25,0,0,SMALL_SAMPLE,SMALL_SAMPLE_NO_EDGE_CLAIM
ASIAN_HANDICAP,P1,2024/25,1_75_1_99,AH_1_00,NOT_FT_OVER25,HOME,LT_100,15,15,2,0.133333,1.904667,-0.215333,2,-4.13,0,0,SMALL_SAMPLE,SMALL_SAMPLE_NO_EDGE_CLAIM
ASIAN_HANDICAP,P1,2024/25,1_75_1_99,AH_1_25_1_50,NOT_FT_OVER25,AWAY,LT_100,21,21,8,0.380952,1.913333,-0.266905,10,-10.0,0,0,SMALL_SAMPLE,SMALL_SAMPLE_NO_EDGE_CLAIM
ASIAN_HANDICAP,P1,2024/25,1_75_1_99,AH_1_25_1_50,NOT_FT_OVER25,HOME,LT_100,26,26,16,0.615385,1.900385,0.148846,3,-3.0,0,0,SMALL_SAMPLE,SMALL_SAMPLE_NO_EDGE_CLAIM
ASIAN_HANDICAP,P1,2024/25,1_75_1_99,AH_GT_1_50,NOT_FT_OVER25,AWAY,LT_100,29,29,12,0.413793,1.891724,-0.133276,4,-4.835,0,0,SMALL_SAMPLE,SMALL_SAMPLE_NO_EDGE_CLAIM
ASIAN_HANDICAP,P1,2024/25,1_75_1_99,AH_GT_1_50,NOT_FT_OVER25,HOME,LT_100,28,28,14,0.5,1.904643,0.105536,2,-2.02,0,0,SMALL_SAMPLE,SMALL_SAMPLE_NO_EDGE_CLAIM
ASIAN_HANDICAP,P1,2024/25,2_00_2_49,AH_0,NOT_FT_OVER25,AWAY,LT_100,11,11,3,0.272727,2.064545,-0.068182,3,-4.0,0,0,SMALL_SAMPLE,SMALL_SAMPLE_NO_EDGE_CLAIM
ASIAN_HANDICAP,P1,2024/25,2_00_2_49,AH_0,NOT_FT_OVER25,HOME,LT_100,13,13,2,0.153846,2.058462,-0.297692,3,-5.0,0,0,SMALL_SAMPLE,SMALL_SAMPLE_NO_EDGE_CLAIM
ASIAN_HANDICAP,P1,2024/25,2_00_2_49,AH_0_25,NOT_FT_OVER25,AWAY,LT_100,35,35,21,0.6,2.054571,0.107857,3,-4.85,0,0,SMALL_SAMPLE,SMALL_SAMPLE_NO_EDGE_CLAIM
ASIAN_HANDICAP,P1,2024/25,2_00_2_49,AH_0_25,NOT_FT_OVER25,HOME,LT_100,30,30,13,0.433333,2.063,-0.059333,4,-5.42,0,0,SMALL_SAMPLE,SMALL_SAMPLE_NO_EDGE_CLAIM
ASIAN_HANDICAP,P1,2024/25,2_00_2_49,AH_0_50,NOT_FT_OVER25,AWAY,LT_100,13,13,6,0.461538,2.037692,-0.057692,4,-4.0,0,0,SMALL_SAMPLE,SMALL_SAMPLE_NO_EDGE_CLAIM
ASIAN_HANDICAP,P1,2024/25,2_00_2_49,AH_0_50,NOT_FT_OVER25,HOME,LT_100,20,20,10,0.5,2.0395,0.0175,4,-4.0,0,0,SMALL_SAMPLE,SMALL_SAMPLE_NO_EDGE_CLAIM
ASIAN_HANDICAP,P1,2024/25,2_00_2_49,AH_0_75,NOT_FT_OVER25,AWAY,LT_100,7,7,4,0.571429,2.021429,0.221429,2,-1.5,0,0,SMALL_SAMPLE,SMALL_SAMPLE_NO_EDGE_CLAIM
ASIAN_HANDICAP,P1,2024/25,2_00_2_49,AH_0_75,NOT_FT_OVER25,HOME,LT_100,9,9,3,0.333333,2.046667,-0.268889,3,-2.965,0,0,SMALL_SAMPLE,SMALL_SAMPLE_NO_EDGE_CLAIM
ASIAN_HANDICAP,P1,2024/25,2_00_2_49,AH_1_00,NOT_FT_OVER25,AWAY,LT_100,7,7,4,0.571429,2.034286,0.305714,1,-1.0,0,0,SMALL_SAMPLE,SMALL_SAMPLE_NO_EDGE_CLAIM
ASIAN_HANDICAP,P1,2024/25,2_00_2_49,AH_1_00,NOT_FT_OVER25,HOME,LT_100,9,9,5,0.555556,2.045556,0.238889,2,-2.0,0,0,SMALL_SAMPLE,SMALL_SAMPLE_NO_EDGE_CLAIM
ASIAN_HANDICAP,P1,2024/25,2_00_2_49,AH_1_25_1_50,NOT_FT_OVER25,AWAY,LT_100,13,13,4,0.307692,2.035385,-0.335385,4,-5.96,0,0,SMALL_SAMPLE,SMALL_SAMPLE_NO_EDGE_CLAIM
ASIAN_HANDICAP,P1,2024/25,2_00_2_49,AH_1_25_1_50,NOT_FT_OVER25,HOME,LT_100,8,8,6,0.75,2.03875,0.5325,2,-2.0,0,0,SMALL_SAMPLE,SMALL_SAMPLE_NO_EDGE_CLAIM
ASIAN_HANDICAP,P1,2024/25,2_00_2_49,AH_GT_1_50,NOT_FT_OVER25,AWAY,LT_100,16,16,8,0.5,2.035,0.104688,1,-2.99,0,0,SMALL_SAMPLE,SMALL_SAMPLE_NO_EDGE_CLAIM
ASIAN_HANDICAP,P1,2024/25,2_00_2_49,AH_GT_1_50,NOT_FT_OVER25,HOME,LT_100,16,16,6,0.375,2.0275,-0.115937,3,-4.5,0,0,SMALL_SAMPLE,SMALL_SAMPLE_NO_EDGE_CLAIM
ASIAN_HANDICAP,SP1,2020/21,1_50_1_74,AH_0,NOT_FT_OVER25,HOME,LT_100,2,2,1,0.5,1.72,0.37,0,0.0,0,0,SMALL_SAMPLE,SMALL_SAMPLE_NO_EDGE_CLAIM
ASIAN_HANDICAP,SP1,2020/21,1_50_1_74,AH_0_25,NOT_FT_OVER25,AWAY,LT_100,4,4,4,1.0,1.71,0.44625,0,0.0,0,0,SMALL_SAMPLE,SMALL_SAMPLE_NO_EDGE_CLAIM
ASIAN_HANDICAP,SP1,2020/21,1_50_1_74,AH_0_25,NOT_FT_OVER25,HOME,LT_100,7,7,5,0.714286,1.702857,0.066429,2,-2.0,0,0,SMALL_SAMPLE,SMALL_SAMPLE_NO_EDGE_CLAIM
ASIAN_HANDICAP,SP1,2020/21,1_50_1_74,AH_0_50,NOT_FT_OVER25,HOME,LT_100,1,1,1,1.0,1.73,0.73,0,0.0,0,0,SMALL_SAMPLE,SMALL_SAMPLE_NO_EDGE_CLAIM
ASIAN_HANDICAP,SP1,2020/21,1_50_1_74,AH_1_00,NOT_FT_OVER25,AWAY,LT_100,2,2,0,0.0,1.625,-1.0,2,-2.0,0,0,SMALL_SAMPLE,SMALL_SAMPLE_NO_EDGE_CLAIM
ASIAN_HANDICAP,SP1,2020/21,1_50_1_74,AH_1_00,NOT_FT_OVER25,HOME,LT_100,2,2,0,0.0,1.665,-1.0,2,-2.0,0,0,SMALL_SAMPLE,SMALL_SAMPLE_NO_EDGE_CLAIM
ASIAN_HANDICAP,SP1,2020/21,1_75_1_99,AH_0,NOT_FT_OVER25,AWAY,LT_100,29,29,9,0.310345,1.875517,-0.00069,2,-3.0,0,0,SMALL_SAMPLE,SMALL_SAMPLE_NO_EDGE_CLAIM
ASIAN_HANDICAP,SP1,2020/21,1_75_1_99,AH_0,NOT_FT_OVER25,HOME,LT_100,23,23,10,0.434783,1.874348,0.162609,2,-3.0,0,0,SMALL_SAMPLE,SMALL_SAMPLE_NO_EDGE_CLAIM
ASIAN_HANDICAP,SP1,2020/21,1_75_1_99,AH_0_25,NOT_FT_OVER25,AWAY,LT_100,59,59,30,0.508475,1.89,-0.087458,4,-10.575,0,0,SMALL_SAMPLE,SMALL_SAMPLE_NO_EDGE_CLAIM
ASIAN_HANDICAP,SP1,2020/21,1_75_1_99,AH_0_25,NOT_FT_OVER25,HOME,LT_100,59,59,31,0.525424,1.887627,0.033051,6,-5.955,0,0,SMALL_SAMPLE,SMALL_SAMPLE_NO_EDGE_CLAIM
ASIAN_HANDICAP,SP1,2020/21,1_75_1_99,AH_0_50,NOT_FT_OVER25,AWAY,LT_100,31,31,15,0.483871,1.893548,-0.076774,4,-4.63,0,0,SMALL_SAMPLE,SMALL_SAMPLE_NO_EDGE_CLAIM
ASIAN_HANDICAP,SP1,2020/21,1_75_1_99,AH_0_50,NOT_FT_OVER25,HOME,LT_100,40,40,17,0.425,1.888,-0.19875,5,-10.54,0,0,SMALL_SAMPLE,SMALL_SAMPLE_NO_EDGE_CLAIM
ASIAN_HANDICAP,SP1,2020/21,1_75_1_99,AH_0_75,NOT_FT_OVER25,AWAY,LT_100,32,32,19,0.59375,1.90625,0.217969,4,-3.0,0,0,SMALL_SAMPLE,SMALL_SAMPLE_NO_EDGE_CLAIM
ASIAN_HANDICAP,SP1,2020/21,1_75_1_99,AH_0_75,NOT_FT_OVER25,HOME,LT_100,36,36,18,0.5,1.886111,-0.107222,5,-5.715,0,0,SMALL_SAMPLE,SMALL_SAMPLE_NO_EDGE_CLAIM
ASIAN_HANDICAP,SP1,2020/21,1_75_1_99,AH_1_00,NOT_FT_OVER25,AWAY,LT_100,18,18,5,0.277778,1.871667,0.016667,1,-3.0,0,0,SMALL_SAMPLE,SMALL_SAMPLE_NO_EDGE_CLAIM
ASIAN_HANDICAP,SP1,2020/21,1_75_1_99,AH_1_00,NOT_FT_OVER25,HOME,LT_100,21,21,9,0.428571,1.85619,0.209524,1,-1.18,0,0,SMALL_SAMPLE,SMALL_SAMPLE_NO_EDGE_CLAIM
ASIAN_HANDICAP,SP1,2020/21,1_75_1_99,AH_1_25_1_50,NOT_FT_OVER25,AWAY,LT_100,28,28,12,0.428571,1.885357,-0.221429,6,-7.16,0,0,SMALL_SAMPLE,SMALL_SAMPLE_NO_EDGE_CLAIM
ASIAN_HANDICAP,SP1,2020/21,1_75_1_99,AH_1_25_1_50,NOT_FT_OVER25,HOME,LT_100,24,24,10,0.416667,1.90625,-0.196667,3,-5.29,0,0,SMALL_SAMPLE,SMALL_SAMPLE_NO_EDGE_CLAIM
ASIAN_HANDICAP,SP1,2020/21,1_75_1_99,AH_GT_1_50,NOT_FT_OVER25,AWAY,LT_100,10,10,5,0.5,1.88,-0.063,2,-2.57,0,0,SMALL_SAMPLE,SMALL_SAMPLE_NO_EDGE_CLAIM
ASIAN_HANDICAP,SP1,2020/21,1_75_1_99,AH_GT_1_50,NOT_FT_OVER25,HOME,LT_100,14,14,7,0.5,1.902143,-0.007857,2,-2.0,0,0,SMALL_SAMPLE,SMALL_SAMPLE_NO_EDGE_CLAIM
ASIAN_HANDICAP,SP1,2020/21,2_00_2_49,AH_0,NOT_FT_OVER25,AWAY,LT_100,19,19,3,0.157895,2.084737,-0.303158,5,-5.91,0,0,SMALL_SAMPLE,SMALL_SAMPLE_NO_EDGE_CLAIM
ASIAN_HANDICAP,SP1,2020/21,2_00_2_49,AH_0,NOT_FT_OVER25,HOME,LT_100,23,23,6,0.26087,2.076522,-0.024783,3,-3.0,0,0,SMALL_SAMPLE,SMALL_SAMPLE_NO_EDGE_CLAIM
ASIAN_HANDICAP,SP1,2020/21,2_00_2_49,AH_0_25,NOT_FT_OVER25,AWAY,LT_100,45,45,20,0.444444,2.078,-0.071667,4,-7.24,0,0,SMALL_SAMPLE,SMALL_SAMPLE_NO_EDGE_CLAIM
ASIAN_HANDICAP,SP1,2020/21,2_00_2_49,AH_0_25,NOT_FT_OVER25,HOME,LT_100,42,42,18,0.428571,2.07619,-0.027381,8,-6.145,0,0,SMALL_SAMPLE,SMALL_SAMPLE_NO_EDGE_CLAIM
ASIAN_HANDICAP,SP1,2020/21,2_00_2_49,AH_0_50,NOT_FT_OVER25,AWAY,LT_100,34,34,19,0.558824,2.048529,0.143235,2,-2.0,0,0,SMALL_SAMPLE,SMALL_SAMPLE_NO_EDGE_CLAIM
ASIAN_HANDICAP,SP1,2020/21,2_00_2_49,AH_0_50,NOT_FT_OVER25,HOME,LT_100,24,24,13,0.541667,2.052083,0.115417,4,-4.0,0,0,SMALL_SAMPLE,SMALL_SAMPLE_NO_EDGE_CLAIM
ASIAN_HANDICAP,SP1,2020/21,2_00_2_49,AH_0_75,NOT_FT_OVER25,AWAY,LT_100,25,25,11,0.44,2.0628,-0.0546,5,-5.76,0,0,SMALL_SAMPLE,SMALL_SAMPLE_NO_EDGE_CLAIM
ASIAN_HANDICAP,SP1,2020/21,2_00_2_49,AH_0_75,NOT_FT_OVER25,HOME,LT_100,21,21,9,0.428571,2.043333,-0.201905,3,-4.97,0,0,SMALL_SAMPLE,SMALL_SAMPLE_NO_EDGE_CLAIM
ASIAN_HANDICAP,SP1,2020/21,2_00_2_49,AH_1_00,NOT_FT_OVER25,AWAY,LT_100,19,19,4,0.210526,2.08,-0.183158,2,-3.62,0,0,SMALL_SAMPLE,SMALL_SAMPLE_NO_EDGE_CLAIM
ASIAN_HANDICAP,SP1,2020/21,2_00_2_49,AH_1_00,NOT_FT_OVER25,HOME,LT_100,16,16,5,0.3125,2.088125,0.104375,3,-3.0,0,0,SMALL_SAMPLE,SMALL_SAMPLE_NO_EDGE_CLAIM
ASIAN_HANDICAP,SP1,2020/21,2_00_2_49,AH_1_25_1_50,NOT_FT_OVER25,AWAY,LT_100,15,15,10,0.666667,2.046,0.332667,2,-2.0,0,0,SMALL_SAMPLE,SMALL_SAMPLE_NO_EDGE_CLAIM
ASIAN_HANDICAP,SP1,2020/21,2_00_2_49,AH_1_25_1_50,NOT_FT_OVER25,HOME,LT_100,19,19,11,0.578947,2.065789,0.266316,3,-2.96,0,0,SMALL_SAMPLE,SMALL_SAMPLE_NO_EDGE_CLAIM
ASIAN_HANDICAP,SP1,2020/21,2_00_2_49,AH_GT_1_50,NOT_FT_OVER25,AWAY,LT_100,10,10,4,0.4,2.051,-0.033,2,-2.0,0,0,SMALL_SAMPLE,SMALL_SAMPLE_NO_EDGE_CLAIM
ASIAN_HANDICAP,SP1,2020/21,2_00_2_49,AH_GT_1_50,NOT_FT_OVER25,HOME,LT_100,6,6,3,0.5,2.026667,0.013333,2,-2.0,0,0,SMALL_SAMPLE,SMALL_SAMPLE_NO_EDGE_CLAIM
ASIAN_HANDICAP,SP1,2021/22,1_50_1_74,AH_0,NOT_FT_OVER25,HOME,LT_100,2,2,0,0.0,1.69,-0.5,1,-1.0,0,0,SMALL_SAMPLE,SMALL_SAMPLE_NO_EDGE_CLAIM
ASIAN_HANDICAP,SP1,2021/22,1_50_1_74,AH_0_25,NOT_FT_OVER25,AWAY,LT_100,3,3,2,0.666667,1.72,0.026667,1,-1.0,0,0,SMALL_SAMPLE,SMALL_SAMPLE_NO_EDGE_CLAIM
ASIAN_HANDICAP,SP1,2021/22,1_50_1_74,AH_0_25,NOT_FT_OVER25,HOME,LT_100,6,6,4,0.666667,1.711667,0.1075,1,-1.15,0,0,SMALL_SAMPLE,SMALL_SAMPLE_NO_EDGE_CLAIM
ASIAN_HANDICAP,SP1,2021/22,1_50_1_74,AH_1_25_1_50,NOT_FT_OVER25,HOME,LT_100,2,2,1,0.5,1.705,-0.135,1,-1.0,0,0,SMALL_SAMPLE,SMALL_SAMPLE_NO_EDGE_CLAIM
ASIAN_HANDICAP,SP1,2021/22,1_50_1_74,AH_GT_1_50,NOT_FT_OVER25,HOME,LT_100,2,2,1,0.5,1.7,-0.15,1,-1.0,0,0,SMALL_SAMPLE,SMALL_SAMPLE_NO_EDGE_CLAIM
ASIAN_HANDICAP,SP1,2021/22,1_75_1_99,AH_0,NOT_FT_OVER25,AWAY,LT_100,25,25,5,0.2,1.888,-0.2232,3,-9.0,0,0,SMALL_SAMPLE,SMALL_SAMPLE_NO_EDGE_CLAIM
ASIAN_HANDICAP,SP1,2021/22,1_75_1_99,AH_0,NOT_FT_OVER25,HOME,LT_100,29,29,6,0.206897,1.884483,-0.058966,2,-3.57,0,0,SMALL_SAMPLE,SMALL_SAMPLE_NO_EDGE_CLAIM
ASIAN_HANDICAP,SP1,2021/22,1_75_1_99,AH_0_25,NOT_FT_OVER25,AWAY,LT_100,61,61,35,0.57377,1.892623,0.041803,5,-5.67,0,0,SMALL_SAMPLE,SMALL_SAMPLE_NO_EDGE_CLAIM
ASIAN_HANDICAP,SP1,2021/22,1_75_1_99,AH_0_25,NOT_FT_OVER25,HOME,LT_100,69,69,26,0.376812,1.877681,-0.250797,9,-18.38,0,0,SMALL_SAMPLE,SMALL_SAMPLE_NO_EDGE_CLAIM
ASIAN_HANDICAP,SP1,2021/22,1_75_1_99,AH_0_50,NOT_FT_OVER25,AWAY,LT_100,37,37,16,0.432432,1.895135,-0.181622,6,-14.89,0,0,SMALL_SAMPLE,SMALL_SAMPLE_NO_EDGE_CLAIM
ASIAN_HANDICAP,SP1,2021/22,1_75_1_99,AH_0_50,NOT_FT_OVER25,HOME,LT_100,44,44,27,0.613636,1.8875,0.150227,3,-3.0,0,0,SMALL_SAMPLE,SMALL_SAMPLE_NO_EDGE_CLAIM
ASIAN_HANDICAP,SP1,2021/22,1_75_1_99,AH_0_75,NOT_FT_OVER25,AWAY,LT_100,23,23,11,0.478261,1.892174,-0.074783,5,-4.67,0,0,SMALL_SAMPLE,SMALL_SAMPLE_NO_EDGE_CLAIM
ASIAN_HANDICAP,SP1,2021/22,1_75_1_99,AH_0_75,NOT_FT_OVER25,HOME,LT_100,29,29,18,0.62069,1.879655,0.14431,3,-2.5,0,0,SMALL_SAMPLE,SMALL_SAMPLE_NO_EDGE_CLAIM
ASIAN_HANDICAP,SP1,2021/22,1_75_1_99,AH_1_00,NOT_FT_OVER25,AWAY,LT_100,26,26,5,0.192308,1.906154,-0.322692,3,-10.36,0,0,SMALL_SAMPLE,SMALL_SAMPLE_NO_EDGE_CLAIM
ASIAN_HANDICAP,SP1,2021/22,1_75_1_99,AH_1_00,NOT_FT_OVER25,HOME,LT_100,38,38,17,0.447368,1.882105,0.125263,3,-3.0,0,0,SMALL_SAMPLE,SMALL_SAMPLE_NO_EDGE_CLAIM
ASIAN_HANDICAP,SP1,2021/22,1_75_1_99,AH_1_25_1_50,NOT_FT_OVER25,AWAY,LT_100,31,31,14,0.451613,1.883871,-0.192419,4,-8.06,0,0,SMALL_SAMPLE,SMALL_SAMPLE_NO_EDGE_CLAIM
ASIAN_HANDICAP,SP1,2021/22,1_75_1_99,AH_1_25_1_50,NOT_FT_OVER25,HOME,LT_100,26,26,11,0.423077,1.903846,-0.125577,6,-7.01,0,0,SMALL_SAMPLE,SMALL_SAMPLE_NO_EDGE_CLAIM
ASIAN_HANDICAP,SP1,2021/22,1_75_1_99,AH_GT_1_50,NOT_FT_OVER25,AWAY,LT_100,4,4,3,0.75,1.8175,0.375,1,-1.0,0,0,SMALL_SAMPLE,SMALL_SAMPLE_NO_EDGE_CLAIM
ASIAN_HANDICAP,SP1,2021/22,1_75_1_99,AH_GT_1_50,NOT_FT_OVER25,HOME,LT_100,5,5,0,0.0,1.87,-1.0,5,-5.0,0,0,SMALL_SAMPLE,SMALL_SAMPLE_NO_EDGE_CLAIM
ASIAN_HANDICAP,SP1,2021/22,2_00_2_49,AH_0,NOT_FT_OVER25,AWAY,LT_100,22,22,7,0.318182,2.072727,0.199545,1,-1.0,0,0,SMALL_SAMPLE,SMALL_SAMPLE_NO_EDGE_CLAIM
ASIAN_HANDICAP,SP1,2021/22,2_00_2_49,AH_0,NOT_FT_OVER25,HOME,LT_100,16,16,7,0.4375,2.064375,0.216875,4,-4.0,0,0,SMALL_SAMPLE,SMALL_SAMPLE_NO_EDGE_CLAIM
ASIAN_HANDICAP,SP1,2021/22,2_00_2_49,AH_0_25,NOT_FT_OVER25,AWAY,LT_100,52,52,32,0.615385,2.073269,0.250577,4,-3.48,0,0,SMALL_SAMPLE,SMALL_SAMPLE_NO_EDGE_CLAIM
ASIAN_HANDICAP,SP1,2021/22,2_00_2_49,AH_0_25,NOT_FT_OVER25,HOME,LT_100,41,41,17,0.414634,2.060976,-0.060732,6,-5.0,0,0,SMALL_SAMPLE,SMALL_SAMPLE_NO_EDGE_CLAIM
ASIAN_HANDICAP,SP1,2021/22,2_00_2_49,AH_0_50,NOT_FT_OVER25,AWAY,LT_100,27,27,8,0.296296,2.05037,-0.391111,6,-13.71,0,0,SMALL_SAMPLE,SMALL_SAMPLE_NO_EDGE_CLAIM
ASIAN_HANDICAP,SP1,2021/22,2_00_2_49,AH_0_50,NOT_FT_OVER25,HOME,LT_100,20,20,13,0.65,2.0515,0.33,2,-2.0,0,0,SMALL_SAMPLE,SMALL_SAMPLE_NO_EDGE_CLAIM
ASIAN_HANDICAP,SP1,2021/22,2_00_2_49,AH_0_75,NOT_FT_OVER25,AWAY,LT_100,22,22,10,0.454545,2.049091,-0.054318,4,-3.345,0,0,SMALL_SAMPLE,SMALL_SAMPLE_NO_EDGE_CLAIM
ASIAN_HANDICAP,SP1,2021/22,2_00_2_49,AH_0_75,NOT_FT_OVER25,HOME,LT_100,16,16,6,0.375,2.045,-0.238437,4,-5.35,0,0,SMALL_SAMPLE,SMALL_SAMPLE_NO_EDGE_CLAIM
ASIAN_HANDICAP,SP1,2021/22,2_00_2_49,AH_1_00,NOT_FT_OVER25,AWAY,LT_100,24,24,6,0.25,2.052917,-0.195833,3,-7.93,0,0,SMALL_SAMPLE,SMALL_SAMPLE_NO_EDGE_CLAIM
ASIAN_HANDICAP,SP1,2021/22,2_00_2_49,AH_1_00,NOT_FT_OVER25,HOME,LT_100,12,12,7,0.583333,2.064167,0.5425,1,-1.0,0,0,SMALL_SAMPLE,SMALL_SAMPLE_NO_EDGE_CLAIM
ASIAN_HANDICAP,SP1,2021/22,2_00_2_49,AH_1_25_1_50,NOT_FT_OVER25,AWAY,LT_100,16,16,11,0.6875,2.04625,0.345625,3,-3.995,0,0,SMALL_SAMPLE,SMALL_SAMPLE_NO_EDGE_CLAIM
ASIAN_HANDICAP,SP1,2021/22,2_00_2_49,AH_1_25_1_50,NOT_FT_OVER25,HOME,LT_100,19,19,10,0.526316,2.052632,0.132105,2,-2.0,0,0,SMALL_SAMPLE,SMALL_SAMPLE_NO_EDGE_CLAIM
ASIAN_HANDICAP,SP1,2021/22,2_00_2_49,AH_GT_1_50,NOT_FT_OVER25,AWAY,LT_100,6,6,5,0.833333,2.055,0.705,1,-1.0,0,0,SMALL_SAMPLE,SMALL_SAMPLE_NO_EDGE_CLAIM
ASIAN_HANDICAP,SP1,2021/22,2_00_2_49,AH_GT_1_50,NOT_FT_OVER25,HOME,LT_100,3,3,1,0.333333,2.056667,-0.326667,2,-2.0,0,0,SMALL_SAMPLE,SMALL_SAMPLE_NO_EDGE_CLAIM
ASIAN_HANDICAP,SP1,2021/22,PRICE_MISSING,AH_0_75,NOT_FT_OVER25,AWAY,LT_100,1,1,1,1.0,,,0,0.0,1,0,SMALL_SAMPLE,SMALL_SAMPLE_NO_EDGE_CLAIM
ASIAN_HANDICAP,SP1,2021/22,PRICE_MISSING,AH_0_75,NOT_FT_OVER25,HOME,LT_100,1,1,0,0.0,,,0,0.0,1,0,SMALL_SAMPLE,SMALL_SAMPLE_NO_EDGE_CLAIM
ASIAN_HANDICAP,SP1,2022/23,1_50_1_74,AH_0,NOT_FT_OVER25,HOME,LT_100,2,2,0,0.0,1.73,0.0,0,0.0,0,0,SMALL_SAMPLE,SMALL_SAMPLE_NO_EDGE_CLAIM
ASIAN_HANDICAP,SP1,2022/23,1_50_1_74,AH_0_25,NOT_FT_OVER25,AWAY,LT_100,1,1,0,0.0,1.73,-1.0,1,-1.0,0,0,SMALL_SAMPLE,SMALL_SAMPLE_NO_EDGE_CLAIM
ASIAN_HANDICAP,SP1,2022/23,1_50_1_74,AH_0_25,NOT_FT_OVER25,HOME,LT_100,9,9,4,0.444444,1.721111,-0.218889,2,-3.43,0,0,SMALL_SAMPLE,SMALL_SAMPLE_NO_EDGE_CLAIM
ASIAN_HANDICAP,SP1,2022/23,1_50_1_74,AH_1_00,NOT_FT_OVER25,HOME,LT_100,2,2,2,1.0,1.73,0.73,0,0.0,0,0,SMALL_SAMPLE,SMALL_SAMPLE_NO_EDGE_CLAIM
ASIAN_HANDICAP,SP1,2022/23,1_50_1_74,AH_1_25_1_50,NOT_FT_OVER25,HOME,LT_100,4,4,3,0.75,1.71,0.2775,1,-1.0,0,0,SMALL_SAMPLE,SMALL_SAMPLE_NO_EDGE_CLAIM
ASIAN_HANDICAP,SP1,2022/23,1_75_1_99,AH_0,NOT_FT_OVER25,AWAY,LT_100,27,27,8,0.296296,1.869259,-0.032963,2,-5.16,0,0,SMALL_SAMPLE,SMALL_SAMPLE_NO_EDGE_CLAIM
ASIAN_HANDICAP,SP1,2022/23,1_75_1_99,AH_0,NOT_FT_OVER25,HOME,LT_100,26,26,12,0.461538,1.865,0.015385,2,-3.43,0,0,SMALL_SAMPLE,SMALL_SAMPLE_NO_EDGE_CLAIM
ASIAN_HANDICAP,SP1,2022/23,1_75_1_99,AH_0_25,NOT_FT_OVER25,AWAY,LT_100,60,60,34,0.566667,1.883833,-0.005833,3,-4.79,0,0,SMALL_SAMPLE,SMALL_SAMPLE_NO_EDGE_CLAIM
ASIAN_HANDICAP,SP1,2022/23,1_75_1_99,AH_0_25,NOT_FT_OVER25,HOME,LT_100,62,62,36,0.580645,1.875645,0.146371,3,-3.0,0,0,SMALL_SAMPLE,SMALL_SAMPLE_NO_EDGE_CLAIM
ASIAN_HANDICAP,SP1,2022/23,1_75_1_99,AH_0_50,NOT_FT_OVER25,AWAY,LT_100,46,46,23,0.5,1.901957,-0.057609,4,-7.87,0,0,SMALL_SAMPLE,SMALL_SAMPLE_NO_EDGE_CLAIM
ASIAN_HANDICAP,SP1,2022/23,1_75_1_99,AH_0_50,NOT_FT_OVER25,HOME,LT_100,44,44,25,0.568182,1.890455,0.080455,4,-5.29,0,0,SMALL_SAMPLE,SMALL_SAMPLE_NO_EDGE_CLAIM
ASIAN_HANDICAP,SP1,2022/23,1_75_1_99,AH_0_75,NOT_FT_OVER25,AWAY,LT_100,33,33,17,0.515152,1.907273,0.072121,4,-3.31,0,0,SMALL_SAMPLE,SMALL_SAMPLE_NO_EDGE_CLAIM
ASIAN_HANDICAP,SP1,2022/23,1_75_1_99,AH_0_75,NOT_FT_OVER25,HOME,LT_100,43,43,24,0.55814,1.893953,-0.032907,4,-4.005,0,0,SMALL_SAMPLE,SMALL_SAMPLE_NO_EDGE_CLAIM
ASIAN_HANDICAP,SP1,2022/23,1_75_1_99,AH_1_00,NOT_FT_OVER25,AWAY,LT_100,20,20,10,0.5,1.8765,0.2885,1,-1.07,0,0,SMALL_SAMPLE,SMALL_SAMPLE_NO_EDGE_CLAIM
ASIAN_HANDICAP,SP1,2022/23,1_75_1_99,AH_1_00,NOT_FT_OVER25,HOME,LT_100,15,15,4,0.266667,1.917333,-0.280667,3,-5.12,0,0,SMALL_SAMPLE,SMALL_SAMPLE_NO_EDGE_CLAIM
ASIAN_HANDICAP,SP1,2022/23,1_75_1_99,AH_1_25_1_50,NOT_FT_OVER25,AWAY,LT_100,28,28,13,0.464286,1.913214,-0.131071,5,-6.145,0,0,SMALL_SAMPLE,SMALL_SAMPLE_NO_EDGE_CLAIM
ASIAN_HANDICAP,SP1,2022/23,1_75_1_99,AH_1_25_1_50,NOT_FT_OVER25,HOME,LT_100,28,28,17,0.607143,1.9275,0.214107,3,-2.5,0,0,SMALL_SAMPLE,SMALL_SAMPLE_NO_EDGE_CLAIM
ASIAN_HANDICAP,SP1,2022/23,1_75_1_99,AH_GT_1_50,NOT_FT_OVER25,AWAY,LT_100,8,8,6,0.75,1.87125,0.41375,1,-1.0,0,0,SMALL_SAMPLE,SMALL_SAMPLE_NO_EDGE_CLAIM
ASIAN_HANDICAP,SP1,2022/23,1_75_1_99,AH_GT_1_50,NOT_FT_OVER25,HOME,LT_100,11,11,5,0.454545,1.875455,-0.284545,4,-4.0,0,0,SMALL_SAMPLE,SMALL_SAMPLE_NO_EDGE_CLAIM
ASIAN_HANDICAP,SP1,2022/23,2_00_2_49,AH_0,NOT_FT_OVER25,AWAY,LT_100,23,23,7,0.304348,2.072609,-0.104783,3,-7.93,0,0,SMALL_SAMPLE,SMALL_SAMPLE_NO_EDGE_CLAIM
ASIAN_HANDICAP,SP1,2022/23,2_00_2_49,AH_0,NOT_FT_OVER25,HOME,LT_100,22,22,6,0.272727,2.066364,0.067727,2,-4.0,0,0,SMALL_SAMPLE,SMALL_SAMPLE_NO_EDGE_CLAIM
ASIAN_HANDICAP,SP1,2022/23,2_00_2_49,AH_0_25,NOT_FT_OVER25,AWAY,LT_100,50,50,20,0.4,2.0742,-0.208,6,-10.975,0,0,SMALL_SAMPLE,SMALL_SAMPLE_NO_EDGE_CLAIM
ASIAN_HANDICAP,SP1,2022/23,2_00_2_49,AH_0_25,NOT_FT_OVER25,HOME,LT_100,40,40,17,0.425,2.06325,-0.047125,5,-8.515,0,0,SMALL_SAMPLE,SMALL_SAMPLE_NO_EDGE_CLAIM
ASIAN_HANDICAP,SP1,2022/23,2_00_2_49,AH_0_50,NOT_FT_OVER25,AWAY,LT_100,24,24,11,0.458333,2.058333,-0.055417,3,-5.85,0,0,SMALL_SAMPLE,SMALL_SAMPLE_NO_EDGE_CLAIM
ASIAN_HANDICAP,SP1,2022/23,2_00_2_49,AH_0_50,NOT_FT_OVER25,HOME,LT_100,26,26,11,0.423077,2.055385,-0.133077,3,-3.83,0,0,SMALL_SAMPLE,SMALL_SAMPLE_NO_EDGE_CLAIM
ASIAN_HANDICAP,SP1,2022/23,2_00_2_49,AH_0_75,NOT_FT_OVER25,AWAY,LT_100,26,26,12,0.461538,2.063077,0.026538,4,-3.0,0,0,SMALL_SAMPLE,SMALL_SAMPLE_NO_EDGE_CLAIM
ASIAN_HANDICAP,SP1,2022/23,2_00_2_49,AH_0_75,NOT_FT_OVER25,HOME,LT_100,16,16,6,0.375,2.054375,-0.260625,4,-4.17,0,0,SMALL_SAMPLE,SMALL_SAMPLE_NO_EDGE_CLAIM
ASIAN_HANDICAP,SP1,2022/23,2_00_2_49,AH_1_00,NOT_FT_OVER25,AWAY,LT_100,10,10,5,0.5,2.051,0.13,3,-3.0,0,0,SMALL_SAMPLE,SMALL_SAMPLE_NO_EDGE_CLAIM
ASIAN_HANDICAP,SP1,2022/23,2_00_2_49,AH_1_00,NOT_FT_OVER25,HOME,LT_100,13,13,1,0.076923,2.054615,-0.454615,4,-6.0,0,0,SMALL_SAMPLE,SMALL_SAMPLE_NO_EDGE_CLAIM
ASIAN_HANDICAP,SP1,2022/23,2_00_2_49,AH_1_25_1_50,NOT_FT_OVER25,AWAY,LT_100,15,15,6,0.4,2.046,-0.223333,5,-6.5,0,0,SMALL_SAMPLE,SMALL_SAMPLE_NO_EDGE_CLAIM
ASIAN_HANDICAP,SP1,2022/23,2_00_2_49,AH_1_25_1_50,NOT_FT_OVER25,HOME,LT_100,11,11,4,0.363636,2.042727,-0.26,3,-3.98,0,0,SMALL_SAMPLE,SMALL_SAMPLE_NO_EDGE_CLAIM
ASIAN_HANDICAP,SP1,2022/23,2_00_2_49,AH_GT_1_50,NOT_FT_OVER25,AWAY,LT_100,9,9,4,0.444444,2.043333,0.072222,3,-2.0,0,0,SMALL_SAMPLE,SMALL_SAMPLE_NO_EDGE_CLAIM
ASIAN_HANDICAP,SP1,2022/23,2_00_2_49,AH_GT_1_50,NOT_FT_OVER25,HOME,LT_100,6,6,2,0.333333,2.041667,-0.328333,2,-2.98,0,0,SMALL_SAMPLE,SMALL_SAMPLE_NO_EDGE_CLAIM
ASIAN_HANDICAP,SP1,2023/24,1_50_1_74,AH_0,NOT_FT_OVER25,HOME,LT_100,2,2,0,0.0,1.7,-0.5,1,-1.0,0,0,SMALL_SAMPLE,SMALL_SAMPLE_NO_EDGE_CLAIM
ASIAN_HANDICAP,SP1,2023/24,1_50_1_74,AH_0_25,NOT_FT_OVER25,HOME,LT_100,4,4,2,0.5,1.715,-0.23,2,-2.0,0,0,SMALL_SAMPLE,SMALL_SAMPLE_NO_EDGE_CLAIM
ASIAN_HANDICAP,SP1,2023/24,1_50_1_74,AH_0_75,NOT_FT_OVER25,HOME,LT_100,3,3,0,0.0,1.686667,-0.833333,3,-2.5,0,0,SMALL_SAMPLE,SMALL_SAMPLE_NO_EDGE_CLAIM
ASIAN_HANDICAP,SP1,2023/24,1_50_1_74,AH_1_00,NOT_FT_OVER25,AWAY,LT_100,1,1,1,1.0,1.73,0.73,0,0.0,0,0,SMALL_SAMPLE,SMALL_SAMPLE_NO_EDGE_CLAIM
ASIAN_HANDICAP,SP1,2023/24,1_50_1_74,AH_1_00,NOT_FT_OVER25,HOME,LT_100,1,1,0,0.0,1.7,0.0,0,0.0,0,0,SMALL_SAMPLE,SMALL_SAMPLE_NO_EDGE_CLAIM
ASIAN_HANDICAP,SP1,2023/24,1_50_1_74,AH_1_25_1_50,NOT_FT_OVER25,HOME,LT_100,1,1,1,1.0,1.73,0.73,0,0.0,0,0,SMALL_SAMPLE,SMALL_SAMPLE_NO_EDGE_CLAIM
ASIAN_HANDICAP,SP1,2023/24,1_75_1_99,AH_0,NOT_FT_OVER25,AWAY,LT_100,21,21,10,0.47619,1.921905,0.193333,2,-4.0,0,0,SMALL_SAMPLE,SMALL_SAMPLE_NO_EDGE_CLAIM
ASIAN_HANDICAP,SP1,2023/24,1_75_1_99,AH_0,NOT_FT_OVER25,HOME,LT_100,32,32,10,0.3125,1.889063,-0.074063,3,-3.44,0,0,SMALL_SAMPLE,SMALL_SAMPLE_NO_EDGE_CLAIM
ASIAN_HANDICAP,SP1,2023/24,1_75_1_99,AH_0_25,NOT_FT_OVER25,AWAY,LT_100,61,61,36,0.590164,1.888197,0.021639,7,-7.415,0,0,SMALL_SAMPLE,SMALL_SAMPLE_NO_EDGE_CLAIM
ASIAN_HANDICAP,SP1,2023/24,1_75_1_99,AH_0_25,NOT_FT_OVER25,HOME,LT_100,61,61,27,0.442623,1.886393,-0.109344,6,-9.03,0,0,SMALL_SAMPLE,SMALL_SAMPLE_NO_EDGE_CLAIM
ASIAN_HANDICAP,SP1,2023/24,1_75_1_99,AH_0_50,NOT_FT_OVER25,AWAY,LT_100,42,42,26,0.619048,1.913095,0.185238,3,-4.19,0,0,SMALL_SAMPLE,SMALL_SAMPLE_NO_EDGE_CLAIM
ASIAN_HANDICAP,SP1,2023/24,1_75_1_99,AH_0_50,NOT_FT_OVER25,HOME,LT_100,48,48,26,0.541667,1.905,0.031667,5,-6.03,0,0,SMALL_SAMPLE,SMALL_SAMPLE_NO_EDGE_CLAIM
ASIAN_HANDICAP,SP1,2023/24,1_75_1_99,AH_0_75,NOT_FT_OVER25,AWAY,LT_100,40,40,13,0.325,1.90475,-0.254875,8,-13.19,0,0,SMALL_SAMPLE,SMALL_SAMPLE_NO_EDGE_CLAIM
ASIAN_HANDICAP,SP1,2023/24,1_75_1_99,AH_0_75,NOT_FT_OVER25,HOME,LT_100,42,42,30,0.714286,1.903571,0.179524,2,-2.36,0,0,SMALL_SAMPLE,SMALL_SAMPLE_NO_EDGE_CLAIM
ASIAN_HANDICAP,SP1,2023/24,1_75_1_99,AH_1_00,NOT_FT_OVER25,AWAY,LT_100,21,21,8,0.380952,1.876667,-0.04381,2,-2.48,0,0,SMALL_SAMPLE,SMALL_SAMPLE_NO_EDGE_CLAIM
ASIAN_HANDICAP,SP1,2023/24,1_75_1_99,AH_1_00,NOT_FT_OVER25,HOME,LT_100,12,12,5,0.416667,1.879167,0.1225,2,-3.0,0,0,SMALL_SAMPLE,SMALL_SAMPLE_NO_EDGE_CLAIM
ASIAN_HANDICAP,SP1,2023/24,1_75_1_99,AH_1_25_1_50,NOT_FT_OVER25,AWAY,LT_100,25,25,14,0.56,1.9108,0.0148,2,-3.7,0,0,SMALL_SAMPLE,SMALL_SAMPLE_NO_EDGE_CLAIM
ASIAN_HANDICAP,SP1,2023/24,1_75_1_99,AH_1_25_1_50,NOT_FT_OVER25,HOME,LT_100,30,30,14,0.466667,1.910667,-0.075667,5,-5.11,0,0,SMALL_SAMPLE,SMALL_SAMPLE_NO_EDGE_CLAIM
ASIAN_HANDICAP,SP1,2023/24,1_75_1_99,AH_GT_1_50,NOT_FT_OVER25,AWAY,LT_100,14,14,9,0.642857,1.905714,0.244286,2,-2.0,0,0,SMALL_SAMPLE,SMALL_SAMPLE_NO_EDGE_CLAIM
ASIAN_HANDICAP,SP1,2023/24,1_75_1_99,AH_GT_1_50,NOT_FT_OVER25,HOME,LT_100,12,12,1,0.083333,1.939167,-0.754167,8,-9.05,0,0,SMALL_SAMPLE,SMALL_SAMPLE_NO_EDGE_CLAIM
ASIAN_HANDICAP,SP1,2023/24,2_00_2_49,AH_0,NOT_FT_OVER25,AWAY,LT_100,22,22,7,0.318182,2.081818,-0.019091,4,-4.0,0,0,SMALL_SAMPLE,SMALL_SAMPLE_NO_EDGE_CLAIM
ASIAN_HANDICAP,SP1,2023/24,2_00_2_49,AH_0,NOT_FT_OVER25,HOME,LT_100,9,9,3,0.333333,2.063333,-0.205556,3,-3.0,0,0,SMALL_SAMPLE,SMALL_SAMPLE_NO_EDGE_CLAIM
ASIAN_HANDICAP,SP1,2023/24,2_00_2_49,AH_0_25,NOT_FT_OVER25,AWAY,LT_100,46,46,27,0.586957,2.067609,0.187826,4,-4.0,0,0,SMALL_SAMPLE,SMALL_SAMPLE_NO_EDGE_CLAIM
ASIAN_HANDICAP,SP1,2023/24,2_00_2_49,AH_0_25,NOT_FT_OVER25,HOME,LT_100,42,42,15,0.357143,2.076905,-0.139286,9,-7.815,0,0,SMALL_SAMPLE,SMALL_SAMPLE_NO_EDGE_CLAIM
ASIAN_HANDICAP,SP1,2023/24,2_00_2_49,AH_0_50,NOT_FT_OVER25,AWAY,LT_100,28,28,11,0.392857,2.047143,-0.197143,9,-11.94,0,0,SMALL_SAMPLE,SMALL_SAMPLE_NO_EDGE_CLAIM
ASIAN_HANDICAP,SP1,2023/24,2_00_2_49,AH_0_50,NOT_FT_OVER25,HOME,LT_100,22,22,7,0.318182,2.052727,-0.341364,5,-11.7,0,0,SMALL_SAMPLE,SMALL_SAMPLE_NO_EDGE_CLAIM
ASIAN_HANDICAP,SP1,2023/24,2_00_2_49,AH_0_75,NOT_FT_OVER25,AWAY,LT_100,28,28,12,0.428571,2.0525,0.006786,5,-6.29,0,0,SMALL_SAMPLE,SMALL_SAMPLE_NO_EDGE_CLAIM
ASIAN_HANDICAP,SP1,2023/24,2_00_2_49,AH_0_75,NOT_FT_OVER25,HOME,LT_100,23,23,13,0.565217,2.044783,0.104348,2,-3.495,0,0,SMALL_SAMPLE,SMALL_SAMPLE_NO_EDGE_CLAIM
ASIAN_HANDICAP,SP1,2023/24,2_00_2_49,AH_1_00,NOT_FT_OVER25,AWAY,LT_100,9,9,1,0.111111,2.056667,-0.216667,1,-2.0,0,0,SMALL_SAMPLE,SMALL_SAMPLE_NO_EDGE_CLAIM
ASIAN_HANDICAP,SP1,2023/24,2_00_2_49,AH_1_00,NOT_FT_OVER25,HOME,LT_100,18,18,6,0.333333,2.055,-0.031667,2,-2.0,0,0,SMALL_SAMPLE,SMALL_SAMPLE_NO_EDGE_CLAIM
ASIAN_HANDICAP,SP1,2023/24,2_00_2_49,AH_1_25_1_50,NOT_FT_OVER25,AWAY,LT_100,18,18,8,0.444444,2.041667,-0.154722,4,-4.39,0,0,SMALL_SAMPLE,SMALL_SAMPLE_NO_EDGE_CLAIM
ASIAN_HANDICAP,SP1,2023/24,2_00_2_49,AH_1_25_1_50,NOT_FT_OVER25,HOME,LT_100,12,12,6,0.5,2.055,0.148333,2,-2.44,0,0,SMALL_SAMPLE,SMALL_SAMPLE_NO_EDGE_CLAIM
ASIAN_HANDICAP,SP1,2023/24,2_00_2_49,AH_GT_1_50,NOT_FT_OVER25,AWAY,LT_100,4,4,3,0.75,2.05,0.7925,0,0.0,0,0,SMALL_SAMPLE,SMALL_SAMPLE_NO_EDGE_CLAIM
ASIAN_HANDICAP,SP1,2023/24,2_00_2_49,AH_GT_1_50,NOT_FT_OVER25,HOME,LT_100,6,6,4,0.666667,2.061667,0.369167,1,-1.0,0,0,SMALL_SAMPLE,SMALL_SAMPLE_NO_EDGE_CLAIM
ASIAN_HANDICAP,SP1,2024/25,1_50_1_74,AH_0,NOT_FT_OVER25,HOME,LT_100,3,3,1,0.333333,1.713333,-0.09,1,-1.0,0,0,SMALL_SAMPLE,SMALL_SAMPLE_NO_EDGE_CLAIM
ASIAN_HANDICAP,SP1,2024/25,1_50_1_74,AH_0_25,NOT_FT_OVER25,AWAY,LT_100,1,1,0,0.0,1.7,-1.0,1,-1.0,0,0,SMALL_SAMPLE,SMALL_SAMPLE_NO_EDGE_CLAIM
ASIAN_HANDICAP,SP1,2024/25,1_50_1_74,AH_0_25,NOT_FT_OVER25,HOME,LT_100,4,4,1,0.25,1.73,-0.3175,3,-2.0,0,0,SMALL_SAMPLE,SMALL_SAMPLE_NO_EDGE_CLAIM
ASIAN_HANDICAP,SP1,2024/25,1_50_1_74,AH_0_50,NOT_FT_OVER25,AWAY,LT_100,1,1,1,1.0,1.73,0.73,0,0.0,0,0,SMALL_SAMPLE,SMALL_SAMPLE_NO_EDGE_CLAIM
ASIAN_HANDICAP,SP1,2024/25,1_50_1_74,AH_0_50,NOT_FT_OVER25,HOME,LT_100,2,2,0,0.0,1.7,-1.0,2,-2.0,0,0,SMALL_SAMPLE,SMALL_SAMPLE_NO_EDGE_CLAIM
ASIAN_HANDICAP,SP1,2024/25,1_50_1_74,AH_0_75,NOT_FT_OVER25,AWAY,LT_100,1,1,1,1.0,1.73,0.73,0,0.0,0,0,SMALL_SAMPLE,SMALL_SAMPLE_NO_EDGE_CLAIM
ASIAN_HANDICAP,SP1,2024/25,1_50_1_74,AH_1_00,NOT_FT_OVER25,AWAY,LT_100,2,2,1,0.5,1.73,-0.135,1,-1.0,0,0,SMALL_SAMPLE,SMALL_SAMPLE_NO_EDGE_CLAIM
ASIAN_HANDICAP,SP1,2024/25,1_50_1_74,AH_1_00,NOT_FT_OVER25,HOME,LT_100,1,1,0,0.0,1.73,0.0,0,0.0,0,0,SMALL_SAMPLE,SMALL_SAMPLE_NO_EDGE_CLAIM
ASIAN_HANDICAP,SP1,2024/25,1_50_1_74,AH_1_25_1_50,NOT_FT_OVER25,HOME,LT_100,1,1,1,1.0,1.73,0.73,0,0.0,0,0,SMALL_SAMPLE,SMALL_SAMPLE_NO_EDGE_CLAIM
ASIAN_HANDICAP,SP1,2024/25,1_75_1_99,AH_0,NOT_FT_OVER25,AWAY,LT_100,23,23,8,0.347826,1.908696,-0.035652,3,-4.27,0,0,SMALL_SAMPLE,SMALL_SAMPLE_NO_EDGE_CLAIM
ASIAN_HANDICAP,SP1,2024/25,1_75_1_99,AH_0,NOT_FT_OVER25,HOME,LT_100,29,29,10,0.344828,1.882414,0.024483,3,-3.0,0,0,SMALL_SAMPLE,SMALL_SAMPLE_NO_EDGE_CLAIM
ASIAN_HANDICAP,SP1,2024/25,1_75_1_99,AH_0_25,NOT_FT_OVER25,AWAY,LT_100,68,68,39,0.573529,1.886324,0.013235,4,-6.955,0,0,SMALL_SAMPLE,SMALL_SAMPLE_NO_EDGE_CLAIM
ASIAN_HANDICAP,SP1,2024/25,1_75_1_99,AH_0_25,NOT_FT_OVER25,HOME,LT_100,64,64,28,0.4375,1.888437,-0.127734,7,-11.345,0,0,SMALL_SAMPLE,SMALL_SAMPLE_NO_EDGE_CLAIM
ASIAN_HANDICAP,SP1,2024/25,1_75_1_99,AH_0_50,NOT_FT_OVER25,AWAY,LT_100,37,37,24,0.648649,1.902703,0.241081,3,-3.13,0,0,SMALL_SAMPLE,SMALL_SAMPLE_NO_EDGE_CLAIM
ASIAN_HANDICAP,SP1,2024/25,1_75_1_99,AH_0_50,NOT_FT_OVER25,HOME,LT_100,46,46,16,0.347826,1.893913,-0.345,8,-16.45,0,0,SMALL_SAMPLE,SMALL_SAMPLE_NO_EDGE_CLAIM
ASIAN_HANDICAP,SP1,2024/25,1_75_1_99,AH_0_75,NOT_FT_OVER25,AWAY,LT_100,36,36,16,0.444444,1.917222,-0.142222,4,-6.44,0,0,SMALL_SAMPLE,SMALL_SAMPLE_NO_EDGE_CLAIM
ASIAN_HANDICAP,SP1,2024/25,1_75_1_99,AH_0_75,NOT_FT_OVER25,HOME,LT_100,41,41,23,0.560976,1.907805,0.020976,8,-7.1,0,0,SMALL_SAMPLE,SMALL_SAMPLE_NO_EDGE_CLAIM
ASIAN_HANDICAP,SP1,2024/25,1_75_1_99,AH_1_00,NOT_FT_OVER25,AWAY,LT_100,11,11,3,0.272727,1.901818,-0.134545,3,-3.0,0,0,SMALL_SAMPLE,SMALL_SAMPLE_NO_EDGE_CLAIM
ASIAN_HANDICAP,SP1,2024/25,1_75_1_99,AH_1_00,NOT_FT_OVER25,HOME,LT_100,13,13,7,0.538462,1.882308,0.337692,1,-1.0,0,0,SMALL_SAMPLE,SMALL_SAMPLE_NO_EDGE_CLAIM
ASIAN_HANDICAP,SP1,2024/25,1_75_1_99,AH_1_25_1_50,NOT_FT_OVER25,AWAY,LT_100,29,29,15,0.517241,1.929655,-0.048966,5,-7.66,0,0,SMALL_SAMPLE,SMALL_SAMPLE_NO_EDGE_CLAIM
ASIAN_HANDICAP,SP1,2024/25,1_75_1_99,AH_1_25_1_50,NOT_FT_OVER25,HOME,LT_100,35,35,14,0.4,1.909429,-0.132429,10,-9.485,0,0,SMALL_SAMPLE,SMALL_SAMPLE_NO_EDGE_CLAIM
ASIAN_HANDICAP,SP1,2024/25,1_75_1_99,AH_GT_1_50,NOT_FT_OVER25,AWAY,LT_100,20,20,9,0.45,1.894,-0.099,4,-3.94,0,0,SMALL_SAMPLE,SMALL_SAMPLE_NO_EDGE_CLAIM
ASIAN_HANDICAP,SP1,2024/25,1_75_1_99,AH_GT_1_50,NOT_FT_OVER25,HOME,LT_100,16,16,11,0.6875,1.905,0.285,2,-2.215,0,0,SMALL_SAMPLE,SMALL_SAMPLE_NO_EDGE_CLAIM
ASIAN_HANDICAP,SP1,2024/25,2_00_2_49,AH_0,NOT_FT_OVER25,AWAY,LT_100,21,21,6,0.285714,2.070952,-0.027619,2,-5.0,0,0,SMALL_SAMPLE,SMALL_SAMPLE_NO_EDGE_CLAIM
ASIAN_HANDICAP,SP1,2024/25,2_00_2_49,AH_0,NOT_FT_OVER25,HOME,LT_100,12,12,4,0.333333,2.0525,-0.066667,2,-2.97,0,0,SMALL_SAMPLE,SMALL_SAMPLE_NO_EDGE_CLAIM
ASIAN_HANDICAP,SP1,2024/25,2_00_2_49,AH_0_25,NOT_FT_OVER25,AWAY,LT_100,41,41,23,0.560976,2.069512,0.118293,3,-3.975,0,0,SMALL_SAMPLE,SMALL_SAMPLE_NO_EDGE_CLAIM
ASIAN_HANDICAP,SP1,2024/25,2_00_2_49,AH_0_25,NOT_FT_OVER25,HOME,LT_100,42,42,19,0.452381,2.068571,0.011548,5,-3.95,0,0,SMALL_SAMPLE,SMALL_SAMPLE_NO_EDGE_CLAIM
ASIAN_HANDICAP,SP1,2024/25,2_00_2_49,AH_0_50,NOT_FT_OVER25,AWAY,LT_100,32,32,20,0.625,2.052812,0.282813,3,-3.0,0,0,SMALL_SAMPLE,SMALL_SAMPLE_NO_EDGE_CLAIM
ASIAN_HANDICAP,SP1,2024/25,2_00_2_49,AH_0_50,NOT_FT_OVER25,HOME,LT_100,22,22,9,0.409091,2.046364,-0.163182,4,-7.74,0,0,SMALL_SAMPLE,SMALL_SAMPLE_NO_EDGE_CLAIM
ASIAN_HANDICAP,SP1,2024/25,2_00_2_49,AH_0_75,NOT_FT_OVER25,AWAY,LT_100,22,22,11,0.5,2.044091,0.065682,7,-5.5,0,0,SMALL_SAMPLE,SMALL_SAMPLE_NO_EDGE_CLAIM
ASIAN_HANDICAP,SP1,2024/25,2_00_2_49,AH_0_75,NOT_FT_OVER25,HOME,LT_100,18,18,8,0.444444,2.041111,-0.009722,5,-5.44,0,0,SMALL_SAMPLE,SMALL_SAMPLE_NO_EDGE_CLAIM
ASIAN_HANDICAP,SP1,2024/25,2_00_2_49,AH_1_00,NOT_FT_OVER25,AWAY,LT_100,9,9,2,0.222222,2.062222,-0.095556,1,-2.0,0,0,SMALL_SAMPLE,SMALL_SAMPLE_NO_EDGE_CLAIM
ASIAN_HANDICAP,SP1,2024/25,2_00_2_49,AH_1_00,NOT_FT_OVER25,HOME,LT_100,8,8,1,0.125,2.05875,-0.365,2,-2.92,0,0,SMALL_SAMPLE,SMALL_SAMPLE_NO_EDGE_CLAIM
ASIAN_HANDICAP,SP1,2024/25,2_00_2_49,AH_1_25_1_50,NOT_FT_OVER25,AWAY,LT_100,16,16,10,0.625,2.03875,0.113125,2,-2.425,0,0,SMALL_SAMPLE,SMALL_SAMPLE_NO_EDGE_CLAIM
ASIAN_HANDICAP,SP1,2024/25,2_00_2_49,AH_1_25_1_50,NOT_FT_OVER25,HOME,LT_100,9,9,5,0.555556,2.037778,0.186667,3,-2.5,0,0,SMALL_SAMPLE,SMALL_SAMPLE_NO_EDGE_CLAIM
ASIAN_HANDICAP,SP1,2024/25,2_00_2_49,AH_GT_1_50,NOT_FT_OVER25,AWAY,LT_100,10,10,2,0.2,2.037,-0.39,3,-4.5,0,0,SMALL_SAMPLE,SMALL_SAMPLE_NO_EDGE_CLAIM
ASIAN_HANDICAP,SP1,2024/25,2_00_2_49,AH_GT_1_50,NOT_FT_OVER25,HOME,LT_100,14,14,7,0.5,2.042857,-0.015,3,-3.0,0,0,SMALL_SAMPLE,SMALL_SAMPLE_NO_EDGE_CLAIM
ASIAN_HANDICAP,T1,2020/21,1_50_1_74,AH_0,NOT_FT_OVER25,AWAY,LT_100,2,2,0,0.0,1.73,-0.5,1,-1.0,0,0,SMALL_SAMPLE,SMALL_SAMPLE_NO_EDGE_CLAIM
ASIAN_HANDICAP,T1,2020/21,1_50_1_74,AH_0,NOT_FT_OVER25,HOME,LT_100,3,3,2,0.666667,1.686667,0.47,0,0.0,0,0,SMALL_SAMPLE,SMALL_SAMPLE_NO_EDGE_CLAIM
ASIAN_HANDICAP,T1,2020/21,1_50_1_74,AH_0_25,NOT_FT_OVER25,AWAY,LT_100,2,2,2,1.0,1.73,0.73,0,0.0,0,0,SMALL_SAMPLE,SMALL_SAMPLE_NO_EDGE_CLAIM
ASIAN_HANDICAP,T1,2020/21,1_50_1_74,AH_0_25,NOT_FT_OVER25,HOME,LT_100,5,5,5,1.0,1.718,0.575,0,0.0,0,0,SMALL_SAMPLE,SMALL_SAMPLE_NO_EDGE_CLAIM
ASIAN_HANDICAP,T1,2020/21,1_50_1_74,AH_0_50,NOT_FT_OVER25,HOME,LT_100,1,1,1,1.0,1.73,0.73,0,0.0,0,0,SMALL_SAMPLE,SMALL_SAMPLE_NO_EDGE_CLAIM
ASIAN_HANDICAP,T1,2020/21,1_50_1_74,AH_1_00,NOT_FT_OVER25,AWAY,LT_100,1,1,1,1.0,1.73,0.73,0,0.0,0,0,SMALL_SAMPLE,SMALL_SAMPLE_NO_EDGE_CLAIM
ASIAN_HANDICAP,T1,2020/21,1_50_1_74,AH_1_00,NOT_FT_OVER25,HOME,LT_100,1,1,0,0.0,1.65,-1.0,1,-1.0,0,0,SMALL_SAMPLE,SMALL_SAMPLE_NO_EDGE_CLAIM
ASIAN_HANDICAP,T1,2020/21,1_50_1_74,AH_1_25_1_50,NOT_FT_OVER25,AWAY,LT_100,1,1,0,0.0,1.73,-1.0,1,-1.0,0,0,SMALL_SAMPLE,SMALL_SAMPLE_NO_EDGE_CLAIM
ASIAN_HANDICAP,T1,2020/21,1_75_1_99,AH_0,NOT_FT_OVER25,AWAY,LT_100,49,49,21,0.428571,1.88898,0.053469,3,-3.47,0,0,SMALL_SAMPLE,SMALL_SAMPLE_NO_EDGE_CLAIM
ASIAN_HANDICAP,T1,2020/21,1_75_1_99,AH_0,NOT_FT_OVER25,HOME,LT_100,58,58,14,0.241379,1.876897,-0.185517,4,-11.74,0,0,SMALL_SAMPLE,SMALL_SAMPLE_NO_EDGE_CLAIM
ASIAN_HANDICAP,T1,2020/21,1_75_1_99,AH_0_25,NOT_FT_OVER25,AWAY,LT_100,91,91,47,0.516484,1.884396,-0.08533,5,-12.875,0,0,SMALL_SAMPLE,SMALL_SAMPLE_NO_EDGE_CLAIM
ASIAN_HANDICAP,T1,2020/21,1_75_1_99,AH_0_25,NOT_FT_OVER25,HOME,LT_100,99,99,52,0.525253,1.875657,0.039848,4,-6.21,0,0,SMALL_SAMPLE,SMALL_SAMPLE_NO_EDGE_CLAIM
ASIAN_HANDICAP,T1,2020/21,1_75_1_99,AH_0_50,NOT_FT_OVER25,AWAY,LT_100,57,57,28,0.491228,1.883333,-0.070526,9,-11.21,0,0,SMALL_SAMPLE,SMALL_SAMPLE_NO_EDGE_CLAIM
ASIAN_HANDICAP,T1,2020/21,1_75_1_99,AH_0_50,NOT_FT_OVER25,HOME,LT_100,49,49,18,0.367347,1.887755,-0.303265,9,-20.11,0,0,SMALL_SAMPLE,SMALL_SAMPLE_NO_EDGE_CLAIM
ASIAN_HANDICAP,T1,2020/21,1_75_1_99,AH_0_75,NOT_FT_OVER25,AWAY,LT_100,36,36,16,0.444444,1.901667,-0.098194,5,-6.89,0,0,SMALL_SAMPLE,SMALL_SAMPLE_NO_EDGE_CLAIM
ASIAN_HANDICAP,T1,2020/21,1_75_1_99,AH_0_75,NOT_FT_OVER25,HOME,LT_100,34,34,19,0.558824,1.882647,0.005441,3,-3.42,0,0,SMALL_SAMPLE,SMALL_SAMPLE_NO_EDGE_CLAIM
ASIAN_HANDICAP,T1,2020/21,1_75_1_99,AH_1_00,NOT_FT_OVER25,AWAY,LT_100,20,20,7,0.35,1.8665,-0.0985,3,-3.6,0,0,SMALL_SAMPLE,SMALL_SAMPLE_NO_EDGE_CLAIM
ASIAN_HANDICAP,T1,2020/21,1_75_1_99,AH_1_00,NOT_FT_OVER25,HOME,LT_100,19,19,3,0.157895,1.862632,-0.218947,3,-5.04,0,0,SMALL_SAMPLE,SMALL_SAMPLE_NO_EDGE_CLAIM
ASIAN_HANDICAP,T1,2020/21,1_75_1_99,AH_1_25_1_50,NOT_FT_OVER25,AWAY,LT_100,30,30,18,0.6,1.861,0.019833,4,-4.025,0,0,SMALL_SAMPLE,SMALL_SAMPLE_NO_EDGE_CLAIM
ASIAN_HANDICAP,T1,2020/21,1_75_1_99,AH_1_25_1_50,NOT_FT_OVER25,HOME,LT_100,19,19,7,0.368421,1.9,-0.193158,4,-4.0,0,0,SMALL_SAMPLE,SMALL_SAMPLE_NO_EDGE_CLAIM
ASIAN_HANDICAP,T1,2020/21,1_75_1_99,AH_GT_1_50,NOT_FT_OVER25,AWAY,LT_100,4,4,3,0.75,1.875,0.4,1,-1.0,0,0,SMALL_SAMPLE,SMALL_SAMPLE_NO_EDGE_CLAIM
ASIAN_HANDICAP,T1,2020/21,1_75_1_99,AH_GT_1_50,NOT_FT_OVER25,HOME,LT_100,3,3,2,0.666667,1.873333,0.24,1,-1.0,0,0,SMALL_SAMPLE,SMALL_SAMPLE_NO_EDGE_CLAIM
ASIAN_HANDICAP,T1,2020/21,2_00_2_49,AH_0,NOT_FT_OVER25,AWAY,LT_100,28,28,8,0.285714,2.063929,0.0125,2,-3.96,0,0,SMALL_SAMPLE,SMALL_SAMPLE_NO_EDGE_CLAIM
ASIAN_HANDICAP,T1,2020/21,2_00_2_49,AH_0,NOT_FT_OVER25,HOME,LT_100,18,18,9,0.5,2.033333,0.179444,2,-2.0,0,0,SMALL_SAMPLE,SMALL_SAMPLE_NO_EDGE_CLAIM
ASIAN_HANDICAP,T1,2020/21,2_00_2_49,AH_0_25,NOT_FT_OVER25,AWAY,LT_100,49,49,20,0.408163,2.037143,-0.195204,4,-11.15,0,0,SMALL_SAMPLE,SMALL_SAMPLE_NO_EDGE_CLAIM
ASIAN_HANDICAP,T1,2020/21,2_00_2_49,AH_0_25,NOT_FT_OVER25,HOME,LT_100,38,38,16,0.421053,2.045263,-0.046447,4,-5.83,0,0,SMALL_SAMPLE,SMALL_SAMPLE_NO_EDGE_CLAIM
ASIAN_HANDICAP,T1,2020/21,2_00_2_49,AH_0_50,NOT_FT_OVER25,AWAY,LT_100,19,19,13,0.684211,2.019474,0.381579,3,-3.0,0,0,SMALL_SAMPLE,SMALL_SAMPLE_NO_EDGE_CLAIM
ASIAN_HANDICAP,T1,2020/21,2_00_2_49,AH_0_50,NOT_FT_OVER25,HOME,LT_100,26,26,16,0.615385,2.029231,0.243846,3,-3.93,0,0,SMALL_SAMPLE,SMALL_SAMPLE_NO_EDGE_CLAIM
ASIAN_HANDICAP,T1,2020/21,2_00_2_49,AH_0_75,NOT_FT_OVER25,AWAY,LT_100,12,12,6,0.5,2.02,0.0525,2,-2.0,0,0,SMALL_SAMPLE,SMALL_SAMPLE_NO_EDGE_CLAIM
ASIAN_HANDICAP,T1,2020/21,2_00_2_49,AH_0_75,NOT_FT_OVER25,HOME,LT_100,14,14,7,0.5,2.004286,-0.033571,4,-4.0,0,0,SMALL_SAMPLE,SMALL_SAMPLE_NO_EDGE_CLAIM
ASIAN_HANDICAP,T1,2020/21,2_00_2_49,AH_1_00,NOT_FT_OVER25,AWAY,LT_100,11,11,6,0.545455,2.049091,0.583636,0,0.0,0,0,SMALL_SAMPLE,SMALL_SAMPLE_NO_EDGE_CLAIM
ASIAN_HANDICAP,T1,2020/21,2_00_2_49,AH_1_00,NOT_FT_OVER25,HOME,LT_100,12,12,5,0.416667,2.028333,-0.069167,4,-4.0,0,0,SMALL_SAMPLE,SMALL_SAMPLE_NO_EDGE_CLAIM
ASIAN_HANDICAP,T1,2020/21,2_00_2_49,AH_1_25_1_50,NOT_FT_OVER25,AWAY,LT_100,6,6,6,1.0,2.006667,0.921667,0,0.0,0,0,SMALL_SAMPLE,SMALL_SAMPLE_NO_EDGE_CLAIM
ASIAN_HANDICAP,T1,2020/21,2_00_2_49,AH_1_25_1_50,NOT_FT_OVER25,HOME,LT_100,18,18,6,0.333333,2.027778,-0.239444,8,-6.5,0,0,SMALL_SAMPLE,SMALL_SAMPLE_NO_EDGE_CLAIM
ASIAN_HANDICAP,T1,2020/21,2_00_2_49,AH_GT_1_50,NOT_FT_OVER25,AWAY,LT_100,1,1,0,0.0,2.02,-1.0,1,-1.0,0,0,SMALL_SAMPLE,SMALL_SAMPLE_NO_EDGE_CLAIM
ASIAN_HANDICAP,T1,2020/21,2_00_2_49,AH_GT_1_50,NOT_FT_OVER25,HOME,LT_100,2,2,0,0.0,2.025,-1.0,2,-2.0,0,0,SMALL_SAMPLE,SMALL_SAMPLE_NO_EDGE_CLAIM
ASIAN_HANDICAP,T1,2020/21,PRICE_MISSING,AH_0_25,NOT_FT_OVER25,AWAY,LT_100,1,1,1,1.0,,,0,0.0,1,0,SMALL_SAMPLE,SMALL_SAMPLE_NO_EDGE_CLAIM
ASIAN_HANDICAP,T1,2020/21,PRICE_MISSING,AH_0_25,NOT_FT_OVER25,HOME,LT_100,1,1,0,0.0,,,0,0.0,1,0,SMALL_SAMPLE,SMALL_SAMPLE_NO_EDGE_CLAIM
ASIAN_HANDICAP,T1,2021/22,1_50_1_74,AH_0,NOT_FT_OVER25,AWAY,LT_100,2,2,1,0.5,1.715,0.35,0,0.0,0,0,SMALL_SAMPLE,SMALL_SAMPLE_NO_EDGE_CLAIM
ASIAN_HANDICAP,T1,2021/22,1_50_1_74,AH_0,NOT_FT_OVER25,HOME,LT_100,2,2,1,0.5,1.715,0.35,0,0.0,0,0,SMALL_SAMPLE,SMALL_SAMPLE_NO_EDGE_CLAIM
ASIAN_HANDICAP,T1,2021/22,1_50_1_74,AH_0_25,NOT_FT_OVER25,AWAY,LT_100,5,5,3,0.6,1.708,-0.041,2,-2.0,0,0,SMALL_SAMPLE,SMALL_SAMPLE_NO_EDGE_CLAIM
ASIAN_HANDICAP,T1,2021/22,1_50_1_74,AH_0_25,NOT_FT_OVER25,HOME,LT_100,9,9,3,0.333333,1.676667,-0.446667,4,-4.02,0,0,SMALL_SAMPLE,SMALL_SAMPLE_NO_EDGE_CLAIM
ASIAN_HANDICAP,T1,2021/22,1_50_1_74,AH_0_50,NOT_FT_OVER25,HOME,LT_100,1,1,1,1.0,1.7,0.7,0,0.0,0,0,SMALL_SAMPLE,SMALL_SAMPLE_NO_EDGE_CLAIM
ASIAN_HANDICAP,T1,2021/22,1_50_1_74,AH_0_75,NOT_FT_OVER25,HOME,LT_100,1,1,0,0.0,1.65,-1.0,1,-1.0,0,0,SMALL_SAMPLE,SMALL_SAMPLE_NO_EDGE_CLAIM
ASIAN_HANDICAP,T1,2021/22,1_50_1_74,AH_1_00,NOT_FT_OVER25,AWAY,LT_100,1,1,0,0.0,1.7,0.0,0,0.0,0,0,SMALL_SAMPLE,SMALL_SAMPLE_NO_EDGE_CLAIM
ASIAN_HANDICAP,T1,2021/22,1_50_1_74,AH_1_00,NOT_FT_OVER25,HOME,LT_100,1,1,1,1.0,1.73,0.73,0,0.0,0,0,SMALL_SAMPLE,SMALL_SAMPLE_NO_EDGE_CLAIM
ASIAN_HANDICAP,T1,2021/22,1_50_1_74,AH_GT_1_50,NOT_FT_OVER25,HOME,LT_100,1,1,0,0.0,1.73,-1.0,1,-1.0,0,0,SMALL_SAMPLE,SMALL_SAMPLE_NO_EDGE_CLAIM
ASIAN_HANDICAP,T1,2021/22,1_75_1_99,AH_0,NOT_FT_OVER25,AWAY,LT_100,34,34,13,0.382353,1.884706,-0.105882,3,-3.96,0,0,SMALL_SAMPLE,SMALL_SAMPLE_NO_EDGE_CLAIM
ASIAN_HANDICAP,T1,2021/22,1_75_1_99,AH_0,NOT_FT_OVER25,HOME,LT_100,42,42,17,0.404762,1.872619,-0.052619,2,-6.72,0,0,SMALL_SAMPLE,SMALL_SAMPLE_NO_EDGE_CLAIM
ASIAN_HANDICAP,T1,2021/22,1_75_1_99,AH_0_25,NOT_FT_OVER25,AWAY,LT_100,86,86,39,0.453488,1.882093,-0.1625,5,-15.89,0,0,SMALL_SAMPLE,SMALL_SAMPLE_NO_EDGE_CLAIM
ASIAN_HANDICAP,T1,2021/22,1_75_1_99,AH_0_25,NOT_FT_OVER25,HOME,LT_100,90,90,46,0.511111,1.876111,0.018111,6,-7.3,0,0,SMALL_SAMPLE,SMALL_SAMPLE_NO_EDGE_CLAIM
ASIAN_HANDICAP,T1,2021/22,1_75_1_99,AH_0_50,NOT_FT_OVER25,AWAY,LT_100,45,45,21,0.466667,1.886444,-0.122889,5,-9.99,0,0,SMALL_SAMPLE,SMALL_SAMPLE_NO_EDGE_CLAIM
ASIAN_HANDICAP,T1,2021/22,1_75_1_99,AH_0_50,NOT_FT_OVER25,HOME,LT_100,52,52,26,0.5,1.868846,-0.059231,5,-7.3,0,0,SMALL_SAMPLE,SMALL_SAMPLE_NO_EDGE_CLAIM
ASIAN_HANDICAP,T1,2021/22,1_75_1_99,AH_0_75,NOT_FT_OVER25,AWAY,LT_100,42,42,18,0.428571,1.909524,-0.152381,6,-8.1,0,0,SMALL_SAMPLE,SMALL_SAMPLE_NO_EDGE_CLAIM
ASIAN_HANDICAP,T1,2021/22,1_75_1_99,AH_0_75,NOT_FT_OVER25,HOME,LT_100,42,42,23,0.547619,1.882143,0.005357,6,-6.0,0,0,SMALL_SAMPLE,SMALL_SAMPLE_NO_EDGE_CLAIM
ASIAN_HANDICAP,T1,2021/22,1_75_1_99,AH_1_00,NOT_FT_OVER25,AWAY,LT_100,20,20,7,0.35,1.862,0.044,2,-2.53,0,0,SMALL_SAMPLE,SMALL_SAMPLE_NO_EDGE_CLAIM
ASIAN_HANDICAP,T1,2021/22,1_75_1_99,AH_1_00,NOT_FT_OVER25,HOME,LT_100,18,18,3,0.166667,1.881111,-0.082778,2,-3.0,0,0,SMALL_SAMPLE,SMALL_SAMPLE_NO_EDGE_CLAIM
ASIAN_HANDICAP,T1,2021/22,1_75_1_99,AH_1_25_1_50,NOT_FT_OVER25,AWAY,LT_100,17,17,11,0.647059,1.888235,0.129412,3,-3.0,0,0,SMALL_SAMPLE,SMALL_SAMPLE_NO_EDGE_CLAIM
ASIAN_HANDICAP,T1,2021/22,1_75_1_99,AH_1_25_1_50,NOT_FT_OVER25,HOME,LT_100,16,16,8,0.5,1.883125,-0.01625,4,-3.5,0,0,SMALL_SAMPLE,SMALL_SAMPLE_NO_EDGE_CLAIM
ASIAN_HANDICAP,T1,2021/22,1_75_1_99,AH_GT_1_50,NOT_FT_OVER25,AWAY,LT_100,1,1,1,1.0,1.98,0.98,0,0.0,0,0,SMALL_SAMPLE,SMALL_SAMPLE_NO_EDGE_CLAIM
ASIAN_HANDICAP,T1,2021/22,1_75_1_99,AH_GT_1_50,NOT_FT_OVER25,HOME,LT_100,2,2,0,0.0,1.865,-0.5,1,-1.0,0,0,SMALL_SAMPLE,SMALL_SAMPLE_NO_EDGE_CLAIM
ASIAN_HANDICAP,T1,2021/22,2_00_2_49,AH_0,NOT_FT_OVER25,AWAY,LT_100,23,23,10,0.434783,2.042174,0.096957,1,-1.0,0,0,SMALL_SAMPLE,SMALL_SAMPLE_NO_EDGE_CLAIM
ASIAN_HANDICAP,T1,2021/22,2_00_2_49,AH_0,NOT_FT_OVER25,HOME,LT_100,15,15,5,0.333333,2.054,-0.117333,4,-4.0,0,0,SMALL_SAMPLE,SMALL_SAMPLE_NO_EDGE_CLAIM
ASIAN_HANDICAP,T1,2021/22,2_00_2_49,AH_0_25,NOT_FT_OVER25,AWAY,LT_100,48,48,29,0.604167,2.063958,0.137187,4,-5.645,0,0,SMALL_SAMPLE,SMALL_SAMPLE_NO_EDGE_CLAIM
ASIAN_HANDICAP,T1,2021/22,2_00_2_49,AH_0_25,NOT_FT_OVER25,HOME,LT_100,40,40,19,0.475,2.0435,0.045625,6,-6.875,0,0,SMALL_SAMPLE,SMALL_SAMPLE_NO_EDGE_CLAIM
ASIAN_HANDICAP,T1,2021/22,2_00_2_49,AH_0_50,NOT_FT_OVER25,AWAY,LT_100,26,26,15,0.576923,2.030385,0.168462,3,-3.0,0,0,SMALL_SAMPLE,SMALL_SAMPLE_NO_EDGE_CLAIM
ASIAN_HANDICAP,T1,2021/22,2_00_2_49,AH_0_50,NOT_FT_OVER25,HOME,LT_100,18,18,8,0.444444,2.027778,-0.096667,4,-4.95,0,0,SMALL_SAMPLE,SMALL_SAMPLE_NO_EDGE_CLAIM
ASIAN_HANDICAP,T1,2021/22,2_00_2_49,AH_0_75,NOT_FT_OVER25,AWAY,LT_100,13,13,7,0.538462,2.047692,0.150769,4,-4.0,0,0,SMALL_SAMPLE,SMALL_SAMPLE_NO_EDGE_CLAIM
ASIAN_HANDICAP,T1,2021/22,2_00_2_49,AH_0_75,NOT_FT_OVER25,HOME,LT_100,12,12,7,0.583333,2.016667,0.169167,3,-2.0,0,0,SMALL_SAMPLE,SMALL_SAMPLE_NO_EDGE_CLAIM
ASIAN_HANDICAP,T1,2021/22,2_00_2_49,AH_1_00,NOT_FT_OVER25,AWAY,LT_100,9,9,2,0.222222,2.035556,-0.105556,1,-2.0,0,0,SMALL_SAMPLE,SMALL_SAMPLE_NO_EDGE_CLAIM
ASIAN_HANDICAP,T1,2021/22,2_00_2_49,AH_1_00,NOT_FT_OVER25,HOME,LT_100,11,11,4,0.363636,2.044545,-0.075455,2,-2.0,0,0,SMALL_SAMPLE,SMALL_SAMPLE_NO_EDGE_CLAIM
ASIAN_HANDICAP,T1,2021/22,2_00_2_49,AH_1_25_1_50,NOT_FT_OVER25,AWAY,LT_100,5,5,0,0.0,2.06,-1.0,5,-5.0,0,0,SMALL_SAMPLE,SMALL_SAMPLE_NO_EDGE_CLAIM
ASIAN_HANDICAP,T1,2021/22,2_00_2_49,AH_1_25_1_50,NOT_FT_OVER25,HOME,LT_100,6,6,3,0.5,2.023333,0.181667,2,-1.0,0,0,SMALL_SAMPLE,SMALL_SAMPLE_NO_EDGE_CLAIM
ASIAN_HANDICAP,T1,2021/22,2_00_2_49,AH_GT_1_50,NOT_FT_OVER25,AWAY,LT_100,2,2,1,0.5,2.075,0.575,0,0.0,0,0,SMALL_SAMPLE,SMALL_SAMPLE_NO_EDGE_CLAIM
ASIAN_HANDICAP,T1,2021/22,2_50_3_49,AH_GT_1_50,NOT_FT_OVER25,HOME,LT_100,1,1,1,1.0,3.0,2.0,0,0.0,0,0,SMALL_SAMPLE,SMALL_SAMPLE_NO_EDGE_CLAIM
ASIAN_HANDICAP,T1,2021/22,LT_1_50,AH_GT_1_50,NOT_FT_OVER25,AWAY,LT_100,1,1,0,0.0,1.38,-1.0,1,-1.0,0,0,SMALL_SAMPLE,SMALL_SAMPLE_NO_EDGE_CLAIM
ASIAN_HANDICAP,T1,2022/23,1_50_1_74,AH_0,NOT_FT_OVER25,AWAY,LT_100,1,1,1,1.0,1.73,0.73,0,0.0,0,0,SMALL_SAMPLE,SMALL_SAMPLE_NO_EDGE_CLAIM
ASIAN_HANDICAP,T1,2022/23,1_50_1_74,AH_0,NOT_FT_OVER25,HOME,LT_100,1,1,0,0.0,1.68,-1.0,1,-1.0,0,0,SMALL_SAMPLE,SMALL_SAMPLE_NO_EDGE_CLAIM
ASIAN_HANDICAP,T1,2022/23,1_50_1_74,AH_0_25,NOT_FT_OVER25,AWAY,LT_100,3,3,3,1.0,1.703333,0.351667,0,0.0,0,0,SMALL_SAMPLE,SMALL_SAMPLE_NO_EDGE_CLAIM
ASIAN_HANDICAP,T1,2022/23,1_50_1_74,AH_0_25,NOT_FT_OVER25,HOME,LT_100,4,4,4,1.0,1.73,0.73,0,0.0,0,0,SMALL_SAMPLE,SMALL_SAMPLE_NO_EDGE_CLAIM
ASIAN_HANDICAP,T1,2022/23,1_50_1_74,AH_0_75,NOT_FT_OVER25,AWAY,LT_100,1,1,1,1.0,1.73,0.73,0,0.0,0,0,SMALL_SAMPLE,SMALL_SAMPLE_NO_EDGE_CLAIM
ASIAN_HANDICAP,T1,2022/23,1_50_1_74,AH_1_00,NOT_FT_OVER25,HOME,LT_100,2,2,0,0.0,1.69,-0.5,1,-1.0,0,0,SMALL_SAMPLE,SMALL_SAMPLE_NO_EDGE_CLAIM
ASIAN_HANDICAP,T1,2022/23,1_50_1_74,AH_1_25_1_50,NOT_FT_OVER25,HOME,LT_100,2,2,1,0.5,1.715,-0.15,1,-1.0,0,0,SMALL_SAMPLE,SMALL_SAMPLE_NO_EDGE_CLAIM
ASIAN_HANDICAP,T1,2022/23,1_75_1_99,AH_0,NOT_FT_OVER25,AWAY,LT_100,28,28,12,0.428571,1.881429,0.054643,2,-4.18,0,0,SMALL_SAMPLE,SMALL_SAMPLE_NO_EDGE_CLAIM
ASIAN_HANDICAP,T1,2022/23,1_75_1_99,AH_0,NOT_FT_OVER25,HOME,LT_100,33,33,12,0.363636,1.88,-0.075152,4,-5.15,0,0,SMALL_SAMPLE,SMALL_SAMPLE_NO_EDGE_CLAIM
ASIAN_HANDICAP,T1,2022/23,1_75_1_99,AH_0_25,NOT_FT_OVER25,AWAY,LT_100,54,54,33,0.611111,1.89463,0.127222,3,-4.63,0,0,SMALL_SAMPLE,SMALL_SAMPLE_NO_EDGE_CLAIM
ASIAN_HANDICAP,T1,2022/23,1_75_1_99,AH_0_25,NOT_FT_OVER25,HOME,LT_100,65,65,35,0.538462,1.872,-0.017231,7,-9.07,0,0,SMALL_SAMPLE,SMALL_SAMPLE_NO_EDGE_CLAIM
ASIAN_HANDICAP,T1,2022/23,1_75_1_99,AH_0_50,NOT_FT_OVER25,AWAY,LT_100,47,47,24,0.510638,1.886383,-0.042979,6,-7.22,0,0,SMALL_SAMPLE,SMALL_SAMPLE_NO_EDGE_CLAIM
ASIAN_HANDICAP,T1,2022/23,1_75_1_99,AH_0_50,NOT_FT_OVER25,HOME,LT_100,48,48,26,0.541667,1.889375,0.020417,6,-6.52,0,0,SMALL_SAMPLE,SMALL_SAMPLE_NO_EDGE_CLAIM
ASIAN_HANDICAP,T1,2022/23,1_75_1_99,AH_0_75,NOT_FT_OVER25,AWAY,LT_100,36,36,17,0.472222,1.921389,-0.03,3,-3.945,0,0,SMALL_SAMPLE,SMALL_SAMPLE_NO_EDGE_CLAIM
ASIAN_HANDICAP,T1,2022/23,1_75_1_99,AH_0_75,NOT_FT_OVER25,HOME,LT_100,36,36,19,0.527778,1.905278,-0.022222,3,-6.18,0,0,SMALL_SAMPLE,SMALL_SAMPLE_NO_EDGE_CLAIM
ASIAN_HANDICAP,T1,2022/23,1_75_1_99,AH_1_00,NOT_FT_OVER25,AWAY,LT_100,14,14,2,0.142857,1.880714,-0.364286,2,-6.0,0,0,SMALL_SAMPLE,SMALL_SAMPLE_NO_EDGE_CLAIM
ASIAN_HANDICAP,T1,2022/23,1_75_1_99,AH_1_00,NOT_FT_OVER25,HOME,LT_100,19,19,6,0.315789,1.856842,-0.195789,2,-4.27,0,0,SMALL_SAMPLE,SMALL_SAMPLE_NO_EDGE_CLAIM
ASIAN_HANDICAP,T1,2022/23,1_75_1_99,AH_1_25_1_50,NOT_FT_OVER25,AWAY,LT_100,25,25,12,0.48,1.9076,-0.1058,3,-4.63,0,0,SMALL_SAMPLE,SMALL_SAMPLE_NO_EDGE_CLAIM
ASIAN_HANDICAP,T1,2022/23,1_75_1_99,AH_1_25_1_50,NOT_FT_OVER25,HOME,LT_100,28,28,17,0.607143,1.9025,0.18,2,-2.0,0,0,SMALL_SAMPLE,SMALL_SAMPLE_NO_EDGE_CLAIM
ASIAN_HANDICAP,T1,2022/23,1_75_1_99,AH_GT_1_50,NOT_FT_OVER25,AWAY,LT_100,4,4,3,0.75,1.89,0.31125,1,-1.0,0,0,SMALL_SAMPLE,SMALL_SAMPLE_NO_EDGE_CLAIM
ASIAN_HANDICAP,T1,2022/23,1_75_1_99,AH_GT_1_50,NOT_FT_OVER25,HOME,LT_100,7,7,2,0.285714,1.877143,-0.317143,2,-2.22,0,0,SMALL_SAMPLE,SMALL_SAMPLE_NO_EDGE_CLAIM
ASIAN_HANDICAP,T1,2022/23,2_00_2_49,AH_0,NOT_FT_OVER25,AWAY,LT_100,16,16,6,0.375,2.040625,0.0775,1,-2.85,0,0,SMALL_SAMPLE,SMALL_SAMPLE_NO_EDGE_CLAIM
ASIAN_HANDICAP,T1,2022/23,2_00_2_49,AH_0,NOT_FT_OVER25,HOME,LT_100,11,11,2,0.181818,2.049091,-0.269091,3,-3.0,0,0,SMALL_SAMPLE,SMALL_SAMPLE_NO_EDGE_CLAIM
ASIAN_HANDICAP,T1,2022/23,2_00_2_49,AH_0_25,NOT_FT_OVER25,AWAY,LT_100,32,32,9,0.28125,2.044688,-0.352187,6,-12.29,0,0,SMALL_SAMPLE,SMALL_SAMPLE_NO_EDGE_CLAIM
ASIAN_HANDICAP,T1,2022/23,2_00_2_49,AH_0_25,NOT_FT_OVER25,HOME,LT_100,20,20,5,0.25,2.045,-0.343,9,-8.45,0,0,SMALL_SAMPLE,SMALL_SAMPLE_NO_EDGE_CLAIM
ASIAN_HANDICAP,T1,2022/23,2_00_2_49,AH_0_50,NOT_FT_OVER25,AWAY,LT_100,19,19,8,0.421053,2.014737,-0.153158,5,-7.0,0,0,SMALL_SAMPLE,SMALL_SAMPLE_NO_EDGE_CLAIM
ASIAN_HANDICAP,T1,2022/23,2_00_2_49,AH_0_50,NOT_FT_OVER25,HOME,LT_100,18,18,8,0.444444,2.023889,-0.105,4,-4.0,0,0,SMALL_SAMPLE,SMALL_SAMPLE_NO_EDGE_CLAIM
ASIAN_HANDICAP,T1,2022/23,2_00_2_49,AH_0_75,NOT_FT_OVER25,AWAY,LT_100,6,6,3,0.5,2.018333,0.088333,2,-1.5,0,0,SMALL_SAMPLE,SMALL_SAMPLE_NO_EDGE_CLAIM
ASIAN_HANDICAP,T1,2022/23,2_00_2_49,AH_0_75,NOT_FT_OVER25,HOME,LT_100,7,7,3,0.428571,2.014286,-0.284286,1,-1.99,0,0,SMALL_SAMPLE,SMALL_SAMPLE_NO_EDGE_CLAIM
ASIAN_HANDICAP,T1,2022/23,2_00_2_49,AH_1_00,NOT_FT_OVER25,AWAY,LT_100,13,13,8,0.615385,2.038462,0.483077,2,-2.0,0,0,SMALL_SAMPLE,SMALL_SAMPLE_NO_EDGE_CLAIM
ASIAN_HANDICAP,T1,2022/23,2_00_2_49,AH_1_00,NOT_FT_OVER25,HOME,LT_100,6,6,3,0.5,2.02,0.511667,0,0.0,0,0,SMALL_SAMPLE,SMALL_SAMPLE_NO_EDGE_CLAIM
ASIAN_HANDICAP,T1,2022/23,2_00_2_49,AH_1_25_1_50,NOT_FT_OVER25,AWAY,LT_100,10,10,5,0.5,2.031,-0.035,3,-3.0,0,0,SMALL_SAMPLE,SMALL_SAMPLE_NO_EDGE_CLAIM
ASIAN_HANDICAP,T1,2022/23,2_00_2_49,AH_1_25_1_50,NOT_FT_OVER25,HOME,LT_100,5,5,0,0.0,2.004,-0.9,5,-4.5,0,0,SMALL_SAMPLE,SMALL_SAMPLE_NO_EDGE_CLAIM
ASIAN_HANDICAP,T1,2022/23,2_00_2_49,AH_GT_1_50,NOT_FT_OVER25,AWAY,LT_100,4,4,2,0.5,2.0125,0.25,1,-1.0,0,0,SMALL_SAMPLE,SMALL_SAMPLE_NO_EDGE_CLAIM
ASIAN_HANDICAP,T1,2022/23,2_00_2_49,AH_GT_1_50,NOT_FT_OVER25,HOME,LT_100,1,1,0,0.0,2.02,-0.5,1,-0.5,0,0,SMALL_SAMPLE,SMALL_SAMPLE_NO_EDGE_CLAIM
ASIAN_HANDICAP,T1,2022/23,PRICE_MISSING,LINE_MISSING,NOT_FT_OVER25,AWAY,LT_100,29,0,0,,,,0,0.0,29,29,SMALL_SAMPLE,SMALL_SAMPLE_NO_EDGE_CLAIM
ASIAN_HANDICAP,T1,2022/23,PRICE_MISSING,LINE_MISSING,NOT_FT_OVER25,HOME,LT_100,29,0,0,,,,0,0.0,29,29,SMALL_SAMPLE,SMALL_SAMPLE_NO_EDGE_CLAIM
ASIAN_HANDICAP,T1,2023/24,1_50_1_74,AH_0,NOT_FT_OVER25,AWAY,LT_100,1,1,0,0.0,1.68,-1.0,1,-1.0,0,0,SMALL_SAMPLE,SMALL_SAMPLE_NO_EDGE_CLAIM
ASIAN_HANDICAP,T1,2023/24,1_50_1_74,AH_0,NOT_FT_OVER25,HOME,LT_100,4,4,1,0.25,1.6975,-0.0675,1,-1.0,0,0,SMALL_SAMPLE,SMALL_SAMPLE_NO_EDGE_CLAIM
ASIAN_HANDICAP,T1,2023/24,1_50_1_74,AH_0_25,NOT_FT_OVER25,AWAY,LT_100,2,2,1,0.5,1.7,-0.325,1,-1.0,0,0,SMALL_SAMPLE,SMALL_SAMPLE_NO_EDGE_CLAIM
ASIAN_HANDICAP,T1,2023/24,1_50_1_74,AH_0_25,NOT_FT_OVER25,HOME,LT_100,5,5,4,0.8,1.724,0.232,1,-1.0,0,0,SMALL_SAMPLE,SMALL_SAMPLE_NO_EDGE_CLAIM
ASIAN_HANDICAP,T1,2023/24,1_50_1_74,AH_0_50,NOT_FT_OVER25,AWAY,LT_100,2,2,0,0.0,1.73,-1.0,2,-2.0,0,0,SMALL_SAMPLE,SMALL_SAMPLE_NO_EDGE_CLAIM
ASIAN_HANDICAP,T1,2023/24,1_50_1_74,AH_0_50,NOT_FT_OVER25,HOME,LT_100,1,1,1,1.0,1.73,0.73,0,0.0,0,0,SMALL_SAMPLE,SMALL_SAMPLE_NO_EDGE_CLAIM
ASIAN_HANDICAP,T1,2023/24,1_50_1_74,AH_0_75,NOT_FT_OVER25,HOME,LT_100,2,2,1,0.5,1.705,-0.0675,1,-0.5,0,0,SMALL_SAMPLE,SMALL_SAMPLE_NO_EDGE_CLAIM
ASIAN_HANDICAP,T1,2023/24,1_50_1_74,AH_1_00,NOT_FT_OVER25,HOME,LT_100,1,1,0,0.0,1.73,0.0,0,0.0,0,0,SMALL_SAMPLE,SMALL_SAMPLE_NO_EDGE_CLAIM
ASIAN_HANDICAP,T1,2023/24,1_75_1_99,AH_0,NOT_FT_OVER25,AWAY,LT_100,25,25,6,0.24,1.8996,-0.2292,3,-5.73,0,0,SMALL_SAMPLE,SMALL_SAMPLE_NO_EDGE_CLAIM
ASIAN_HANDICAP,T1,2023/24,1_75_1_99,AH_0,NOT_FT_OVER25,HOME,LT_100,30,30,14,0.466667,1.875333,0.212,3,-3.0,0,0,SMALL_SAMPLE,SMALL_SAMPLE_NO_EDGE_CLAIM
ASIAN_HANDICAP,T1,2023/24,1_75_1_99,AH_0_25,NOT_FT_OVER25,AWAY,LT_100,83,83,46,0.554217,1.888072,-0.015181,7,-12.88,0,0,SMALL_SAMPLE,SMALL_SAMPLE_NO_EDGE_CLAIM
ASIAN_HANDICAP,T1,2023/24,1_75_1_99,AH_0_25,NOT_FT_OVER25,HOME,LT_100,92,92,43,0.467391,1.875761,-0.055163,6,-10.05,0,0,SMALL_SAMPLE,SMALL_SAMPLE_NO_EDGE_CLAIM
ASIAN_HANDICAP,T1,2023/24,1_75_1_99,AH_0_50,NOT_FT_OVER25,AWAY,LT_100,59,59,33,0.559322,1.893051,0.057288,3,-5.69,0,0,SMALL_SAMPLE,SMALL_SAMPLE_NO_EDGE_CLAIM
ASIAN_HANDICAP,T1,2023/24,1_75_1_99,AH_0_50,NOT_FT_OVER25,HOME,LT_100,59,59,29,0.491525,1.898814,-0.067288,4,-7.63,0,0,SMALL_SAMPLE,SMALL_SAMPLE_NO_EDGE_CLAIM
ASIAN_HANDICAP,T1,2023/24,1_75_1_99,AH_0_75,NOT_FT_OVER25,AWAY,LT_100,28,28,13,0.464286,1.902857,-0.027857,5,-3.5,0,0,SMALL_SAMPLE,SMALL_SAMPLE_NO_EDGE_CLAIM
ASIAN_HANDICAP,T1,2023/24,1_75_1_99,AH_0_75,NOT_FT_OVER25,HOME,LT_100,32,32,17,0.53125,1.9,-0.086094,3,-5.685,0,0,SMALL_SAMPLE,SMALL_SAMPLE_NO_EDGE_CLAIM
ASIAN_HANDICAP,T1,2023/24,1_75_1_99,AH_1_00,NOT_FT_OVER25,AWAY,LT_100,24,24,6,0.25,1.880417,-0.119583,3,-4.17,0,0,SMALL_SAMPLE,SMALL_SAMPLE_NO_EDGE_CLAIM
ASIAN_HANDICAP,T1,2023/24,1_75_1_99,AH_1_00,NOT_FT_OVER25,HOME,LT_100,15,15,5,0.333333,1.918,0.114667,2,-2.0,0,0,SMALL_SAMPLE,SMALL_SAMPLE_NO_EDGE_CLAIM
ASIAN_HANDICAP,T1,2023/24,1_75_1_99,AH_1_25_1_50,NOT_FT_OVER25,AWAY,LT_100,20,20,11,0.55,1.9115,0.0475,2,-2.525,0,0,SMALL_SAMPLE,SMALL_SAMPLE_NO_EDGE_CLAIM
ASIAN_HANDICAP,T1,2023/24,1_75_1_99,AH_1_25_1_50,NOT_FT_OVER25,HOME,LT_100,24,24,10,0.416667,1.885,-0.212708,7,-9.06,0,0,SMALL_SAMPLE,SMALL_SAMPLE_NO_EDGE_CLAIM
ASIAN_HANDICAP,T1,2023/24,1_75_1_99,AH_GT_1_50,NOT_FT_OVER25,AWAY,LT_100,26,26,11,0.423077,1.887692,-0.167692,9,-8.5,0,0,SMALL_SAMPLE,SMALL_SAMPLE_NO_EDGE_CLAIM
ASIAN_HANDICAP,T1,2023/24,1_75_1_99,AH_GT_1_50,NOT_FT_OVER25,HOME,LT_100,23,23,11,0.478261,1.896087,-0.076087,4,-5.27,0,0,SMALL_SAMPLE,SMALL_SAMPLE_NO_EDGE_CLAIM
ASIAN_HANDICAP,T1,2023/24,2_00_2_49,AH_0,NOT_FT_OVER25,AWAY,LT_100,17,17,4,0.235294,2.060588,-0.104118,2,-4.0,0,0,SMALL_SAMPLE,SMALL_SAMPLE_NO_EDGE_CLAIM
ASIAN_HANDICAP,T1,2023/24,2_00_2_49,AH_0,NOT_FT_OVER25,HOME,LT_100,9,9,3,0.333333,2.046667,0.022222,1,-2.0,0,0,SMALL_SAMPLE,SMALL_SAMPLE_NO_EDGE_CLAIM
ASIAN_HANDICAP,T1,2023/24,2_00_2_49,AH_0_25,NOT_FT_OVER25,AWAY,LT_100,43,43,18,0.418605,2.050233,-0.159767,5,-8.615,0,0,SMALL_SAMPLE,SMALL_SAMPLE_NO_EDGE_CLAIM
ASIAN_HANDICAP,T1,2023/24,2_00_2_49,AH_0_25,NOT_FT_OVER25,HOME,LT_100,31,31,16,0.516129,2.043871,0.112097,4,-3.475,0,0,SMALL_SAMPLE,SMALL_SAMPLE_NO_EDGE_CLAIM
ASIAN_HANDICAP,T1,2023/24,2_00_2_49,AH_0_50,NOT_FT_OVER25,AWAY,LT_100,19,19,8,0.421053,2.024211,-0.147368,5,-5.0,0,0,SMALL_SAMPLE,SMALL_SAMPLE_NO_EDGE_CLAIM
ASIAN_HANDICAP,T1,2023/24,2_00_2_49,AH_0_50,NOT_FT_OVER25,HOME,LT_100,20,20,9,0.45,2.0375,-0.0815,4,-4.0,0,0,SMALL_SAMPLE,SMALL_SAMPLE_NO_EDGE_CLAIM
ASIAN_HANDICAP,T1,2023/24,2_00_2_49,AH_0_75,NOT_FT_OVER25,AWAY,LT_100,12,12,6,0.5,2.04,0.09875,3,-2.0,0,0,SMALL_SAMPLE,SMALL_SAMPLE_NO_EDGE_CLAIM
ASIAN_HANDICAP,T1,2023/24,2_00_2_49,AH_0_75,NOT_FT_OVER25,HOME,LT_100,6,6,3,0.5,2.025,0.016667,1,-1.0,0,0,SMALL_SAMPLE,SMALL_SAMPLE_NO_EDGE_CLAIM
ASIAN_HANDICAP,T1,2023/24,2_00_2_49,AH_1_00,NOT_FT_OVER25,AWAY,LT_100,3,3,2,0.666667,2.036667,0.676667,0,0.0,0,0,SMALL_SAMPLE,SMALL_SAMPLE_NO_EDGE_CLAIM
ASIAN_HANDICAP,T1,2023/24,2_00_2_49,AH_1_00,NOT_FT_OVER25,HOME,LT_100,11,11,3,0.272727,2.026364,-0.174545,4,-4.0,0,0,SMALL_SAMPLE,SMALL_SAMPLE_NO_EDGE_CLAIM
ASIAN_HANDICAP,T1,2023/24,2_00_2_49,AH_1_25_1_50,NOT_FT_OVER25,AWAY,LT_100,9,9,6,0.666667,2.016667,0.338889,3,-3.0,0,0,SMALL_SAMPLE,SMALL_SAMPLE_NO_EDGE_CLAIM
ASIAN_HANDICAP,T1,2023/24,2_00_2_49,AH_1_25_1_50,NOT_FT_OVER25,HOME,LT_100,5,5,2,0.4,2.018,-0.194,3,-3.0,0,0,SMALL_SAMPLE,SMALL_SAMPLE_NO_EDGE_CLAIM
ASIAN_HANDICAP,T1,2023/24,2_00_2_49,AH_GT_1_50,NOT_FT_OVER25,AWAY,LT_100,7,7,5,0.714286,2.034286,0.658571,1,-0.5,0,0,SMALL_SAMPLE,SMALL_SAMPLE_NO_EDGE_CLAIM
ASIAN_HANDICAP,T1,2023/24,2_00_2_49,AH_GT_1_50,NOT_FT_OVER25,HOME,LT_100,10,10,5,0.5,2.023,-0.0425,5,-5.0,0,0,SMALL_SAMPLE,SMALL_SAMPLE_NO_EDGE_CLAIM
ASIAN_HANDICAP,T1,2024/25,1_50_1_74,AH_0,NOT_FT_OVER25,AWAY,LT_100,1,1,1,1.0,1.73,0.73,0,0.0,0,0,SMALL_SAMPLE,SMALL_SAMPLE_NO_EDGE_CLAIM
ASIAN_HANDICAP,T1,2024/25,1_50_1_74,AH_0_25,NOT_FT_OVER25,AWAY,LT_100,11,11,6,0.545455,1.707273,-0.086818,3,-3.27,0,0,SMALL_SAMPLE,SMALL_SAMPLE_NO_EDGE_CLAIM
ASIAN_HANDICAP,T1,2024/25,1_50_1_74,AH_0_25,NOT_FT_OVER25,HOME,LT_100,4,4,1,0.25,1.73,-0.40875,2,-1.635,0,0,SMALL_SAMPLE,SMALL_SAMPLE_NO_EDGE_CLAIM
ASIAN_HANDICAP,T1,2024/25,1_50_1_74,AH_0_50,NOT_FT_OVER25,AWAY,LT_100,2,2,1,0.5,1.715,-0.135,1,-1.0,0,0,SMALL_SAMPLE,SMALL_SAMPLE_NO_EDGE_CLAIM
ASIAN_HANDICAP,T1,2024/25,1_50_1_74,AH_0_50,NOT_FT_OVER25,HOME,LT_100,1,1,0,0.0,1.73,-1.0,1,-1.0,0,0,SMALL_SAMPLE,SMALL_SAMPLE_NO_EDGE_CLAIM
ASIAN_HANDICAP,T1,2024/25,1_50_1_74,AH_0_75,NOT_FT_OVER25,AWAY,LT_100,1,1,1,1.0,1.7,0.7,0,0.0,0,0,SMALL_SAMPLE,SMALL_SAMPLE_NO_EDGE_CLAIM
ASIAN_HANDICAP,T1,2024/25,1_50_1_74,AH_1_00,NOT_FT_OVER25,AWAY,LT_100,1,1,0,0.0,1.73,0.0,0,0.0,0,0,SMALL_SAMPLE,SMALL_SAMPLE_NO_EDGE_CLAIM
ASIAN_HANDICAP,T1,2024/25,1_50_1_74,AH_1_00,NOT_FT_OVER25,HOME,LT_100,2,2,0,0.0,1.7,-0.5,1,-1.0,0,0,SMALL_SAMPLE,SMALL_SAMPLE_NO_EDGE_CLAIM
ASIAN_HANDICAP,T1,2024/25,1_50_1_74,AH_GT_1_50,NOT_FT_OVER25,HOME,LT_100,1,1,0,0.0,1.65,0.0,0,0.0,0,0,SMALL_SAMPLE,SMALL_SAMPLE_NO_EDGE_CLAIM
ASIAN_HANDICAP,T1,2024/25,1_75_1_99,AH_0,NOT_FT_OVER25,AWAY,LT_100,24,24,10,0.416667,1.877083,-0.018333,3,-6.54,0,0,SMALL_SAMPLE,SMALL_SAMPLE_NO_EDGE_CLAIM
ASIAN_HANDICAP,T1,2024/25,1_75_1_99,AH_0,NOT_FT_OVER25,HOME,LT_100,28,28,13,0.464286,1.854643,0.103214,2,-3.22,0,0,SMALL_SAMPLE,SMALL_SAMPLE_NO_EDGE_CLAIM
ASIAN_HANDICAP,T1,2024/25,1_75_1_99,AH_0_25,NOT_FT_OVER25,AWAY,LT_100,55,55,20,0.363636,1.878727,-0.324636,7,-22.04,0,0,SMALL_SAMPLE,SMALL_SAMPLE_NO_EDGE_CLAIM
ASIAN_HANDICAP,T1,2024/25,1_75_1_99,AH_0_25,NOT_FT_OVER25,HOME,LT_100,62,62,44,0.709677,1.867097,0.309919,3,-4.02,0,0,SMALL_SAMPLE,SMALL_SAMPLE_NO_EDGE_CLAIM
ASIAN_HANDICAP,T1,2024/25,1_75_1_99,AH_0_50,NOT_FT_OVER25,AWAY,LT_100,37,37,17,0.459459,1.891351,-0.135135,5,-9.41,0,0,SMALL_SAMPLE,SMALL_SAMPLE_NO_EDGE_CLAIM
ASIAN_HANDICAP,T1,2024/25,1_75_1_99,AH_0_50,NOT_FT_OVER25,HOME,LT_100,40,40,20,0.5,1.87125,-0.0635,4,-8.89,0,0,SMALL_SAMPLE,SMALL_SAMPLE_NO_EDGE_CLAIM
ASIAN_HANDICAP,T1,2024/25,1_75_1_99,AH_0_75,NOT_FT_OVER25,AWAY,LT_100,28,28,13,0.464286,1.886429,-0.02875,4,-3.775,0,0,SMALL_SAMPLE,SMALL_SAMPLE_NO_EDGE_CLAIM
ASIAN_HANDICAP,T1,2024/25,1_75_1_99,AH_0_75,NOT_FT_OVER25,HOME,LT_100,29,29,16,0.551724,1.878621,-0.038621,5,-5.195,0,0,SMALL_SAMPLE,SMALL_SAMPLE_NO_EDGE_CLAIM
ASIAN_HANDICAP,T1,2024/25,1_75_1_99,AH_1_00,NOT_FT_OVER25,AWAY,LT_100,20,20,9,0.45,1.871,0.096,5,-6.0,0,0,SMALL_SAMPLE,SMALL_SAMPLE_NO_EDGE_CLAIM
ASIAN_HANDICAP,T1,2024/25,1_75_1_99,AH_1_00,NOT_FT_OVER25,HOME,LT_100,16,16,5,0.3125,1.869375,-0.163125,3,-3.0,0,0,SMALL_SAMPLE,SMALL_SAMPLE_NO_EDGE_CLAIM
ASIAN_HANDICAP,T1,2024/25,1_75_1_99,AH_1_25_1_50,NOT_FT_OVER25,AWAY,LT_100,26,26,13,0.5,1.882308,-0.029231,3,-2.73,0,0,SMALL_SAMPLE,SMALL_SAMPLE_NO_EDGE_CLAIM
ASIAN_HANDICAP,T1,2024/25,1_75_1_99,AH_1_25_1_50,NOT_FT_OVER25,HOME,LT_100,28,28,10,0.357143,1.855,-0.333214,10,-13.47,0,0,SMALL_SAMPLE,SMALL_SAMPLE_NO_EDGE_CLAIM
ASIAN_HANDICAP,T1,2024/25,1_75_1_99,AH_GT_1_50,NOT_FT_OVER25,AWAY,LT_100,25,25,12,0.48,1.8656,0.0464,4,-5.02,0,0,SMALL_SAMPLE,SMALL_SAMPLE_NO_EDGE_CLAIM
ASIAN_HANDICAP,T1,2024/25,1_75_1_99,AH_GT_1_50,NOT_FT_OVER25,HOME,LT_100,23,23,13,0.565217,1.869565,0.119565,2,-2.2,0,0,SMALL_SAMPLE,SMALL_SAMPLE_NO_EDGE_CLAIM
ASIAN_HANDICAP,T1,2024/25,2_00_2_49,AH_0,NOT_FT_OVER25,AWAY,LT_100,14,14,3,0.214286,2.042857,-0.205,4,-4.0,0,0,SMALL_SAMPLE,SMALL_SAMPLE_NO_EDGE_CLAIM
ASIAN_HANDICAP,T1,2024/25,2_00_2_49,AH_0,NOT_FT_OVER25,HOME,LT_100,11,11,2,0.181818,2.042727,-0.354545,3,-3.9,0,0,SMALL_SAMPLE,SMALL_SAMPLE_NO_EDGE_CLAIM
ASIAN_HANDICAP,T1,2024/25,2_00_2_49,AH_0_25,NOT_FT_OVER25,AWAY,LT_100,34,34,11,0.323529,2.043824,-0.310294,10,-15.39,0,0,SMALL_SAMPLE,SMALL_SAMPLE_NO_EDGE_CLAIM
ASIAN_HANDICAP,T1,2024/25,2_00_2_49,AH_0_25,NOT_FT_OVER25,HOME,LT_100,34,34,18,0.529412,2.061765,0.137794,3,-2.95,0,0,SMALL_SAMPLE,SMALL_SAMPLE_NO_EDGE_CLAIM
ASIAN_HANDICAP,T1,2024/25,2_00_2_49,AH_0_50,NOT_FT_OVER25,AWAY,LT_100,17,17,11,0.647059,2.032941,0.315294,1,-1.0,0,0,SMALL_SAMPLE,SMALL_SAMPLE_NO_EDGE_CLAIM
ASIAN_HANDICAP,T1,2024/25,2_00_2_49,AH_0_50,NOT_FT_OVER25,HOME,LT_100,15,15,7,0.466667,2.039333,-0.048667,3,-3.0,0,0,SMALL_SAMPLE,SMALL_SAMPLE_NO_EDGE_CLAIM
ASIAN_HANDICAP,T1,2024/25,2_00_2_49,AH_0_75,NOT_FT_OVER25,AWAY,LT_100,11,11,4,0.363636,2.030909,-0.218636,3,-2.5,0,0,SMALL_SAMPLE,SMALL_SAMPLE_NO_EDGE_CLAIM
ASIAN_HANDICAP,T1,2024/25,2_00_2_49,AH_0_75,NOT_FT_OVER25,HOME,LT_100,11,11,6,0.545455,2.034545,0.058182,3,-2.5,0,0,SMALL_SAMPLE,SMALL_SAMPLE_NO_EDGE_CLAIM
ASIAN_HANDICAP,T1,2024/25,2_00_2_49,AH_1_00,NOT_FT_OVER25,AWAY,LT_100,9,9,3,0.333333,2.042222,0.127778,2,-2.0,0,0,SMALL_SAMPLE,SMALL_SAMPLE_NO_EDGE_CLAIM
ASIAN_HANDICAP,T1,2024/25,2_00_2_49,AH_1_00,NOT_FT_OVER25,HOME,LT_100,12,12,3,0.25,2.035,-0.076667,2,-2.0,0,0,SMALL_SAMPLE,SMALL_SAMPLE_NO_EDGE_CLAIM
ASIAN_HANDICAP,T1,2024/25,2_00_2_49,AH_1_25_1_50,NOT_FT_OVER25,AWAY,LT_100,13,13,9,0.692308,2.030769,0.408462,2,-2.0,0,0,SMALL_SAMPLE,SMALL_SAMPLE_NO_EDGE_CLAIM
ASIAN_HANDICAP,T1,2024/25,2_00_2_49,AH_1_25_1_50,NOT_FT_OVER25,HOME,LT_100,11,11,7,0.636364,2.031818,0.252273,1,-1.485,0,0,SMALL_SAMPLE,SMALL_SAMPLE_NO_EDGE_CLAIM
ASIAN_HANDICAP,T1,2024/25,2_00_2_49,AH_GT_1_50,NOT_FT_OVER25,AWAY,LT_100,12,12,4,0.333333,2.0425,-0.159167,3,-3.0,0,0,SMALL_SAMPLE,SMALL_SAMPLE_NO_EDGE_CLAIM
ASIAN_HANDICAP,T1,2024/25,2_00_2_49,AH_GT_1_50,NOT_FT_OVER25,HOME,LT_100,13,13,3,0.230769,2.015385,-0.418077,4,-6.0,0,0,SMALL_SAMPLE,SMALL_SAMPLE_NO_EDGE_CLAIM
ASIAN_HANDICAP,T1,2024/25,LT_1_50,AH_0_25,NOT_FT_OVER25,AWAY,LT_100,1,1,1,1.0,0.0,-0.5,1,-0.5,0,0,SMALL_SAMPLE,SMALL_SAMPLE_NO_EDGE_CLAIM
ASIAN_HANDICAP,T1,2024/25,LT_1_50,AH_0_25,NOT_FT_OVER25,HOME,LT_100,1,1,0,0.0,0.0,-0.5,1,-0.5,0,0,SMALL_SAMPLE,SMALL_SAMPLE_NO_EDGE_CLAIM
DOUBLE_CHANCE_PROXY,B1,2020/21,PRICE_MISSING,NOT_AH,NOT_FT_OVER25,12,300_999,306,0,236,0.771242,,,0,,306,0,MEDIUM_CONFIDENCE,NO_REAL_DC_ODDS
DOUBLE_CHANCE_PROXY,B1,2020/21,PRICE_MISSING,NOT_AH,NOT_FT_OVER25,1X,300_999,306,0,193,0.630719,,,0,,306,0,MEDIUM_CONFIDENCE,NO_REAL_DC_ODDS
DOUBLE_CHANCE_PROXY,B1,2020/21,PRICE_MISSING,NOT_AH,NOT_FT_OVER25,X2,300_999,306,0,183,0.598039,,,0,,306,0,MEDIUM_CONFIDENCE,NO_REAL_DC_ODDS
DOUBLE_CHANCE_PROXY,B1,2021/22,PRICE_MISSING,NOT_AH,NOT_FT_OVER25,12,300_999,306,0,238,0.777778,,,0,,306,0,MEDIUM_CONFIDENCE,NO_REAL_DC_ODDS
DOUBLE_CHANCE_PROXY,B1,2021/22,PRICE_MISSING,NOT_AH,NOT_FT_OVER25,1X,300_999,306,0,196,0.640523,,,0,,306,0,MEDIUM_CONFIDENCE,NO_REAL_DC_ODDS
DOUBLE_CHANCE_PROXY,B1,2021/22,PRICE_MISSING,NOT_AH,NOT_FT_OVER25,X2,300_999,306,0,178,0.581699,,,0,,306,0,MEDIUM_CONFIDENCE,NO_REAL_DC_ODDS
DOUBLE_CHANCE_PROXY,B1,2022/23,PRICE_MISSING,NOT_AH,NOT_FT_OVER25,12,300_999,306,0,238,0.777778,,,0,,306,0,MEDIUM_CONFIDENCE,NO_REAL_DC_ODDS
DOUBLE_CHANCE_PROXY,B1,2022/23,PRICE_MISSING,NOT_AH,NOT_FT_OVER25,1X,300_999,306,0,203,0.663399,,,0,,306,0,MEDIUM_CONFIDENCE,NO_REAL_DC_ODDS
DOUBLE_CHANCE_PROXY,B1,2022/23,PRICE_MISSING,NOT_AH,NOT_FT_OVER25,X2,300_999,306,0,171,0.558824,,,0,,306,0,MEDIUM_CONFIDENCE,NO_REAL_DC_ODDS
DOUBLE_CHANCE_PROXY,B1,2023/24,PRICE_MISSING,NOT_AH,NOT_FT_OVER25,12,300_999,312,0,231,0.740385,,,0,,312,0,MEDIUM_CONFIDENCE,NO_REAL_DC_ODDS
DOUBLE_CHANCE_PROXY,B1,2023/24,PRICE_MISSING,NOT_AH,NOT_FT_OVER25,1X,300_999,312,0,220,0.705128,,,0,,312,0,MEDIUM_CONFIDENCE,NO_REAL_DC_ODDS
DOUBLE_CHANCE_PROXY,B1,2023/24,PRICE_MISSING,NOT_AH,NOT_FT_OVER25,X2,300_999,312,0,173,0.554487,,,0,,312,0,MEDIUM_CONFIDENCE,NO_REAL_DC_ODDS
DOUBLE_CHANCE_PROXY,B1,2024/25,PRICE_MISSING,NOT_AH,NOT_FT_OVER25,12,300_999,312,0,222,0.711538,,,0,,312,0,MEDIUM_CONFIDENCE,NO_REAL_DC_ODDS
DOUBLE_CHANCE_PROXY,B1,2024/25,PRICE_MISSING,NOT_AH,NOT_FT_OVER25,1X,300_999,312,0,227,0.727564,,,0,,312,0,MEDIUM_CONFIDENCE,NO_REAL_DC_ODDS
DOUBLE_CHANCE_PROXY,B1,2024/25,PRICE_MISSING,NOT_AH,NOT_FT_OVER25,X2,300_999,312,0,175,0.560897,,,0,,312,0,MEDIUM_CONFIDENCE,NO_REAL_DC_ODDS
DOUBLE_CHANCE_PROXY,D1,2020/21,PRICE_MISSING,NOT_AH,NOT_FT_OVER25,12,300_999,306,0,225,0.735294,,,0,,306,0,MEDIUM_CONFIDENCE,NO_REAL_DC_ODDS
DOUBLE_CHANCE_PROXY,D1,2020/21,PRICE_MISSING,NOT_AH,NOT_FT_OVER25,1X,300_999,306,0,210,0.686275,,,0,,306,0,MEDIUM_CONFIDENCE,NO_REAL_DC_ODDS
DOUBLE_CHANCE_PROXY,D1,2020/21,PRICE_MISSING,NOT_AH,NOT_FT_OVER25,X2,300_999,306,0,177,0.578431,,,0,,306,0,MEDIUM_CONFIDENCE,NO_REAL_DC_ODDS
DOUBLE_CHANCE_PROXY,D1,2021/22,PRICE_MISSING,NOT_AH,NOT_FT_OVER25,12,300_999,306,0,233,0.761438,,,0,,306,0,MEDIUM_CONFIDENCE,NO_REAL_DC_ODDS
DOUBLE_CHANCE_PROXY,D1,2021/22,PRICE_MISSING,NOT_AH,NOT_FT_OVER25,1X,300_999,306,0,216,0.705882,,,0,,306,0,MEDIUM_CONFIDENCE,NO_REAL_DC_ODDS
DOUBLE_CHANCE_PROXY,D1,2021/22,PRICE_MISSING,NOT_AH,NOT_FT_OVER25,X2,300_999,306,0,163,0.53268,,,0,,306,0,MEDIUM_CONFIDENCE,NO_REAL_DC_ODDS
DOUBLE_CHANCE_PROXY,D1,2022/23,PRICE_MISSING,NOT_AH,NOT_FT_OVER25,12,300_999,306,0,231,0.754902,,,0,,306,0,MEDIUM_CONFIDENCE,NO_REAL_DC_ODDS
DOUBLE_CHANCE_PROXY,D1,2022/23,PRICE_MISSING,NOT_AH,NOT_FT_OVER25,1X,300_999,306,0,220,0.718954,,,0,,306,0,MEDIUM_CONFIDENCE,NO_REAL_DC_ODDS
DOUBLE_CHANCE_PROXY,D1,2022/23,PRICE_MISSING,NOT_AH,NOT_FT_OVER25,X2,300_999,306,0,161,0.526144,,,0,,306,0,MEDIUM_CONFIDENCE,NO_REAL_DC_ODDS
DOUBLE_CHANCE_PROXY,D1,2023/24,PRICE_MISSING,NOT_AH,NOT_FT_OVER25,12,300_999,306,0,225,0.735294,,,0,,306,0,MEDIUM_CONFIDENCE,NO_REAL_DC_ODDS
DOUBLE_CHANCE_PROXY,D1,2023/24,PRICE_MISSING,NOT_AH,NOT_FT_OVER25,1X,300_999,306,0,215,0.702614,,,0,,306,0,MEDIUM_CONFIDENCE,NO_REAL_DC_ODDS
DOUBLE_CHANCE_PROXY,D1,2023/24,PRICE_MISSING,NOT_AH,NOT_FT_OVER25,X2,300_999,306,0,172,0.562092,,,0,,306,0,MEDIUM_CONFIDENCE,NO_REAL_DC_ODDS
DOUBLE_CHANCE_PROXY,D1,2024/25,PRICE_MISSING,NOT_AH,NOT_FT_OVER25,12,300_999,306,0,229,0.748366,,,0,,306,0,MEDIUM_CONFIDENCE,NO_REAL_DC_ODDS
DOUBLE_CHANCE_PROXY,D1,2024/25,PRICE_MISSING,NOT_AH,NOT_FT_OVER25,1X,300_999,306,0,195,0.637255,,,0,,306,0,MEDIUM_CONFIDENCE,NO_REAL_DC_ODDS
DOUBLE_CHANCE_PROXY,D1,2024/25,PRICE_MISSING,NOT_AH,NOT_FT_OVER25,X2,300_999,306,0,188,0.614379,,,0,,306,0,MEDIUM_CONFIDENCE,NO_REAL_DC_ODDS
DOUBLE_CHANCE_PROXY,E0,2020/21,PRICE_MISSING,NOT_AH,NOT_FT_OVER25,12,300_999,380,0,297,0.781579,,,0,,380,0,MEDIUM_CONFIDENCE,NO_REAL_DC_ODDS
DOUBLE_CHANCE_PROXY,E0,2020/21,PRICE_MISSING,NOT_AH,NOT_FT_OVER25,1X,300_999,380,0,227,0.597368,,,0,,380,0,MEDIUM_CONFIDENCE,NO_REAL_DC_ODDS
DOUBLE_CHANCE_PROXY,E0,2020/21,PRICE_MISSING,NOT_AH,NOT_FT_OVER25,X2,300_999,380,0,236,0.621053,,,0,,380,0,MEDIUM_CONFIDENCE,NO_REAL_DC_ODDS
DOUBLE_CHANCE_PROXY,E0,2021/22,PRICE_MISSING,NOT_AH,NOT_FT_OVER25,12,300_999,380,0,292,0.768421,,,0,,380,0,MEDIUM_CONFIDENCE,NO_REAL_DC_ODDS
DOUBLE_CHANCE_PROXY,E0,2021/22,PRICE_MISSING,NOT_AH,NOT_FT_OVER25,1X,300_999,380,0,251,0.660526,,,0,,380,0,MEDIUM_CONFIDENCE,NO_REAL_DC_ODDS
DOUBLE_CHANCE_PROXY,E0,2021/22,PRICE_MISSING,NOT_AH,NOT_FT_OVER25,X2,300_999,380,0,217,0.571053,,,0,,380,0,MEDIUM_CONFIDENCE,NO_REAL_DC_ODDS
DOUBLE_CHANCE_PROXY,E0,2022/23,PRICE_MISSING,NOT_AH,NOT_FT_OVER25,12,300_999,380,0,293,0.771053,,,0,,380,0,MEDIUM_CONFIDENCE,NO_REAL_DC_ODDS
DOUBLE_CHANCE_PROXY,E0,2022/23,PRICE_MISSING,NOT_AH,NOT_FT_OVER25,1X,300_999,380,0,271,0.713158,,,0,,380,0,MEDIUM_CONFIDENCE,NO_REAL_DC_ODDS
DOUBLE_CHANCE_PROXY,E0,2022/23,PRICE_MISSING,NOT_AH,NOT_FT_OVER25,X2,300_999,380,0,196,0.515789,,,0,,380,0,MEDIUM_CONFIDENCE,NO_REAL_DC_ODDS
DOUBLE_CHANCE_PROXY,E0,2023/24,PRICE_MISSING,NOT_AH,NOT_FT_OVER25,12,300_999,380,0,298,0.784211,,,0,,380,0,MEDIUM_CONFIDENCE,NO_REAL_DC_ODDS
DOUBLE_CHANCE_PROXY,E0,2023/24,PRICE_MISSING,NOT_AH,NOT_FT_OVER25,1X,300_999,380,0,257,0.676316,,,0,,380,0,MEDIUM_CONFIDENCE,NO_REAL_DC_ODDS
DOUBLE_CHANCE_PROXY,E0,2023/24,PRICE_MISSING,NOT_AH,NOT_FT_OVER25,X2,300_999,380,0,205,0.539474,,,0,,380,0,MEDIUM_CONFIDENCE,NO_REAL_DC_ODDS
DOUBLE_CHANCE_PROXY,E0,2024/25,PRICE_MISSING,NOT_AH,NOT_FT_OVER25,12,300_999,380,0,287,0.755263,,,0,,380,0,MEDIUM_CONFIDENCE,NO_REAL_DC_ODDS
DOUBLE_CHANCE_PROXY,E0,2024/25,PRICE_MISSING,NOT_AH,NOT_FT_OVER25,1X,300_999,380,0,248,0.652632,,,0,,380,0,MEDIUM_CONFIDENCE,NO_REAL_DC_ODDS
DOUBLE_CHANCE_PROXY,E0,2024/25,PRICE_MISSING,NOT_AH,NOT_FT_OVER25,X2,300_999,380,0,225,0.592105,,,0,,380,0,MEDIUM_CONFIDENCE,NO_REAL_DC_ODDS
DOUBLE_CHANCE_PROXY,F1,2020/21,PRICE_MISSING,NOT_AH,NOT_FT_OVER25,12,300_999,380,0,285,0.75,,,0,,380,0,MEDIUM_CONFIDENCE,NO_REAL_DC_ODDS
DOUBLE_CHANCE_PROXY,F1,2020/21,PRICE_MISSING,NOT_AH,NOT_FT_OVER25,1X,300_999,380,0,237,0.623684,,,0,,380,0,MEDIUM_CONFIDENCE,NO_REAL_DC_ODDS
DOUBLE_CHANCE_PROXY,F1,2020/21,PRICE_MISSING,NOT_AH,NOT_FT_OVER25,X2,300_999,380,0,238,0.626316,,,0,,380,0,MEDIUM_CONFIDENCE,NO_REAL_DC_ODDS
DOUBLE_CHANCE_PROXY,F1,2021/22,PRICE_MISSING,NOT_AH,NOT_FT_OVER25,12,300_999,380,0,278,0.731579,,,0,,380,0,MEDIUM_CONFIDENCE,NO_REAL_DC_ODDS
DOUBLE_CHANCE_PROXY,F1,2021/22,PRICE_MISSING,NOT_AH,NOT_FT_OVER25,1X,300_999,380,0,264,0.694737,,,0,,380,0,MEDIUM_CONFIDENCE,NO_REAL_DC_ODDS
DOUBLE_CHANCE_PROXY,F1,2021/22,PRICE_MISSING,NOT_AH,NOT_FT_OVER25,X2,300_999,380,0,218,0.573684,,,0,,380,0,MEDIUM_CONFIDENCE,NO_REAL_DC_ODDS
DOUBLE_CHANCE_PROXY,F1,2022/23,PRICE_MISSING,NOT_AH,NOT_FT_OVER25,12,300_999,380,0,288,0.757895,,,0,,380,0,MEDIUM_CONFIDENCE,NO_REAL_DC_ODDS
DOUBLE_CHANCE_PROXY,F1,2022/23,PRICE_MISSING,NOT_AH,NOT_FT_OVER25,1X,300_999,380,0,255,0.671053,,,0,,380,0,MEDIUM_CONFIDENCE,NO_REAL_DC_ODDS
DOUBLE_CHANCE_PROXY,F1,2022/23,PRICE_MISSING,NOT_AH,NOT_FT_OVER25,X2,300_999,380,0,217,0.571053,,,0,,380,0,MEDIUM_CONFIDENCE,NO_REAL_DC_ODDS
DOUBLE_CHANCE_PROXY,F1,2023/24,PRICE_MISSING,NOT_AH,NOT_FT_OVER25,12,300_999,306,0,225,0.735294,,,0,,306,0,MEDIUM_CONFIDENCE,NO_REAL_DC_ODDS
DOUBLE_CHANCE_PROXY,F1,2023/24,PRICE_MISSING,NOT_AH,NOT_FT_OVER25,1X,300_999,306,0,201,0.656863,,,0,,306,0,MEDIUM_CONFIDENCE,NO_REAL_DC_ODDS
DOUBLE_CHANCE_PROXY,F1,2023/24,PRICE_MISSING,NOT_AH,NOT_FT_OVER25,X2,300_999,306,0,186,0.607843,,,0,,306,0,MEDIUM_CONFIDENCE,NO_REAL_DC_ODDS
DOUBLE_CHANCE_PROXY,F1,2024/25,PRICE_MISSING,NOT_AH,NOT_FT_OVER25,12,300_999,306,0,244,0.797386,,,0,,306,0,MEDIUM_CONFIDENCE,NO_REAL_DC_ODDS
DOUBLE_CHANCE_PROXY,F1,2024/25,PRICE_MISSING,NOT_AH,NOT_FT_OVER25,1X,300_999,306,0,205,0.669935,,,0,,306,0,MEDIUM_CONFIDENCE,NO_REAL_DC_ODDS
DOUBLE_CHANCE_PROXY,F1,2024/25,PRICE_MISSING,NOT_AH,NOT_FT_OVER25,X2,300_999,306,0,163,0.53268,,,0,,306,0,MEDIUM_CONFIDENCE,NO_REAL_DC_ODDS
DOUBLE_CHANCE_PROXY,I1,2020/21,PRICE_MISSING,NOT_AH,NOT_FT_OVER25,12,300_999,380,0,283,0.744737,,,0,,380,0,MEDIUM_CONFIDENCE,NO_REAL_DC_ODDS
DOUBLE_CHANCE_PROXY,I1,2020/21,PRICE_MISSING,NOT_AH,NOT_FT_OVER25,1X,300_999,380,0,252,0.663158,,,0,,380,0,MEDIUM_CONFIDENCE,NO_REAL_DC_ODDS
DOUBLE_CHANCE_PROXY,I1,2020/21,PRICE_MISSING,NOT_AH,NOT_FT_OVER25,X2,300_999,380,0,225,0.592105,,,0,,380,0,MEDIUM_CONFIDENCE,NO_REAL_DC_ODDS
DOUBLE_CHANCE_PROXY,I1,2021/22,PRICE_MISSING,NOT_AH,NOT_FT_OVER25,12,300_999,380,0,282,0.742105,,,0,,380,0,MEDIUM_CONFIDENCE,NO_REAL_DC_ODDS
DOUBLE_CHANCE_PROXY,I1,2021/22,PRICE_MISSING,NOT_AH,NOT_FT_OVER25,1X,300_999,380,0,246,0.647368,,,0,,380,0,MEDIUM_CONFIDENCE,NO_REAL_DC_ODDS
DOUBLE_CHANCE_PROXY,I1,2021/22,PRICE_MISSING,NOT_AH,NOT_FT_OVER25,X2,300_999,380,0,232,0.610526,,,0,,380,0,MEDIUM_CONFIDENCE,NO_REAL_DC_ODDS
DOUBLE_CHANCE_PROXY,I1,2022/23,PRICE_MISSING,NOT_AH,NOT_FT_OVER25,12,300_999,380,0,280,0.736842,,,0,,380,0,MEDIUM_CONFIDENCE,NO_REAL_DC_ODDS
DOUBLE_CHANCE_PROXY,I1,2022/23,PRICE_MISSING,NOT_AH,NOT_FT_OVER25,1X,300_999,380,0,261,0.686842,,,0,,380,0,MEDIUM_CONFIDENCE,NO_REAL_DC_ODDS
DOUBLE_CHANCE_PROXY,I1,2022/23,PRICE_MISSING,NOT_AH,NOT_FT_OVER25,X2,300_999,380,0,219,0.576316,,,0,,380,0,MEDIUM_CONFIDENCE,NO_REAL_DC_ODDS
DOUBLE_CHANCE_PROXY,I1,2023/24,PRICE_MISSING,NOT_AH,NOT_FT_OVER25,12,300_999,380,0,268,0.705263,,,0,,380,0,MEDIUM_CONFIDENCE,NO_REAL_DC_ODDS
DOUBLE_CHANCE_PROXY,I1,2023/24,PRICE_MISSING,NOT_AH,NOT_FT_OVER25,1X,300_999,380,0,271,0.713158,,,0,,380,0,MEDIUM_CONFIDENCE,NO_REAL_DC_ODDS
DOUBLE_CHANCE_PROXY,I1,2023/24,PRICE_MISSING,NOT_AH,NOT_FT_OVER25,X2,300_999,380,0,221,0.581579,,,0,,380,0,MEDIUM_CONFIDENCE,NO_REAL_DC_ODDS
DOUBLE_CHANCE_PROXY,I1,2024/25,PRICE_MISSING,NOT_AH,NOT_FT_OVER25,12,300_999,380,0,272,0.715789,,,0,,380,0,MEDIUM_CONFIDENCE,NO_REAL_DC_ODDS
DOUBLE_CHANCE_PROXY,I1,2024/25,PRICE_MISSING,NOT_AH,NOT_FT_OVER25,1X,300_999,380,0,259,0.681579,,,0,,380,0,MEDIUM_CONFIDENCE,NO_REAL_DC_ODDS
DOUBLE_CHANCE_PROXY,I1,2024/25,PRICE_MISSING,NOT_AH,NOT_FT_OVER25,X2,300_999,380,0,229,0.602632,,,0,,380,0,MEDIUM_CONFIDENCE,NO_REAL_DC_ODDS
DOUBLE_CHANCE_PROXY,N1,2020/21,PRICE_MISSING,NOT_AH,NOT_FT_OVER25,12,300_999,306,0,228,0.745098,,,0,,306,0,MEDIUM_CONFIDENCE,NO_REAL_DC_ODDS
DOUBLE_CHANCE_PROXY,N1,2020/21,PRICE_MISSING,NOT_AH,NOT_FT_OVER25,1X,300_999,306,0,204,0.666667,,,0,,306,0,MEDIUM_CONFIDENCE,NO_REAL_DC_ODDS
DOUBLE_CHANCE_PROXY,N1,2020/21,PRICE_MISSING,NOT_AH,NOT_FT_OVER25,X2,300_999,306,0,180,0.588235,,,0,,306,0,MEDIUM_CONFIDENCE,NO_REAL_DC_ODDS
DOUBLE_CHANCE_PROXY,N1,2021/22,PRICE_MISSING,NOT_AH,NOT_FT_OVER25,12,300_999,306,0,242,0.79085,,,0,,306,0,MEDIUM_CONFIDENCE,NO_REAL_DC_ODDS
DOUBLE_CHANCE_PROXY,N1,2021/22,PRICE_MISSING,NOT_AH,NOT_FT_OVER25,1X,300_999,306,0,196,0.640523,,,0,,306,0,MEDIUM_CONFIDENCE,NO_REAL_DC_ODDS
DOUBLE_CHANCE_PROXY,N1,2021/22,PRICE_MISSING,NOT_AH,NOT_FT_OVER25,X2,300_999,306,0,174,0.568627,,,0,,306,0,MEDIUM_CONFIDENCE,NO_REAL_DC_ODDS
DOUBLE_CHANCE_PROXY,N1,2022/23,PRICE_MISSING,NOT_AH,NOT_FT_OVER25,12,300_999,306,0,233,0.761438,,,0,,306,0,MEDIUM_CONFIDENCE,NO_REAL_DC_ODDS
DOUBLE_CHANCE_PROXY,N1,2022/23,PRICE_MISSING,NOT_AH,NOT_FT_OVER25,1X,300_999,306,0,210,0.686275,,,0,,306,0,MEDIUM_CONFIDENCE,NO_REAL_DC_ODDS
DOUBLE_CHANCE_PROXY,N1,2022/23,PRICE_MISSING,NOT_AH,NOT_FT_OVER25,X2,300_999,306,0,169,0.552288,,,0,,306,0,MEDIUM_CONFIDENCE,NO_REAL_DC_ODDS
DOUBLE_CHANCE_PROXY,N1,2023/24,PRICE_MISSING,NOT_AH,NOT_FT_OVER25,12,300_999,306,0,230,0.751634,,,0,,306,0,MEDIUM_CONFIDENCE,NO_REAL_DC_ODDS
DOUBLE_CHANCE_PROXY,N1,2023/24,PRICE_MISSING,NOT_AH,NOT_FT_OVER25,1X,300_999,306,0,208,0.679739,,,0,,306,0,MEDIUM_CONFIDENCE,NO_REAL_DC_ODDS
DOUBLE_CHANCE_PROXY,N1,2023/24,PRICE_MISSING,NOT_AH,NOT_FT_OVER25,X2,300_999,306,0,174,0.568627,,,0,,306,0,MEDIUM_CONFIDENCE,NO_REAL_DC_ODDS
DOUBLE_CHANCE_PROXY,N1,2024/25,PRICE_MISSING,NOT_AH,NOT_FT_OVER25,12,300_999,306,0,229,0.748366,,,0,,306,0,MEDIUM_CONFIDENCE,NO_REAL_DC_ODDS
DOUBLE_CHANCE_PROXY,N1,2024/25,PRICE_MISSING,NOT_AH,NOT_FT_OVER25,1X,300_999,306,0,216,0.705882,,,0,,306,0,MEDIUM_CONFIDENCE,NO_REAL_DC_ODDS
DOUBLE_CHANCE_PROXY,N1,2024/25,PRICE_MISSING,NOT_AH,NOT_FT_OVER25,X2,300_999,306,0,167,0.545752,,,0,,306,0,MEDIUM_CONFIDENCE,NO_REAL_DC_ODDS
DOUBLE_CHANCE_PROXY,P1,2020/21,PRICE_MISSING,NOT_AH,NOT_FT_OVER25,12,300_999,306,0,229,0.748366,,,0,,306,0,MEDIUM_CONFIDENCE,NO_REAL_DC_ODDS
DOUBLE_CHANCE_PROXY,P1,2020/21,PRICE_MISSING,NOT_AH,NOT_FT_OVER25,1X,300_999,306,0,204,0.666667,,,0,,306,0,MEDIUM_CONFIDENCE,NO_REAL_DC_ODDS
DOUBLE_CHANCE_PROXY,P1,2020/21,PRICE_MISSING,NOT_AH,NOT_FT_OVER25,X2,300_999,306,0,179,0.584967,,,0,,306,0,MEDIUM_CONFIDENCE,NO_REAL_DC_ODDS
DOUBLE_CHANCE_PROXY,P1,2021/22,PRICE_MISSING,NOT_AH,NOT_FT_OVER25,12,300_999,306,0,219,0.715686,,,0,,306,0,MEDIUM_CONFIDENCE,NO_REAL_DC_ODDS
DOUBLE_CHANCE_PROXY,P1,2021/22,PRICE_MISSING,NOT_AH,NOT_FT_OVER25,1X,300_999,306,0,208,0.679739,,,0,,306,0,MEDIUM_CONFIDENCE,NO_REAL_DC_ODDS
DOUBLE_CHANCE_PROXY,P1,2021/22,PRICE_MISSING,NOT_AH,NOT_FT_OVER25,X2,300_999,306,0,185,0.604575,,,0,,306,0,MEDIUM_CONFIDENCE,NO_REAL_DC_ODDS
DOUBLE_CHANCE_PROXY,P1,2022/23,PRICE_MISSING,NOT_AH,NOT_FT_OVER25,12,300_999,306,0,251,0.820261,,,0,,306,0,MEDIUM_CONFIDENCE,NO_REAL_DC_ODDS
DOUBLE_CHANCE_PROXY,P1,2022/23,PRICE_MISSING,NOT_AH,NOT_FT_OVER25,1X,300_999,306,0,205,0.669935,,,0,,306,0,MEDIUM_CONFIDENCE,NO_REAL_DC_ODDS
DOUBLE_CHANCE_PROXY,P1,2022/23,PRICE_MISSING,NOT_AH,NOT_FT_OVER25,X2,300_999,306,0,156,0.509804,,,0,,306,0,MEDIUM_CONFIDENCE,NO_REAL_DC_ODDS
DOUBLE_CHANCE_PROXY,P1,2023/24,PRICE_MISSING,NOT_AH,NOT_FT_OVER25,12,300_999,306,0,231,0.754902,,,0,,306,0,MEDIUM_CONFIDENCE,NO_REAL_DC_ODDS
DOUBLE_CHANCE_PROXY,P1,2023/24,PRICE_MISSING,NOT_AH,NOT_FT_OVER25,1X,300_999,306,0,208,0.679739,,,0,,306,0,MEDIUM_CONFIDENCE,NO_REAL_DC_ODDS
DOUBLE_CHANCE_PROXY,P1,2023/24,PRICE_MISSING,NOT_AH,NOT_FT_OVER25,X2,300_999,306,0,173,0.565359,,,0,,306,0,MEDIUM_CONFIDENCE,NO_REAL_DC_ODDS
DOUBLE_CHANCE_PROXY,P1,2024/25,PRICE_MISSING,NOT_AH,NOT_FT_OVER25,12,300_999,306,0,227,0.74183,,,0,,306,0,MEDIUM_CONFIDENCE,NO_REAL_DC_ODDS
DOUBLE_CHANCE_PROXY,P1,2024/25,PRICE_MISSING,NOT_AH,NOT_FT_OVER25,1X,300_999,306,0,211,0.689542,,,0,,306,0,MEDIUM_CONFIDENCE,NO_REAL_DC_ODDS
DOUBLE_CHANCE_PROXY,P1,2024/25,PRICE_MISSING,NOT_AH,NOT_FT_OVER25,X2,300_999,306,0,174,0.568627,,,0,,306,0,MEDIUM_CONFIDENCE,NO_REAL_DC_ODDS
DOUBLE_CHANCE_PROXY,SP1,2020/21,PRICE_MISSING,NOT_AH,NOT_FT_OVER25,12,300_999,380,0,271,0.713158,,,0,,380,0,MEDIUM_CONFIDENCE,NO_REAL_DC_ODDS
DOUBLE_CHANCE_PROXY,SP1,2020/21,PRICE_MISSING,NOT_AH,NOT_FT_OVER25,1X,300_999,380,0,267,0.702632,,,0,,380,0,MEDIUM_CONFIDENCE,NO_REAL_DC_ODDS
DOUBLE_CHANCE_PROXY,SP1,2020/21,PRICE_MISSING,NOT_AH,NOT_FT_OVER25,X2,300_999,380,0,222,0.584211,,,0,,380,0,MEDIUM_CONFIDENCE,NO_REAL_DC_ODDS
DOUBLE_CHANCE_PROXY,SP1,2021/22,PRICE_MISSING,NOT_AH,NOT_FT_OVER25,12,300_999,380,0,269,0.707895,,,0,,380,0,MEDIUM_CONFIDENCE,NO_REAL_DC_ODDS
DOUBLE_CHANCE_PROXY,SP1,2021/22,PRICE_MISSING,NOT_AH,NOT_FT_OVER25,1X,300_999,380,0,276,0.726316,,,0,,380,0,MEDIUM_CONFIDENCE,NO_REAL_DC_ODDS
DOUBLE_CHANCE_PROXY,SP1,2021/22,PRICE_MISSING,NOT_AH,NOT_FT_OVER25,X2,300_999,380,0,215,0.565789,,,0,,380,0,MEDIUM_CONFIDENCE,NO_REAL_DC_ODDS
DOUBLE_CHANCE_PROXY,SP1,2022/23,PRICE_MISSING,NOT_AH,NOT_FT_OVER25,12,300_999,380,0,291,0.765789,,,0,,380,0,MEDIUM_CONFIDENCE,NO_REAL_DC_ODDS
DOUBLE_CHANCE_PROXY,SP1,2022/23,PRICE_MISSING,NOT_AH,NOT_FT_OVER25,1X,300_999,380,0,271,0.713158,,,0,,380,0,MEDIUM_CONFIDENCE,NO_REAL_DC_ODDS
DOUBLE_CHANCE_PROXY,SP1,2022/23,PRICE_MISSING,NOT_AH,NOT_FT_OVER25,X2,300_999,380,0,198,0.521053,,,0,,380,0,MEDIUM_CONFIDENCE,NO_REAL_DC_ODDS
DOUBLE_CHANCE_PROXY,SP1,2023/24,PRICE_MISSING,NOT_AH,NOT_FT_OVER25,12,300_999,380,0,273,0.718421,,,0,,380,0,MEDIUM_CONFIDENCE,NO_REAL_DC_ODDS
DOUBLE_CHANCE_PROXY,SP1,2023/24,PRICE_MISSING,NOT_AH,NOT_FT_OVER25,1X,300_999,380,0,274,0.721053,,,0,,380,0,MEDIUM_CONFIDENCE,NO_REAL_DC_ODDS
DOUBLE_CHANCE_PROXY,SP1,2023/24,PRICE_MISSING,NOT_AH,NOT_FT_OVER25,X2,300_999,380,0,213,0.560526,,,0,,380,0,MEDIUM_CONFIDENCE,NO_REAL_DC_ODDS
DOUBLE_CHANCE_PROXY,SP1,2024/25,PRICE_MISSING,NOT_AH,NOT_FT_OVER25,12,300_999,380,0,283,0.744737,,,0,,380,0,MEDIUM_CONFIDENCE,NO_REAL_DC_ODDS
DOUBLE_CHANCE_PROXY,SP1,2024/25,PRICE_MISSING,NOT_AH,NOT_FT_OVER25,1X,300_999,380,0,266,0.7,,,0,,380,0,MEDIUM_CONFIDENCE,NO_REAL_DC_ODDS
DOUBLE_CHANCE_PROXY,SP1,2024/25,PRICE_MISSING,NOT_AH,NOT_FT_OVER25,X2,300_999,380,0,211,0.555263,,,0,,380,0,MEDIUM_CONFIDENCE,NO_REAL_DC_ODDS
DOUBLE_CHANCE_PROXY,T1,2020/21,PRICE_MISSING,NOT_AH,NOT_FT_OVER25,12,300_999,420,0,302,0.719048,,,0,,420,0,MEDIUM_CONFIDENCE,NO_REAL_DC_ODDS
DOUBLE_CHANCE_PROXY,T1,2020/21,PRICE_MISSING,NOT_AH,NOT_FT_OVER25,1X,300_999,420,0,291,0.692857,,,0,,420,0,MEDIUM_CONFIDENCE,NO_REAL_DC_ODDS
DOUBLE_CHANCE_PROXY,T1,2020/21,PRICE_MISSING,NOT_AH,NOT_FT_OVER25,X2,300_999,420,0,247,0.588095,,,0,,420,0,MEDIUM_CONFIDENCE,NO_REAL_DC_ODDS
DOUBLE_CHANCE_PROXY,T1,2021/22,PRICE_MISSING,NOT_AH,NOT_FT_OVER25,12,300_999,380,0,289,0.760526,,,0,,380,0,MEDIUM_CONFIDENCE,NO_REAL_DC_ODDS
DOUBLE_CHANCE_PROXY,T1,2021/22,PRICE_MISSING,NOT_AH,NOT_FT_OVER25,1X,300_999,380,0,270,0.710526,,,0,,380,0,MEDIUM_CONFIDENCE,NO_REAL_DC_ODDS
DOUBLE_CHANCE_PROXY,T1,2021/22,PRICE_MISSING,NOT_AH,NOT_FT_OVER25,X2,300_999,380,0,201,0.528947,,,0,,380,0,MEDIUM_CONFIDENCE,NO_REAL_DC_ODDS
DOUBLE_CHANCE_PROXY,T1,2022/23,PRICE_MISSING,NOT_AH,NOT_FT_OVER25,12,300_999,342,0,269,0.78655,,,0,,342,0,MEDIUM_CONFIDENCE,NO_REAL_DC_ODDS
DOUBLE_CHANCE_PROXY,T1,2022/23,PRICE_MISSING,NOT_AH,NOT_FT_OVER25,1X,300_999,342,0,227,0.663743,,,0,,342,0,MEDIUM_CONFIDENCE,NO_REAL_DC_ODDS
DOUBLE_CHANCE_PROXY,T1,2022/23,PRICE_MISSING,NOT_AH,NOT_FT_OVER25,X2,300_999,342,0,188,0.549708,,,0,,342,0,MEDIUM_CONFIDENCE,NO_REAL_DC_ODDS
DOUBLE_CHANCE_PROXY,T1,2023/24,PRICE_MISSING,NOT_AH,NOT_FT_OVER25,12,300_999,380,0,280,0.736842,,,0,,380,0,MEDIUM_CONFIDENCE,NO_REAL_DC_ODDS
DOUBLE_CHANCE_PROXY,T1,2023/24,PRICE_MISSING,NOT_AH,NOT_FT_OVER25,1X,300_999,380,0,273,0.718421,,,0,,380,0,MEDIUM_CONFIDENCE,NO_REAL_DC_ODDS
DOUBLE_CHANCE_PROXY,T1,2023/24,PRICE_MISSING,NOT_AH,NOT_FT_OVER25,X2,300_999,380,0,207,0.544737,,,0,,380,0,MEDIUM_CONFIDENCE,NO_REAL_DC_ODDS
DOUBLE_CHANCE_PROXY,T1,2024/25,PRICE_MISSING,NOT_AH,NOT_FT_OVER25,12,300_999,342,0,262,0.766082,,,0,,342,0,MEDIUM_CONFIDENCE,NO_REAL_DC_ODDS
DOUBLE_CHANCE_PROXY,T1,2024/25,PRICE_MISSING,NOT_AH,NOT_FT_OVER25,1X,300_999,342,0,246,0.719298,,,0,,342,0,MEDIUM_CONFIDENCE,NO_REAL_DC_ODDS
DOUBLE_CHANCE_PROXY,T1,2024/25,PRICE_MISSING,NOT_AH,NOT_FT_OVER25,X2,300_999,342,0,176,0.51462,,,0,,342,0,MEDIUM_CONFIDENCE,NO_REAL_DC_ODDS
FT_OVER25,B1,2020/21,1_50_1_74,NOT_AH,1_50_1_74,MARKET_LEVEL,100_299,155,155,92,0.593548,1.620258,-0.039935,5,-16.64,0,0,LOW_CONFIDENCE,LOW_CONFIDENCE_RESEARCH_ONLY
FT_OVER25,B1,2020/21,1_75_1_99,NOT_AH,1_75_1_99,MARKET_LEVEL,LT_100,82,82,46,0.560976,1.839878,0.031951,5,-9.6,0,0,SMALL_SAMPLE,SMALL_SAMPLE_NO_EDGE_CLAIM
FT_OVER25,B1,2020/21,2_00_2_49,NOT_AH,2_00_2_49,MARKET_LEVEL,LT_100,31,31,16,0.516129,2.059032,0.075484,3,-3.95,0,0,SMALL_SAMPLE,SMALL_SAMPLE_NO_EDGE_CLAIM
FT_OVER25,B1,2020/21,LT_1_50,NOT_AH,LT_1_50,MARKET_LEVEL,LT_100,38,38,31,0.815789,1.42,0.157895,1,-1.6,0,0,SMALL_SAMPLE,SMALL_SAMPLE_NO_EDGE_CLAIM
FT_OVER25,B1,2021/22,1_50_1_74,NOT_AH,1_50_1_74,MARKET_LEVEL,100_299,153,153,90,0.588235,1.609673,-0.05634,3,-11.04,0,0,LOW_CONFIDENCE,LOW_CONFIDENCE_RESEARCH_ONLY
FT_OVER25,B1,2021/22,1_75_1_99,NOT_AH,1_75_1_99,MARKET_LEVEL,LT_100,76,76,33,0.434211,1.873158,-0.177237,7,-20.22,0,0,SMALL_SAMPLE,SMALL_SAMPLE_NO_EDGE_CLAIM
FT_OVER25,B1,2021/22,2_00_2_49,NOT_AH,2_00_2_49,MARKET_LEVEL,LT_100,26,26,10,0.384615,2.066538,-0.201154,4,-7.33,0,0,SMALL_SAMPLE,SMALL_SAMPLE_NO_EDGE_CLAIM
FT_OVER25,B1,2021/22,LT_1_50,NOT_AH,LT_1_50,MARKET_LEVEL,LT_100,51,51,35,0.686275,1.405882,-0.037255,2,-3.97,0,0,SMALL_SAMPLE,SMALL_SAMPLE_NO_EDGE_CLAIM
FT_OVER25,B1,2022/23,1_50_1_74,NOT_AH,1_50_1_74,MARKET_LEVEL,100_299,148,148,99,0.668919,1.632568,0.085473,4,-5.13,0,0,LOW_CONFIDENCE,LOW_CONFIDENCE_RESEARCH_ONLY
FT_OVER25,B1,2022/23,1_75_1_99,NOT_AH,1_75_1_99,MARKET_LEVEL,LT_100,88,88,41,0.465909,1.868977,-0.127614,6,-13.03,0,0,SMALL_SAMPLE,SMALL_SAMPLE_NO_EDGE_CLAIM
FT_OVER25,B1,2022/23,2_00_2_49,NOT_AH,2_00_2_49,MARKET_LEVEL,LT_100,47,47,22,0.468085,2.117872,-0.014255,6,-7.95,0,0,SMALL_SAMPLE,SMALL_SAMPLE_NO_EDGE_CLAIM
FT_OVER25,B1,2022/23,2_50_3_49,NOT_AH,2_50_3_49,MARKET_LEVEL,LT_100,1,1,1,1.0,2.5,1.5,0,0.0,0,0,SMALL_SAMPLE,SMALL_SAMPLE_NO_EDGE_CLAIM
FT_OVER25,B1,2022/23,LT_1_50,NOT_AH,LT_1_50,MARKET_LEVEL,LT_100,22,22,14,0.636364,1.420455,-0.097727,2,-4.16,0,0,SMALL_SAMPLE,SMALL_SAMPLE_NO_EDGE_CLAIM
FT_OVER25,B1,2023/24,1_50_1_74,NOT_AH,1_50_1_74,MARKET_LEVEL,100_299,155,155,83,0.535484,1.626387,-0.133935,6,-22.0,0,0,LOW_CONFIDENCE,LOW_CONFIDENCE_RESEARCH_ONLY
FT_OVER25,B1,2023/24,1_75_1_99,NOT_AH,1_75_1_99,MARKET_LEVEL,LT_100,82,82,43,0.52439,1.856341,-0.030976,6,-8.07,0,0,SMALL_SAMPLE,SMALL_SAMPLE_NO_EDGE_CLAIM
FT_OVER25,B1,2023/24,2_00_2_49,NOT_AH,2_00_2_49,MARKET_LEVEL,LT_100,30,30,13,0.433333,2.086333,-0.096,3,-5.23,0,0,SMALL_SAMPLE,SMALL_SAMPLE_NO_EDGE_CLAIM
FT_OVER25,B1,2023/24,LT_1_50,NOT_AH,LT_1_50,MARKET_LEVEL,LT_100,45,45,32,0.711111,1.422889,0.009556,2,-2.76,0,0,SMALL_SAMPLE,SMALL_SAMPLE_NO_EDGE_CLAIM
FT_OVER25,B1,2024/25,1_50_1_74,NOT_AH,1_50_1_74,MARKET_LEVEL,100_299,139,139,78,0.561151,1.624101,-0.092662,6,-13.76,0,0,LOW_CONFIDENCE,LOW_CONFIDENCE_RESEARCH_ONLY
FT_OVER25,B1,2024/25,1_75_1_99,NOT_AH,1_75_1_99,MARKET_LEVEL,LT_100,98,98,53,0.540816,1.866735,0.003469,4,-6.34,0,0,SMALL_SAMPLE,SMALL_SAMPLE_NO_EDGE_CLAIM
FT_OVER25,B1,2024/25,2_00_2_49,NOT_AH,2_00_2_49,MARKET_LEVEL,LT_100,50,50,12,0.24,2.106,-0.4948,10,-24.74,0,0,SMALL_SAMPLE,SMALL_SAMPLE_NO_EDGE_CLAIM
FT_OVER25,B1,2024/25,LT_1_50,NOT_AH,LT_1_50,MARKET_LEVEL,LT_100,25,25,19,0.76,1.408,0.0664,2,-2.0,0,0,SMALL_SAMPLE,SMALL_SAMPLE_NO_EDGE_CLAIM
FT_OVER25,D1,2020/21,1_50_1_74,NOT_AH,1_50_1_74,MARKET_LEVEL,100_299,143,143,84,0.587413,1.622168,-0.044615,9,-15.96,0,0,LOW_CONFIDENCE,LOW_CONFIDENCE_RESEARCH_ONLY
FT_OVER25,D1,2020/21,1_75_1_99,NOT_AH,1_75_1_99,MARKET_LEVEL,LT_100,53,53,23,0.433962,1.856792,-0.196604,5,-14.42,0,0,SMALL_SAMPLE,SMALL_SAMPLE_NO_EDGE_CLAIM
FT_OVER25,D1,2020/21,2_00_2_49,NOT_AH,2_00_2_49,MARKET_LEVEL,LT_100,40,40,17,0.425,2.1175,-0.09925,5,-9.4,0,0,SMALL_SAMPLE,SMALL_SAMPLE_NO_EDGE_CLAIM
FT_OVER25,D1,2020/21,LT_1_50,NOT_AH,LT_1_50,MARKET_LEVEL,LT_100,70,70,56,0.8,1.337571,0.067571,2,-3.08,0,0,SMALL_SAMPLE,SMALL_SAMPLE_NO_EDGE_CLAIM
FT_OVER25,D1,2021/22,1_50_1_74,NOT_AH,1_50_1_74,MARKET_LEVEL,100_299,126,126,70,0.555556,1.615,-0.106032,4,-20.06,0,0,LOW_CONFIDENCE,LOW_CONFIDENCE_RESEARCH_ONLY
FT_OVER25,D1,2021/22,1_75_1_99,NOT_AH,1_75_1_99,MARKET_LEVEL,LT_100,63,63,33,0.52381,1.885873,-0.006032,3,-4.31,0,0,SMALL_SAMPLE,SMALL_SAMPLE_NO_EDGE_CLAIM
FT_OVER25,D1,2021/22,2_00_2_49,NOT_AH,2_00_2_49,MARKET_LEVEL,LT_100,50,50,20,0.4,2.1004,-0.1666,7,-13.4,0,0,SMALL_SAMPLE,SMALL_SAMPLE_NO_EDGE_CLAIM
FT_OVER25,D1,2021/22,2_50_3_49,NOT_AH,2_50_3_49,MARKET_LEVEL,LT_100,1,1,0,0.0,2.5,-1.0,1,-1.0,0,0,SMALL_SAMPLE,SMALL_SAMPLE_NO_EDGE_CLAIM
FT_OVER25,D1,2021/22,LT_1_50,NOT_AH,LT_1_50,MARKET_LEVEL,LT_100,66,66,56,0.848485,1.334091,0.132424,3,-4.02,0,0,SMALL_SAMPLE,SMALL_SAMPLE_NO_EDGE_CLAIM
FT_OVER25,D1,2022/23,1_50_1_74,NOT_AH,1_50_1_74,MARKET_LEVEL,100_299,142,142,87,0.612676,1.638732,0.002958,4,-10.16,0,0,LOW_CONFIDENCE,LOW_CONFIDENCE_RESEARCH_ONLY
FT_OVER25,D1,2022/23,1_75_1_99,NOT_AH,1_75_1_99,MARKET_LEVEL,LT_100,52,52,32,0.615385,1.881538,0.158846,4,-4.0,0,0,SMALL_SAMPLE,SMALL_SAMPLE_NO_EDGE_CLAIM
FT_OVER25,D1,2022/23,2_00_2_49,NOT_AH,2_00_2_49,MARKET_LEVEL,LT_100,44,44,22,0.5,2.133864,0.063182,9,-9.9,0,0,SMALL_SAMPLE,SMALL_SAMPLE_NO_EDGE_CLAIM
FT_OVER25,D1,2022/23,2_50_3_49,NOT_AH,2_50_3_49,MARKET_LEVEL,LT_100,6,6,3,0.5,2.605,0.313333,2,-2.0,0,0,SMALL_SAMPLE,SMALL_SAMPLE_NO_EDGE_CLAIM
FT_OVER25,D1,2022/23,LT_1_50,NOT_AH,LT_1_50,MARKET_LEVEL,LT_100,62,62,41,0.66129,1.351452,-0.106613,5,-9.86,0,0,SMALL_SAMPLE,SMALL_SAMPLE_NO_EDGE_CLAIM
FT_OVER25,D1,2023/24,1_50_1_74,NOT_AH,1_50_1_74,MARKET_LEVEL,100_299,135,135,85,0.62963,1.622889,0.013852,4,-14.74,0,0,LOW_CONFIDENCE,LOW_CONFIDENCE_RESEARCH_ONLY
FT_OVER25,D1,2023/24,1_75_1_99,NOT_AH,1_75_1_99,MARKET_LEVEL,LT_100,44,44,22,0.5,1.892727,-0.058864,5,-7.1,0,0,SMALL_SAMPLE,SMALL_SAMPLE_NO_EDGE_CLAIM
FT_OVER25,D1,2023/24,2_00_2_49,NOT_AH,2_00_2_49,MARKET_LEVEL,LT_100,31,31,13,0.419355,2.074194,-0.128065,8,-8.9,0,0,SMALL_SAMPLE,SMALL_SAMPLE_NO_EDGE_CLAIM
FT_OVER25,D1,2023/24,LT_1_50,NOT_AH,LT_1_50,MARKET_LEVEL,LT_100,96,96,71,0.739583,1.35875,0.002604,2,-5.28,0,0,SMALL_SAMPLE,SMALL_SAMPLE_NO_EDGE_CLAIM
FT_OVER25,D1,2024/25,1_50_1_74,NOT_AH,1_50_1_74,MARKET_LEVEL,100_299,142,142,93,0.65493,1.610211,0.054789,4,-5.36,0,0,LOW_CONFIDENCE,LOW_CONFIDENCE_RESEARCH_ONLY
FT_OVER25,D1,2024/25,1_75_1_99,NOT_AH,1_75_1_99,MARKET_LEVEL,LT_100,57,57,16,0.280702,1.869474,-0.474386,9,-30.39,0,0,SMALL_SAMPLE,SMALL_SAMPLE_NO_EDGE_CLAIM
FT_OVER25,D1,2024/25,2_00_2_49,NOT_AH,2_00_2_49,MARKET_LEVEL,LT_100,28,28,12,0.428571,2.09,-0.113571,8,-8.0,0,0,SMALL_SAMPLE,SMALL_SAMPLE_NO_EDGE_CLAIM
FT_OVER25,D1,2024/25,LT_1_50,NOT_AH,LT_1_50,MARKET_LEVEL,LT_100,79,79,62,0.78481,1.358354,0.06481,3,-4.28,0,0,SMALL_SAMPLE,SMALL_SAMPLE_NO_EDGE_CLAIM
FT_OVER25,E0,2020/21,1_50_1_74,NOT_AH,1_50_1_74,MARKET_LEVEL,100_299,139,139,83,0.597122,1.642302,-0.016331,5,-16.11,0,0,LOW_CONFIDENCE,LOW_CONFIDENCE_RESEARCH_ONLY
FT_OVER25,E0,2020/21,1_75_1_99,NOT_AH,1_75_1_99,MARKET_LEVEL,LT_100,90,90,44,0.488889,1.864667,-0.090444,7,-15.1,0,0,SMALL_SAMPLE,SMALL_SAMPLE_NO_EDGE_CLAIM
FT_OVER25,E0,2020/21,2_00_2_49,NOT_AH,2_00_2_49,MARKET_LEVEL,100_299,109,109,45,0.412844,2.15156,-0.112752,8,-20.96,0,0,LOW_CONFIDENCE,LOW_CONFIDENCE_RESEARCH_ONLY
FT_OVER25,E0,2020/21,2_50_3_49,NOT_AH,2_50_3_49,MARKET_LEVEL,LT_100,17,17,5,0.294118,2.555294,-0.257647,5,-6.5,0,0,SMALL_SAMPLE,SMALL_SAMPLE_NO_EDGE_CLAIM
FT_OVER25,E0,2020/21,LT_1_50,NOT_AH,LT_1_50,MARKET_LEVEL,LT_100,25,25,13,0.52,1.3768,-0.2696,3,-8.22,0,0,SMALL_SAMPLE,SMALL_SAMPLE_NO_EDGE_CLAIM
FT_OVER25,E0,2021/22,1_50_1_74,NOT_AH,1_50_1_74,MARKET_LEVEL,100_299,114,114,64,0.561404,1.636842,-0.087807,6,-15.44,0,0,LOW_CONFIDENCE,LOW_CONFIDENCE_RESEARCH_ONLY
FT_OVER25,E0,2021/22,1_75_1_99,NOT_AH,1_75_1_99,MARKET_LEVEL,LT_100,95,95,57,0.6,1.876947,0.126632,5,-6.25,0,0,SMALL_SAMPLE,SMALL_SAMPLE_NO_EDGE_CLAIM
FT_OVER25,E0,2021/22,2_00_2_49,NOT_AH,2_00_2_49,MARKET_LEVEL,100_299,130,130,62,0.476923,2.143385,0.023154,8,-12.83,0,0,LOW_CONFIDENCE,LOW_CONFIDENCE_RESEARCH_ONLY
FT_OVER25,E0,2021/22,2_50_3_49,NOT_AH,2_50_3_49,MARKET_LEVEL,LT_100,10,10,4,0.4,2.561,0.037,3,-3.38,0,0,SMALL_SAMPLE,SMALL_SAMPLE_NO_EDGE_CLAIM
FT_OVER25,E0,2021/22,LT_1_50,NOT_AH,LT_1_50,MARKET_LEVEL,LT_100,31,31,18,0.580645,1.334194,-0.249355,5,-9.4,0,0,SMALL_SAMPLE,SMALL_SAMPLE_NO_EDGE_CLAIM
FT_OVER25,E0,2022/23,1_50_1_74,NOT_AH,1_50_1_74,MARKET_LEVEL,100_299,131,131,80,0.610687,1.628626,-0.011221,7,-14.13,0,0,LOW_CONFIDENCE,LOW_CONFIDENCE_RESEARCH_ONLY
FT_OVER25,E0,2022/23,1_75_1_99,NOT_AH,1_75_1_99,MARKET_LEVEL,100_299,109,109,51,0.46789,1.917523,-0.101835,6,-14.63,0,0,LOW_CONFIDENCE,LOW_CONFIDENCE_RESEARCH_ONLY
FT_OVER25,E0,2022/23,2_00_2_49,NOT_AH,2_00_2_49,MARKET_LEVEL,100_299,105,105,45,0.428571,2.134952,-0.086667,8,-18.5,0,0,LOW_CONFIDENCE,LOW_CONFIDENCE_RESEARCH_ONLY
FT_OVER25,E0,2022/23,2_50_3_49,NOT_AH,2_50_3_49,MARKET_LEVEL,LT_100,4,4,1,0.25,2.595,-0.3425,3,-3.0,0,0,SMALL_SAMPLE,SMALL_SAMPLE_NO_EDGE_CLAIM
FT_OVER25,E0,2022/23,LT_1_50,NOT_AH,LT_1_50,MARKET_LEVEL,LT_100,31,31,23,0.741935,1.383871,0.014839,2,-3.5,0,0,SMALL_SAMPLE,SMALL_SAMPLE_NO_EDGE_CLAIM
FT_OVER25,E0,2023/24,1_50_1_74,NOT_AH,1_50_1_74,MARKET_LEVEL,100_299,150,150,92,0.613333,1.617533,-0.015267,5,-12.0,0,0,LOW_CONFIDENCE,LOW_CONFIDENCE_RESEARCH_ONLY
FT_OVER25,E0,2023/24,1_75_1_99,NOT_AH,1_75_1_99,MARKET_LEVEL,LT_100,67,67,44,0.656716,1.875672,0.231194,3,-3.36,0,0,SMALL_SAMPLE,SMALL_SAMPLE_NO_EDGE_CLAIM
FT_OVER25,E0,2023/24,2_00_2_49,NOT_AH,2_00_2_49,MARKET_LEVEL,LT_100,50,50,27,0.54,2.1264,0.1396,4,-4.67,0,0,SMALL_SAMPLE,SMALL_SAMPLE_NO_EDGE_CLAIM
FT_OVER25,E0,2023/24,2_50_3_49,NOT_AH,2_50_3_49,MARKET_LEVEL,LT_100,1,1,0,0.0,2.5,-1.0,1,-1.0,0,0,SMALL_SAMPLE,SMALL_SAMPLE_NO_EDGE_CLAIM
FT_OVER25,E0,2023/24,LT_1_50,NOT_AH,LT_1_50,MARKET_LEVEL,100_299,112,112,83,0.741071,1.37375,0.017411,4,-6.47,0,0,LOW_CONFIDENCE,LOW_CONFIDENCE_RESEARCH_ONLY
FT_OVER25,E0,2024/25,1_50_1_74,NOT_AH,1_50_1_74,MARKET_LEVEL,100_299,188,188,109,0.579787,1.614043,-0.066596,4,-13.98,0,0,LOW_CONFIDENCE,LOW_CONFIDENCE_RESEARCH_ONLY
FT_OVER25,E0,2024/25,1_75_1_99,NOT_AH,1_75_1_99,MARKET_LEVEL,LT_100,71,71,37,0.521127,1.873239,-0.029437,4,-7.84,0,0,SMALL_SAMPLE,SMALL_SAMPLE_NO_EDGE_CLAIM
FT_OVER25,E0,2024/25,2_00_2_49,NOT_AH,2_00_2_49,MARKET_LEVEL,LT_100,34,34,15,0.441176,2.119412,-0.081176,5,-7.03,0,0,SMALL_SAMPLE,SMALL_SAMPLE_NO_EDGE_CLAIM
FT_OVER25,E0,2024/25,2_50_3_49,NOT_AH,2_50_3_49,MARKET_LEVEL,LT_100,2,2,1,0.5,2.565,0.315,1,-1.0,0,0,SMALL_SAMPLE,SMALL_SAMPLE_NO_EDGE_CLAIM
FT_OVER25,E0,2024/25,LT_1_50,NOT_AH,LT_1_50,MARKET_LEVEL,LT_100,85,85,53,0.623529,1.376471,-0.146588,4,-13.69,0,0,SMALL_SAMPLE,SMALL_SAMPLE_NO_EDGE_CLAIM
FT_OVER25,F1,2020/21,1_50_1_74,NOT_AH,1_50_1_74,MARKET_LEVEL,LT_100,72,72,53,0.736111,1.6175,0.191389,3,-3.5,0,0,SMALL_SAMPLE,SMALL_SAMPLE_NO_EDGE_CLAIM
FT_OVER25,F1,2020/21,1_75_1_99,NOT_AH,1_75_1_99,MARKET_LEVEL,LT_100,85,85,38,0.447059,1.862471,-0.170588,6,-16.7,0,0,SMALL_SAMPLE,SMALL_SAMPLE_NO_EDGE_CLAIM
FT_OVER25,F1,2020/21,2_00_2_49,NOT_AH,2_00_2_49,MARKET_LEVEL,100_299,171,171,86,0.502924,2.149825,0.082281,6,-13.46,0,0,LOW_CONFIDENCE,LOW_CONFIDENCE_RESEARCH_ONLY
FT_OVER25,F1,2020/21,2_50_3_49,NOT_AH,2_50_3_49,MARKET_LEVEL,LT_100,25,25,11,0.44,2.594,0.1196,4,-4.5,0,0,SMALL_SAMPLE,SMALL_SAMPLE_NO_EDGE_CLAIM
FT_OVER25,F1,2020/21,LT_1_50,NOT_AH,LT_1_50,MARKET_LEVEL,LT_100,27,27,18,0.666667,1.348148,-0.11037,2,-3.27,0,0,SMALL_SAMPLE,SMALL_SAMPLE_NO_EDGE_CLAIM
FT_OVER25,F1,2021/22,1_50_1_74,NOT_AH,1_50_1_74,MARKET_LEVEL,LT_100,99,99,59,0.59596,1.63798,-0.027273,5,-16.97,0,0,SMALL_SAMPLE,SMALL_SAMPLE_NO_EDGE_CLAIM
FT_OVER25,F1,2021/22,1_75_1_99,NOT_AH,1_75_1_99,MARKET_LEVEL,100_299,106,106,57,0.537736,1.879906,0.010566,4,-8.7,0,0,LOW_CONFIDENCE,LOW_CONFIDENCE_RESEARCH_ONLY
FT_OVER25,F1,2021/22,2_00_2_49,NOT_AH,2_00_2_49,MARKET_LEVEL,100_299,130,130,47,0.361538,2.141923,-0.233154,7,-38.16,0,0,LOW_CONFIDENCE,LOW_CONFIDENCE_RESEARCH_ONLY
FT_OVER25,F1,2021/22,2_50_3_49,NOT_AH,2_50_3_49,MARKET_LEVEL,LT_100,15,15,7,0.466667,2.566,0.174667,6,-6.0,0,0,SMALL_SAMPLE,SMALL_SAMPLE_NO_EDGE_CLAIM
FT_OVER25,F1,2021/22,LT_1_50,NOT_AH,LT_1_50,MARKET_LEVEL,LT_100,30,30,21,0.7,1.352,-0.062,4,-4.87,0,0,SMALL_SAMPLE,SMALL_SAMPLE_NO_EDGE_CLAIM
FT_OVER25,F1,2022/23,1_50_1_74,NOT_AH,1_50_1_74,MARKET_LEVEL,100_299,125,125,77,0.616,1.64712,0.01672,4,-6.19,0,0,LOW_CONFIDENCE,LOW_CONFIDENCE_RESEARCH_ONLY
FT_OVER25,F1,2022/23,1_75_1_99,NOT_AH,1_75_1_99,MARKET_LEVEL,LT_100,87,87,48,0.551724,1.901724,0.050805,4,-7.17,0,0,SMALL_SAMPLE,SMALL_SAMPLE_NO_EDGE_CLAIM
FT_OVER25,F1,2022/23,2_00_2_49,NOT_AH,2_00_2_49,MARKET_LEVEL,100_299,110,110,48,0.436364,2.116727,-0.08,6,-20.81,0,0,LOW_CONFIDENCE,LOW_CONFIDENCE_RESEARCH_ONLY
FT_OVER25,F1,2022/23,2_50_3_49,NOT_AH,2_50_3_49,MARKET_LEVEL,LT_100,18,18,10,0.555556,2.682222,0.515556,2,-2.0,0,0,SMALL_SAMPLE,SMALL_SAMPLE_NO_EDGE_CLAIM
FT_OVER25,F1,2022/23,LT_1_50,NOT_AH,LT_1_50,MARKET_LEVEL,LT_100,40,40,31,0.775,1.3555,0.052,2,-4.56,0,0,SMALL_SAMPLE,SMALL_SAMPLE_NO_EDGE_CLAIM
FT_OVER25,F1,2023/24,1_50_1_74,NOT_AH,1_50_1_74,MARKET_LEVEL,LT_100,82,82,46,0.560976,1.640854,-0.081829,6,-10.95,0,0,SMALL_SAMPLE,SMALL_SAMPLE_NO_EDGE_CLAIM
FT_OVER25,F1,2023/24,1_75_1_99,NOT_AH,1_75_1_99,MARKET_LEVEL,LT_100,73,73,42,0.575342,1.896027,0.093014,6,-8.71,0,0,SMALL_SAMPLE,SMALL_SAMPLE_NO_EDGE_CLAIM
FT_OVER25,F1,2023/24,2_00_2_49,NOT_AH,2_00_2_49,MARKET_LEVEL,100_299,118,118,51,0.432203,2.12678,-0.079068,11,-25.69,0,0,LOW_CONFIDENCE,LOW_CONFIDENCE_RESEARCH_ONLY
FT_OVER25,F1,2023/24,2_50_3_49,NOT_AH,2_50_3_49,MARKET_LEVEL,LT_100,10,10,5,0.5,2.616,0.293,5,-5.0,0,0,SMALL_SAMPLE,SMALL_SAMPLE_NO_EDGE_CLAIM
FT_OVER25,F1,2023/24,LT_1_50,NOT_AH,LT_1_50,MARKET_LEVEL,LT_100,23,23,18,0.782609,1.394783,0.089565,2,-2.15,0,0,SMALL_SAMPLE,SMALL_SAMPLE_NO_EDGE_CLAIM
FT_OVER25,F1,2024/25,1_50_1_74,NOT_AH,1_50_1_74,MARKET_LEVEL,100_299,105,105,61,0.580952,1.63181,-0.053143,5,-9.81,0,0,LOW_CONFIDENCE,LOW_CONFIDENCE_RESEARCH_ONLY
FT_OVER25,F1,2024/25,1_75_1_99,NOT_AH,1_75_1_99,MARKET_LEVEL,LT_100,71,71,40,0.56338,1.890423,0.063944,4,-6.06,0,0,SMALL_SAMPLE,SMALL_SAMPLE_NO_EDGE_CLAIM
FT_OVER25,F1,2024/25,2_00_2_49,NOT_AH,2_00_2_49,MARKET_LEVEL,LT_100,81,81,33,0.407407,2.115802,-0.14358,8,-13.11,0,0,SMALL_SAMPLE,SMALL_SAMPLE_NO_EDGE_CLAIM
FT_OVER25,F1,2024/25,2_50_3_49,NOT_AH,2_50_3_49,MARKET_LEVEL,LT_100,3,3,2,0.666667,2.5,0.666667,1,-1.0,0,0,SMALL_SAMPLE,SMALL_SAMPLE_NO_EDGE_CLAIM
FT_OVER25,F1,2024/25,LT_1_50,NOT_AH,LT_1_50,MARKET_LEVEL,LT_100,46,46,34,0.73913,1.375217,0.019565,2,-4.58,0,0,SMALL_SAMPLE,SMALL_SAMPLE_NO_EDGE_CLAIM
FT_OVER25,I1,2020/21,1_50_1_74,NOT_AH,1_50_1_74,MARKET_LEVEL,100_299,190,190,111,0.584211,1.626263,-0.053316,5,-12.22,0,0,LOW_CONFIDENCE,LOW_CONFIDENCE_RESEARCH_ONLY
FT_OVER25,I1,2020/21,1_75_1_99,NOT_AH,1_75_1_99,MARKET_LEVEL,LT_100,74,74,38,0.513514,1.864865,-0.041081,4,-9.27,0,0,SMALL_SAMPLE,SMALL_SAMPLE_NO_EDGE_CLAIM
FT_OVER25,I1,2020/21,2_00_2_49,NOT_AH,2_00_2_49,MARKET_LEVEL,LT_100,53,53,28,0.528302,2.077358,0.090566,4,-4.0,0,0,SMALL_SAMPLE,SMALL_SAMPLE_NO_EDGE_CLAIM
FT_OVER25,I1,2020/21,2_50_3_49,NOT_AH,2_50_3_49,MARKET_LEVEL,LT_100,1,1,0,0.0,2.5,-1.0,1,-1.0,0,0,SMALL_SAMPLE,SMALL_SAMPLE_NO_EDGE_CLAIM
FT_OVER25,I1,2020/21,LT_1_50,NOT_AH,LT_1_50,MARKET_LEVEL,LT_100,61,61,38,0.622951,1.391475,-0.135574,4,-12.64,0,0,SMALL_SAMPLE,SMALL_SAMPLE_NO_EDGE_CLAIM
FT_OVER25,I1,2020/21,PRICE_MISSING,NOT_AH,PRICE_MISSING,MARKET_LEVEL,LT_100,1,1,0,0.0,,,0,0.0,1,0,SMALL_SAMPLE,SMALL_SAMPLE_NO_EDGE_CLAIM
FT_OVER25,I1,2021/22,1_50_1_74,NOT_AH,1_50_1_74,MARKET_LEVEL,100_299,185,185,113,0.610811,1.626649,-0.009135,6,-20.12,0,0,LOW_CONFIDENCE,LOW_CONFIDENCE_RESEARCH_ONLY
FT_OVER25,I1,2021/22,1_75_1_99,NOT_AH,1_75_1_99,MARKET_LEVEL,LT_100,96,96,49,0.510417,1.882812,-0.041771,6,-12.43,0,0,SMALL_SAMPLE,SMALL_SAMPLE_NO_EDGE_CLAIM
FT_OVER25,I1,2021/22,2_00_2_49,NOT_AH,2_00_2_49,MARKET_LEVEL,LT_100,66,66,32,0.484848,2.086364,0.004091,4,-10.64,0,0,SMALL_SAMPLE,SMALL_SAMPLE_NO_EDGE_CLAIM
FT_OVER25,I1,2021/22,2_50_3_49,NOT_AH,2_50_3_49,MARKET_LEVEL,LT_100,3,3,0,0.0,2.5,-1.0,3,-3.0,0,0,SMALL_SAMPLE,SMALL_SAMPLE_NO_EDGE_CLAIM
FT_OVER25,I1,2021/22,LT_1_50,NOT_AH,LT_1_50,MARKET_LEVEL,LT_100,30,30,18,0.6,1.382,-0.168333,2,-5.33,0,0,SMALL_SAMPLE,SMALL_SAMPLE_NO_EDGE_CLAIM
FT_OVER25,I1,2022/23,1_50_1_74,NOT_AH,1_50_1_74,MARKET_LEVEL,100_299,104,104,54,0.519231,1.650962,-0.147404,5,-18.2,0,0,LOW_CONFIDENCE,LOW_CONFIDENCE_RESEARCH_ONLY
FT_OVER25,I1,2022/23,1_75_1_99,NOT_AH,1_75_1_99,MARKET_LEVEL,LT_100,82,82,39,0.47561,1.911463,-0.094512,7,-11.83,0,0,SMALL_SAMPLE,SMALL_SAMPLE_NO_EDGE_CLAIM
FT_OVER25,I1,2022/23,2_00_2_49,NOT_AH,2_00_2_49,MARKET_LEVEL,100_299,154,154,65,0.422078,2.142338,-0.101039,6,-23.69,0,0,LOW_CONFIDENCE,LOW_CONFIDENCE_RESEARCH_ONLY
FT_OVER25,I1,2022/23,2_50_3_49,NOT_AH,2_50_3_49,MARKET_LEVEL,LT_100,30,30,9,0.3,2.684,-0.233,7,-9.5,0,0,SMALL_SAMPLE,SMALL_SAMPLE_NO_EDGE_CLAIM
FT_OVER25,I1,2022/23,LT_1_50,NOT_AH,LT_1_50,MARKET_LEVEL,LT_100,10,10,6,0.6,1.368,-0.174,1,-2.04,0,0,SMALL_SAMPLE,SMALL_SAMPLE_NO_EDGE_CLAIM
FT_OVER25,I1,2023/24,1_50_1_74,NOT_AH,1_50_1_74,MARKET_LEVEL,LT_100,74,74,49,0.662162,1.659054,0.097432,3,-4.86,0,0,SMALL_SAMPLE,SMALL_SAMPLE_NO_EDGE_CLAIM
FT_OVER25,I1,2023/24,1_75_1_99,NOT_AH,1_75_1_99,MARKET_LEVEL,LT_100,78,78,45,0.576923,1.881026,0.084359,5,-5.72,0,0,SMALL_SAMPLE,SMALL_SAMPLE_NO_EDGE_CLAIM
FT_OVER25,I1,2023/24,2_00_2_49,NOT_AH,2_00_2_49,MARKET_LEVEL,100_299,178,178,71,0.398876,2.159551,-0.136685,8,-28.76,0,0,LOW_CONFIDENCE,LOW_CONFIDENCE_RESEARCH_ONLY
FT_OVER25,I1,2023/24,2_50_3_49,NOT_AH,2_50_3_49,MARKET_LEVEL,LT_100,36,36,14,0.388889,2.645556,0.005278,4,-8.0,0,0,SMALL_SAMPLE,SMALL_SAMPLE_NO_EDGE_CLAIM
FT_OVER25,I1,2023/24,LT_1_50,NOT_AH,LT_1_50,MARKET_LEVEL,LT_100,14,14,8,0.571429,1.397143,-0.206429,3,-3.75,0,0,SMALL_SAMPLE,SMALL_SAMPLE_NO_EDGE_CLAIM
FT_OVER25,I1,2024/25,1_50_1_74,NOT_AH,1_50_1_74,MARKET_LEVEL,LT_100,72,72,43,0.597222,1.649306,-0.009861,5,-6.3,0,0,SMALL_SAMPLE,SMALL_SAMPLE_NO_EDGE_CLAIM
FT_OVER25,I1,2024/25,1_75_1_99,NOT_AH,1_75_1_99,MARKET_LEVEL,LT_100,87,87,47,0.54023,1.895172,0.021264,4,-9.41,0,0,SMALL_SAMPLE,SMALL_SAMPLE_NO_EDGE_CLAIM
FT_OVER25,I1,2024/25,2_00_2_49,NOT_AH,2_00_2_49,MARKET_LEVEL,100_299,179,179,76,0.424581,2.165754,-0.087877,8,-23.98,0,0,LOW_CONFIDENCE,LOW_CONFIDENCE_RESEARCH_ONLY
FT_OVER25,I1,2024/25,2_50_3_49,NOT_AH,2_50_3_49,MARKET_LEVEL,LT_100,35,35,12,0.342857,2.664571,-0.09,7,-10.48,0,0,SMALL_SAMPLE,SMALL_SAMPLE_NO_EDGE_CLAIM
FT_OVER25,I1,2024/25,LT_1_50,NOT_AH,LT_1_50,MARKET_LEVEL,LT_100,7,7,5,0.714286,1.385714,0.001429,1,-1.0,0,0,SMALL_SAMPLE,SMALL_SAMPLE_NO_EDGE_CLAIM
FT_OVER25,N1,2020/21,1_50_1_74,NOT_AH,1_50_1_74,MARKET_LEVEL,100_299,142,142,79,0.556338,1.608592,-0.108873,7,-15.98,0,0,LOW_CONFIDENCE,LOW_CONFIDENCE_RESEARCH_ONLY
FT_OVER25,N1,2020/21,1_75_1_99,NOT_AH,1_75_1_99,MARKET_LEVEL,LT_100,56,56,32,0.571429,1.831429,0.048393,5,-9.17,0,0,SMALL_SAMPLE,SMALL_SAMPLE_NO_EDGE_CLAIM
FT_OVER25,N1,2020/21,2_00_2_49,NOT_AH,2_00_2_49,MARKET_LEVEL,LT_100,18,18,6,0.333333,2.067222,-0.306111,5,-6.8,0,0,SMALL_SAMPLE,SMALL_SAMPLE_NO_EDGE_CLAIM
FT_OVER25,N1,2020/21,LT_1_50,NOT_AH,LT_1_50,MARKET_LEVEL,LT_100,89,89,56,0.629213,1.353146,-0.163371,5,-16.24,0,0,SMALL_SAMPLE,SMALL_SAMPLE_NO_EDGE_CLAIM
FT_OVER25,N1,2020/21,PRICE_MISSING,NOT_AH,PRICE_MISSING,MARKET_LEVEL,LT_100,1,1,0,0.0,,,0,0.0,1,0,SMALL_SAMPLE,SMALL_SAMPLE_NO_EDGE_CLAIM
FT_OVER25,N1,2021/22,1_50_1_74,NOT_AH,1_50_1_74,MARKET_LEVEL,LT_100,97,97,61,0.628866,1.621134,0.010206,3,-6.62,0,0,SMALL_SAMPLE,SMALL_SAMPLE_NO_EDGE_CLAIM
FT_OVER25,N1,2021/22,1_75_1_99,NOT_AH,1_75_1_99,MARKET_LEVEL,LT_100,75,75,34,0.453333,1.868,-0.1552,6,-12.94,0,0,SMALL_SAMPLE,SMALL_SAMPLE_NO_EDGE_CLAIM
FT_OVER25,N1,2021/22,2_00_2_49,NOT_AH,2_00_2_49,MARKET_LEVEL,LT_100,67,67,24,0.358209,2.094627,-0.245373,7,-19.19,0,0,SMALL_SAMPLE,SMALL_SAMPLE_NO_EDGE_CLAIM
FT_OVER25,N1,2021/22,LT_1_50,NOT_AH,LT_1_50,MARKET_LEVEL,LT_100,67,67,50,0.746269,1.347015,-0.001642,2,-4.74,0,0,SMALL_SAMPLE,SMALL_SAMPLE_NO_EDGE_CLAIM
FT_OVER25,N1,2022/23,1_50_1_74,NOT_AH,1_50_1_74,MARKET_LEVEL,100_299,119,119,74,0.621849,1.612017,0.004034,4,-10.98,0,0,LOW_CONFIDENCE,LOW_CONFIDENCE_RESEARCH_ONLY
FT_OVER25,N1,2022/23,1_75_1_99,NOT_AH,1_75_1_99,MARKET_LEVEL,LT_100,63,63,30,0.47619,1.86381,-0.113016,7,-14.29,0,0,SMALL_SAMPLE,SMALL_SAMPLE_NO_EDGE_CLAIM
FT_OVER25,N1,2022/23,2_00_2_49,NOT_AH,2_00_2_49,MARKET_LEVEL,LT_100,42,42,23,0.547619,2.1,0.148333,3,-3.0,0,0,SMALL_SAMPLE,SMALL_SAMPLE_NO_EDGE_CLAIM
FT_OVER25,N1,2022/23,LT_1_50,NOT_AH,LT_1_50,MARKET_LEVEL,LT_100,82,82,55,0.670732,1.36439,-0.091829,3,-10.42,0,0,SMALL_SAMPLE,SMALL_SAMPLE_NO_EDGE_CLAIM
FT_OVER25,N1,2023/24,1_50_1_74,NOT_AH,1_50_1_74,MARKET_LEVEL,100_299,141,141,87,0.617021,1.620851,-0.004681,4,-12.63,0,0,LOW_CONFIDENCE,LOW_CONFIDENCE_RESEARCH_ONLY
FT_OVER25,N1,2023/24,1_75_1_99,NOT_AH,1_75_1_99,MARKET_LEVEL,LT_100,56,56,32,0.571429,1.8325,0.049286,5,-7.69,0,0,SMALL_SAMPLE,SMALL_SAMPLE_NO_EDGE_CLAIM
FT_OVER25,N1,2023/24,2_00_2_49,NOT_AH,2_00_2_49,MARKET_LEVEL,LT_100,18,18,8,0.444444,2.068889,-0.084444,4,-4.65,0,0,SMALL_SAMPLE,SMALL_SAMPLE_NO_EDGE_CLAIM
FT_OVER25,N1,2023/24,LT_1_50,NOT_AH,LT_1_50,MARKET_LEVEL,LT_100,91,91,68,0.747253,1.342857,-0.000549,3,-6.65,0,0,SMALL_SAMPLE,SMALL_SAMPLE_NO_EDGE_CLAIM
FT_OVER25,N1,2024/25,1_50_1_74,NOT_AH,1_50_1_74,MARKET_LEVEL,100_299,119,119,57,0.478992,1.626387,-0.220504,6,-26.94,0,0,LOW_CONFIDENCE,LOW_CONFIDENCE_RESEARCH_ONLY
FT_OVER25,N1,2024/25,1_75_1_99,NOT_AH,1_75_1_99,MARKET_LEVEL,LT_100,84,84,50,0.595238,1.859524,0.096786,6,-6.0,0,0,SMALL_SAMPLE,SMALL_SAMPLE_NO_EDGE_CLAIM
FT_OVER25,N1,2024/25,2_00_2_49,NOT_AH,2_00_2_49,MARKET_LEVEL,LT_100,38,38,16,0.421053,2.111053,-0.119211,7,-10.22,0,0,SMALL_SAMPLE,SMALL_SAMPLE_NO_EDGE_CLAIM
FT_OVER25,N1,2024/25,2_50_3_49,NOT_AH,2_50_3_49,MARKET_LEVEL,LT_100,1,1,1,1.0,2.7,1.7,0,0.0,0,0,SMALL_SAMPLE,SMALL_SAMPLE_NO_EDGE_CLAIM
FT_OVER25,N1,2024/25,LT_1_50,NOT_AH,LT_1_50,MARKET_LEVEL,LT_100,64,64,45,0.703125,1.360156,-0.045,4,-6.86,0,0,SMALL_SAMPLE,SMALL_SAMPLE_NO_EDGE_CLAIM
FT_OVER25,P1,2020/21,1_50_1_74,NOT_AH,1_50_1_74,MARKET_LEVEL,LT_100,52,52,29,0.557692,1.630192,-0.095385,4,-10.89,0,0,SMALL_SAMPLE,SMALL_SAMPLE_NO_EDGE_CLAIM
FT_OVER25,P1,2020/21,1_75_1_99,NOT_AH,1_75_1_99,MARKET_LEVEL,LT_100,45,45,26,0.577778,1.852889,0.068667,5,-6.45,0,0,SMALL_SAMPLE,SMALL_SAMPLE_NO_EDGE_CLAIM
FT_OVER25,P1,2020/21,2_00_2_49,NOT_AH,2_00_2_49,MARKET_LEVEL,100_299,158,158,65,0.411392,2.219494,-0.089684,7,-18.08,0,0,LOW_CONFIDENCE,LOW_CONFIDENCE_RESEARCH_ONLY
FT_OVER25,P1,2020/21,2_50_3_49,NOT_AH,2_50_3_49,MARKET_LEVEL,LT_100,40,40,10,0.25,2.648,-0.33575,9,-14.93,0,0,SMALL_SAMPLE,SMALL_SAMPLE_NO_EDGE_CLAIM
FT_OVER25,P1,2020/21,LT_1_50,NOT_AH,LT_1_50,MARKET_LEVEL,LT_100,11,11,5,0.454545,1.412727,-0.353636,4,-4.29,0,0,SMALL_SAMPLE,SMALL_SAMPLE_NO_EDGE_CLAIM
FT_OVER25,P1,2021/22,1_50_1_74,NOT_AH,1_50_1_74,MARKET_LEVEL,LT_100,59,59,32,0.542373,1.632034,-0.113559,5,-9.74,0,0,SMALL_SAMPLE,SMALL_SAMPLE_NO_EDGE_CLAIM
FT_OVER25,P1,2021/22,1_75_1_99,NOT_AH,1_75_1_99,MARKET_LEVEL,LT_100,46,46,25,0.543478,1.863696,0.015217,5,-6.69,0,0,SMALL_SAMPLE,SMALL_SAMPLE_NO_EDGE_CLAIM
FT_OVER25,P1,2021/22,2_00_2_49,NOT_AH,2_00_2_49,MARKET_LEVEL,100_299,160,160,68,0.425,2.165875,-0.08575,8,-17.5,0,0,LOW_CONFIDENCE,LOW_CONFIDENCE_RESEARCH_ONLY
FT_OVER25,P1,2021/22,2_50_3_49,NOT_AH,2_50_3_49,MARKET_LEVEL,LT_100,22,22,10,0.454545,2.580455,0.175909,3,-3.0,0,0,SMALL_SAMPLE,SMALL_SAMPLE_NO_EDGE_CLAIM
FT_OVER25,P1,2021/22,LT_1_50,NOT_AH,LT_1_50,MARKET_LEVEL,LT_100,19,19,15,0.789474,1.414737,0.12,1,-1.06,0,0,SMALL_SAMPLE,SMALL_SAMPLE_NO_EDGE_CLAIM
FT_OVER25,P1,2022/23,1_50_1_74,NOT_AH,1_50_1_74,MARKET_LEVEL,LT_100,65,65,30,0.461538,1.622308,-0.250462,5,-17.46,0,0,SMALL_SAMPLE,SMALL_SAMPLE_NO_EDGE_CLAIM
FT_OVER25,P1,2022/23,1_75_1_99,NOT_AH,1_75_1_99,MARKET_LEVEL,LT_100,48,48,22,0.458333,1.875625,-0.145417,5,-13.34,0,0,SMALL_SAMPLE,SMALL_SAMPLE_NO_EDGE_CLAIM
FT_OVER25,P1,2022/23,2_00_2_49,NOT_AH,2_00_2_49,MARKET_LEVEL,100_299,147,147,65,0.442177,2.190068,-0.024694,6,-11.16,0,0,LOW_CONFIDENCE,LOW_CONFIDENCE_RESEARCH_ONLY
FT_OVER25,P1,2022/23,2_50_3_49,NOT_AH,2_50_3_49,MARKET_LEVEL,LT_100,21,21,8,0.380952,2.580952,-0.009524,4,-4.0,0,0,SMALL_SAMPLE,SMALL_SAMPLE_NO_EDGE_CLAIM
FT_OVER25,P1,2022/23,LT_1_50,NOT_AH,LT_1_50,MARKET_LEVEL,LT_100,25,25,21,0.84,1.3844,0.154,1,-2.04,0,0,SMALL_SAMPLE,SMALL_SAMPLE_NO_EDGE_CLAIM
FT_OVER25,P1,2023/24,1_50_1_74,NOT_AH,1_50_1_74,MARKET_LEVEL,LT_100,73,73,46,0.630137,1.612603,0.014247,6,-7.89,0,0,SMALL_SAMPLE,SMALL_SAMPLE_NO_EDGE_CLAIM
FT_OVER25,P1,2023/24,1_75_1_99,NOT_AH,1_75_1_99,MARKET_LEVEL,LT_100,61,61,45,0.737705,1.875902,0.38459,3,-3.05,0,0,SMALL_SAMPLE,SMALL_SAMPLE_NO_EDGE_CLAIM
FT_OVER25,P1,2023/24,2_00_2_49,NOT_AH,2_00_2_49,MARKET_LEVEL,100_299,123,123,45,0.365854,2.152439,-0.209675,6,-28.79,0,0,LOW_CONFIDENCE,LOW_CONFIDENCE_RESEARCH_ONLY
FT_OVER25,P1,2023/24,2_50_3_49,NOT_AH,2_50_3_49,MARKET_LEVEL,LT_100,7,7,2,0.285714,2.542857,-0.271429,3,-3.4,0,0,SMALL_SAMPLE,SMALL_SAMPLE_NO_EDGE_CLAIM
FT_OVER25,P1,2023/24,LT_1_50,NOT_AH,LT_1_50,MARKET_LEVEL,LT_100,42,42,31,0.738095,1.391429,0.028333,2,-2.35,0,0,SMALL_SAMPLE,SMALL_SAMPLE_NO_EDGE_CLAIM
FT_OVER25,P1,2024/25,1_50_1_74,NOT_AH,1_50_1_74,MARKET_LEVEL,LT_100,38,38,24,0.631579,1.613684,0.018684,4,-6.09,0,0,SMALL_SAMPLE,SMALL_SAMPLE_NO_EDGE_CLAIM
FT_OVER25,P1,2024/25,1_75_1_99,NOT_AH,1_75_1_99,MARKET_LEVEL,LT_100,44,44,24,0.545455,1.876591,0.027273,6,-7.1,0,0,SMALL_SAMPLE,SMALL_SAMPLE_NO_EDGE_CLAIM
FT_OVER25,P1,2024/25,2_00_2_49,NOT_AH,2_00_2_49,MARKET_LEVEL,100_299,147,147,57,0.387755,2.189252,-0.155714,10,-29.97,0,0,LOW_CONFIDENCE,LOW_CONFIDENCE_RESEARCH_ONLY
FT_OVER25,P1,2024/25,2_50_3_49,NOT_AH,2_50_3_49,MARKET_LEVEL,LT_100,42,42,16,0.380952,2.640952,-0.003333,4,-5.4,0,0,SMALL_SAMPLE,SMALL_SAMPLE_NO_EDGE_CLAIM
FT_OVER25,P1,2024/25,LT_1_50,NOT_AH,LT_1_50,MARKET_LEVEL,LT_100,35,35,29,0.828571,1.405714,0.159714,1,-1.7,0,0,SMALL_SAMPLE,SMALL_SAMPLE_NO_EDGE_CLAIM
FT_OVER25,SP1,2020/21,1_50_1_74,NOT_AH,1_50_1_74,MARKET_LEVEL,LT_100,61,61,31,0.508197,1.611803,-0.185574,4,-12.98,0,0,SMALL_SAMPLE,SMALL_SAMPLE_NO_EDGE_CLAIM
FT_OVER25,SP1,2020/21,1_75_1_99,NOT_AH,1_75_1_99,MARKET_LEVEL,LT_100,47,47,20,0.425532,1.883191,-0.195957,7,-11.57,0,0,SMALL_SAMPLE,SMALL_SAMPLE_NO_EDGE_CLAIM
FT_OVER25,SP1,2020/21,2_00_2_49,NOT_AH,2_00_2_49,MARKET_LEVEL,100_299,157,157,64,0.407643,2.183885,-0.105096,7,-25.05,0,0,LOW_CONFIDENCE,LOW_CONFIDENCE_RESEARCH_ONLY
FT_OVER25,SP1,2020/21,2_50_3_49,NOT_AH,2_50_3_49,MARKET_LEVEL,LT_100,92,92,36,0.391304,2.778478,0.060435,7,-11.0,0,0,SMALL_SAMPLE,SMALL_SAMPLE_NO_EDGE_CLAIM
FT_OVER25,SP1,2020/21,3_50_4_99,NOT_AH,3_50_4_99,MARKET_LEVEL,LT_100,2,2,0,0.0,3.5,-1.0,2,-2.0,0,0,SMALL_SAMPLE,SMALL_SAMPLE_NO_EDGE_CLAIM
FT_OVER25,SP1,2020/21,LT_1_50,NOT_AH,LT_1_50,MARKET_LEVEL,LT_100,21,21,16,0.761905,1.35381,0.03619,1,-1.38,0,0,SMALL_SAMPLE,SMALL_SAMPLE_NO_EDGE_CLAIM
FT_OVER25,SP1,2021/22,1_50_1_74,NOT_AH,1_50_1_74,MARKET_LEVEL,LT_100,62,62,37,0.596774,1.629839,-0.024677,4,-5.51,0,0,SMALL_SAMPLE,SMALL_SAMPLE_NO_EDGE_CLAIM
FT_OVER25,SP1,2021/22,1_75_1_99,NOT_AH,1_75_1_99,MARKET_LEVEL,LT_100,61,61,31,0.508197,1.884918,-0.043934,4,-6.47,0,0,SMALL_SAMPLE,SMALL_SAMPLE_NO_EDGE_CLAIM
FT_OVER25,SP1,2021/22,2_00_2_49,NOT_AH,2_00_2_49,MARKET_LEVEL,100_299,176,176,69,0.392045,2.175057,-0.150511,11,-28.73,0,0,LOW_CONFIDENCE,LOW_CONFIDENCE_RESEARCH_ONLY
FT_OVER25,SP1,2021/22,2_50_3_49,NOT_AH,2_50_3_49,MARKET_LEVEL,LT_100,75,75,29,0.386667,2.7168,0.037333,9,-9.0,0,0,SMALL_SAMPLE,SMALL_SAMPLE_NO_EDGE_CLAIM
FT_OVER25,SP1,2021/22,LT_1_50,NOT_AH,LT_1_50,MARKET_LEVEL,LT_100,6,6,3,0.5,1.39,-0.303333,1,-2.26,0,0,SMALL_SAMPLE,SMALL_SAMPLE_NO_EDGE_CLAIM
FT_OVER25,SP1,2022/23,1_50_1_74,NOT_AH,1_50_1_74,MARKET_LEVEL,LT_100,70,70,44,0.628571,1.630857,0.032143,3,-7.46,0,0,SMALL_SAMPLE,SMALL_SAMPLE_NO_EDGE_CLAIM
FT_OVER25,SP1,2022/23,1_75_1_99,NOT_AH,1_75_1_99,MARKET_LEVEL,LT_100,45,45,26,0.577778,1.914222,0.106,3,-4.14,0,0,SMALL_SAMPLE,SMALL_SAMPLE_NO_EDGE_CLAIM
FT_OVER25,SP1,2022/23,2_00_2_49,NOT_AH,2_00_2_49,MARKET_LEVEL,100_299,168,168,75,0.446429,2.169167,-0.035476,8,-16.99,0,0,LOW_CONFIDENCE,LOW_CONFIDENCE_RESEARCH_ONLY
FT_OVER25,SP1,2022/23,2_50_3_49,NOT_AH,2_50_3_49,MARKET_LEVEL,LT_100,81,81,27,0.333333,2.737531,-0.090123,10,-17.73,0,0,SMALL_SAMPLE,SMALL_SAMPLE_NO_EDGE_CLAIM
FT_OVER25,SP1,2022/23,3_50_4_99,NOT_AH,3_50_4_99,MARKET_LEVEL,LT_100,6,6,2,0.333333,3.666667,0.25,4,-4.0,0,0,SMALL_SAMPLE,SMALL_SAMPLE_NO_EDGE_CLAIM
FT_OVER25,SP1,2022/23,LT_1_50,NOT_AH,LT_1_50,MARKET_LEVEL,LT_100,10,10,7,0.7,1.344,-0.062,2,-2.01,0,0,SMALL_SAMPLE,SMALL_SAMPLE_NO_EDGE_CLAIM
FT_OVER25,SP1,2023/24,1_50_1_74,NOT_AH,1_50_1_74,MARKET_LEVEL,LT_100,70,70,44,0.628571,1.637857,0.027429,7,-9.4,0,0,SMALL_SAMPLE,SMALL_SAMPLE_NO_EDGE_CLAIM
FT_OVER25,SP1,2023/24,1_75_1_99,NOT_AH,1_75_1_99,MARKET_LEVEL,LT_100,61,61,29,0.47541,1.881475,-0.109672,4,-12.03,0,0,SMALL_SAMPLE,SMALL_SAMPLE_NO_EDGE_CLAIM
FT_OVER25,SP1,2023/24,2_00_2_49,NOT_AH,2_00_2_49,MARKET_LEVEL,100_299,139,139,58,0.417266,2.180935,-0.103237,7,-26.51,0,0,LOW_CONFIDENCE,LOW_CONFIDENCE_RESEARCH_ONLY
FT_OVER25,SP1,2023/24,2_50_3_49,NOT_AH,2_50_3_49,MARKET_LEVEL,LT_100,77,77,21,0.272727,2.705584,-0.258571,14,-24.06,0,0,SMALL_SAMPLE,SMALL_SAMPLE_NO_EDGE_CLAIM
FT_OVER25,SP1,2023/24,3_50_4_99,NOT_AH,3_50_4_99,MARKET_LEVEL,LT_100,3,3,2,0.666667,3.7,1.366667,1,-1.0,0,0,SMALL_SAMPLE,SMALL_SAMPLE_NO_EDGE_CLAIM
FT_OVER25,SP1,2023/24,LT_1_50,NOT_AH,LT_1_50,MARKET_LEVEL,LT_100,30,30,21,0.7,1.391667,-0.029,2,-3.12,0,0,SMALL_SAMPLE,SMALL_SAMPLE_NO_EDGE_CLAIM
FT_OVER25,SP1,2024/25,1_50_1_74,NOT_AH,1_50_1_74,MARKET_LEVEL,LT_100,54,54,35,0.648148,1.613148,0.036111,3,-5.4,0,0,SMALL_SAMPLE,SMALL_SAMPLE_NO_EDGE_CLAIM
FT_OVER25,SP1,2024/25,1_75_1_99,NOT_AH,1_75_1_99,MARKET_LEVEL,LT_100,51,51,26,0.509804,1.888039,-0.042549,4,-10.03,0,0,SMALL_SAMPLE,SMALL_SAMPLE_NO_EDGE_CLAIM
FT_OVER25,SP1,2024/25,2_00_2_49,NOT_AH,2_00_2_49,MARKET_LEVEL,100_299,130,130,60,0.461538,2.173077,0.002615,5,-14.55,0,0,LOW_CONFIDENCE,LOW_CONFIDENCE_RESEARCH_ONLY
FT_OVER25,SP1,2024/25,2_50_3_49,NOT_AH,2_50_3_49,MARKET_LEVEL,LT_100,96,96,35,0.364583,2.789062,0.009271,10,-10.0,0,0,SMALL_SAMPLE,SMALL_SAMPLE_NO_EDGE_CLAIM
FT_OVER25,SP1,2024/25,3_50_4_99,NOT_AH,3_50_4_99,MARKET_LEVEL,LT_100,10,10,1,0.1,3.65,-0.65,7,-7.0,0,0,SMALL_SAMPLE,SMALL_SAMPLE_NO_EDGE_CLAIM
FT_OVER25,SP1,2024/25,LT_1_50,NOT_AH,LT_1_50,MARKET_LEVEL,LT_100,39,39,28,0.717949,1.362051,-0.014872,4,-4.95,0,0,SMALL_SAMPLE,SMALL_SAMPLE_NO_EDGE_CLAIM
FT_OVER25,T1,2020/21,1_50_1_74,NOT_AH,1_50_1_74,MARKET_LEVEL,100_299,138,138,75,0.543478,1.649855,-0.115072,11,-22.44,0,0,LOW_CONFIDENCE,LOW_CONFIDENCE_RESEARCH_ONLY
FT_OVER25,T1,2020/21,1_75_1_99,NOT_AH,1_75_1_99,MARKET_LEVEL,100_299,129,129,65,0.503876,1.852171,-0.068992,6,-14.45,0,0,LOW_CONFIDENCE,LOW_CONFIDENCE_RESEARCH_ONLY
FT_OVER25,T1,2020/21,2_00_2_49,NOT_AH,2_00_2_49,MARKET_LEVEL,100_299,136,136,59,0.433824,2.112794,-0.085221,9,-25.35,0,0,LOW_CONFIDENCE,LOW_CONFIDENCE_RESEARCH_ONLY
FT_OVER25,T1,2020/21,2_50_3_49,NOT_AH,2_50_3_49,MARKET_LEVEL,LT_100,2,2,1,0.5,2.55,0.25,1,-1.0,0,0,SMALL_SAMPLE,SMALL_SAMPLE_NO_EDGE_CLAIM
FT_OVER25,T1,2020/21,LT_1_50,NOT_AH,LT_1_50,MARKET_LEVEL,LT_100,15,15,10,0.666667,1.414667,-0.064667,2,-2.28,0,0,SMALL_SAMPLE,SMALL_SAMPLE_NO_EDGE_CLAIM
FT_OVER25,T1,2021/22,1_50_1_74,NOT_AH,1_50_1_74,MARKET_LEVEL,100_299,126,126,73,0.579365,1.646825,-0.048016,4,-11.59,0,0,LOW_CONFIDENCE,LOW_CONFIDENCE_RESEARCH_ONLY
FT_OVER25,T1,2021/22,1_75_1_99,NOT_AH,1_75_1_99,MARKET_LEVEL,100_299,138,138,74,0.536232,1.873986,0.004058,6,-17.36,0,0,LOW_CONFIDENCE,LOW_CONFIDENCE_RESEARCH_ONLY
FT_OVER25,T1,2021/22,2_00_2_49,NOT_AH,2_00_2_49,MARKET_LEVEL,100_299,101,101,50,0.49505,2.120297,0.050792,5,-10.13,0,0,LOW_CONFIDENCE,LOW_CONFIDENCE_RESEARCH_ONLY
FT_OVER25,T1,2021/22,2_50_3_49,NOT_AH,2_50_3_49,MARKET_LEVEL,LT_100,4,4,1,0.25,2.575,-0.375,2,-2.0,0,0,SMALL_SAMPLE,SMALL_SAMPLE_NO_EDGE_CLAIM
FT_OVER25,T1,2021/22,LT_1_50,NOT_AH,LT_1_50,MARKET_LEVEL,LT_100,11,11,7,0.636364,1.400909,-0.118182,1,-2.1,0,0,SMALL_SAMPLE,SMALL_SAMPLE_NO_EDGE_CLAIM
FT_OVER25,T1,2022/23,1_50_1_74,NOT_AH,1_50_1_74,MARKET_LEVEL,100_299,131,131,77,0.587786,1.61916,-0.048779,5,-10.33,0,0,LOW_CONFIDENCE,LOW_CONFIDENCE_RESEARCH_ONLY
FT_OVER25,T1,2022/23,1_75_1_99,NOT_AH,1_75_1_99,MARKET_LEVEL,LT_100,90,90,50,0.555556,1.871889,0.040222,9,-10.73,0,0,SMALL_SAMPLE,SMALL_SAMPLE_NO_EDGE_CLAIM
FT_OVER25,T1,2022/23,2_00_2_49,NOT_AH,2_00_2_49,MARKET_LEVEL,LT_100,41,41,19,0.463415,2.108293,-0.038537,5,-5.88,0,0,SMALL_SAMPLE,SMALL_SAMPLE_NO_EDGE_CLAIM
FT_OVER25,T1,2022/23,LT_1_50,NOT_AH,LT_1_50,MARKET_LEVEL,LT_100,51,51,37,0.72549,1.390588,0.010196,4,-5.54,0,0,SMALL_SAMPLE,SMALL_SAMPLE_NO_EDGE_CLAIM
FT_OVER25,T1,2022/23,PRICE_MISSING,NOT_AH,PRICE_MISSING,MARKET_LEVEL,LT_100,29,29,29,1.0,,,0,0.0,29,0,SMALL_SAMPLE,SMALL_SAMPLE_NO_EDGE_CLAIM
FT_OVER25,T1,2023/24,1_50_1_74,NOT_AH,1_50_1_74,MARKET_LEVEL,100_299,120,120,65,0.541667,1.630167,-0.121833,7,-22.64,0,0,LOW_CONFIDENCE,LOW_CONFIDENCE_RESEARCH_ONLY
FT_OVER25,T1,2023/24,1_75_1_99,NOT_AH,1_75_1_99,MARKET_LEVEL,100_299,106,106,51,0.481132,1.875755,-0.097547,8,-14.95,0,0,LOW_CONFIDENCE,LOW_CONFIDENCE_RESEARCH_ONLY
FT_OVER25,T1,2023/24,2_00_2_49,NOT_AH,2_00_2_49,MARKET_LEVEL,LT_100,98,98,38,0.387755,2.095204,-0.188776,7,-25.9,0,0,SMALL_SAMPLE,SMALL_SAMPLE_NO_EDGE_CLAIM
FT_OVER25,T1,2023/24,LT_1_50,NOT_AH,LT_1_50,MARKET_LEVEL,LT_100,56,56,41,0.732143,1.384464,0.00875,3,-3.87,0,0,SMALL_SAMPLE,SMALL_SAMPLE_NO_EDGE_CLAIM
FT_OVER25,T1,2024/25,1_50_1_74,NOT_AH,1_50_1_74,MARKET_LEVEL,LT_100,99,99,54,0.545455,1.619899,-0.123939,5,-17.53,0,0,SMALL_SAMPLE,SMALL_SAMPLE_NO_EDGE_CLAIM
FT_OVER25,T1,2024/25,1_75_1_99,NOT_AH,1_75_1_99,MARKET_LEVEL,LT_100,93,93,45,0.483871,1.875806,-0.092903,8,-11.01,0,0,SMALL_SAMPLE,SMALL_SAMPLE_NO_EDGE_CLAIM
FT_OVER25,T1,2024/25,2_00_2_49,NOT_AH,2_00_2_49,MARKET_LEVEL,LT_100,76,76,34,0.447368,2.103684,-0.059079,5,-9.32,0,0,SMALL_SAMPLE,SMALL_SAMPLE_NO_EDGE_CLAIM
FT_OVER25,T1,2024/25,2_50_3_49,NOT_AH,2_50_3_49,MARKET_LEVEL,LT_100,6,6,2,0.333333,2.55,-0.15,3,-3.0,0,0,SMALL_SAMPLE,SMALL_SAMPLE_NO_EDGE_CLAIM
FT_OVER25,T1,2024/25,LT_1_50,NOT_AH,LT_1_50,MARKET_LEVEL,LT_100,68,68,54,0.794118,1.361176,0.077794,3,-3.86,0,0,SMALL_SAMPLE,SMALL_SAMPLE_NO_EDGE_CLAIM
